

Microchip MPLAB XC8 Assembler V3.10 build 20250813170317 
                                                                                               Wed Mar 11 16:20:30 2026

Microchip MPLAB XC8 C Compiler v3.10 (Free license) build 20250813170317 Og1 
     1                           	processor	18F4580
     2                           	fnconf	rparam,??,?,0
     3                           	pagewidth 120
     4                           	opt	flic
     5                           	psect	idataCOMRAM,global,class=CODE,space=0,delta=1,noexec
     6                           	psect	nvCOMRAM,global,class=COMRAM,space=1,delta=1,lowdata,noexec
     7                           	psect	cinit,global,reloc=2,class=CODE,space=0,delta=1
     8                           	psect	bssCOMRAM,global,class=COMRAM,space=1,delta=1,lowdata,noexec
     9                           	psect	dataCOMRAM,global,class=COMRAM,space=1,delta=1,lowdata,noexec
    10                           	psect	cstackCOMRAM,global,class=COMRAM,space=1,delta=1,lowdata,noexec
    11                           	psect	text0,global,reloc=2,class=CODE,space=0,delta=1
    12                           	psect	text1,global,reloc=2,class=CODE,space=0,delta=1
    13                           	psect	text2,global,reloc=2,class=CODE,space=0,delta=1
    14                           	psect	text3,global,reloc=2,class=CODE,space=0,delta=1,group=1
    15                           	psect	text4,global,reloc=2,class=CODE,space=0,delta=1,group=1
    16                           	psect	smallconst,global,reloc=2,class=SMALLCONST,space=0,delta=1,noexec
    17                           	psect	intsave_regs,global,class=BIGRAM,space=1,delta=1,noexec
    18                           	psect	rparam,global,class=COMRAM,space=1,delta=1,noexec
    19                           	psect	idloc,global,abs,ovrld,class=IDLOC,space=5,delta=1,noexec
    20                           	psect	config,global,abs,ovrld,class=CONFIG,space=4,delta=1,noexec
    21   000000                     
    22                           ; Version 2.40
    23                           ; Generated 17/11/2021 GMT
    24                           ; 
    25                           ; Copyright © 2021, Microchip Technology Inc. and its subsidiaries ("Microchip")
    26                           ; All rights reserved.
    27                           ; 
    28                           ; This software is developed by Microchip Technology Inc. and its subsidiaries ("Microch
      +                          ip").
    29                           ; 
    30                           ; Redistribution and use in source and binary forms, with or without modification, are
    31                           ; permitted provided that the following conditions are met:
    32                           ; 
    33                           ;     1. Redistributions of source code must retain the above copyright notice, this lis
      +                          t of
    34                           ;        conditions and the following disclaimer.
    35                           ; 
    36                           ;     2. Redistributions in binary form must reproduce the above copyright notice, this 
      +                          list
    37                           ;        of conditions and the following disclaimer in the documentation and/or other
    38                           ;        materials provided with the distribution. Publication is not required when
    39                           ;        this file is used in an embedded application.
    40                           ; 
    41                           ;     3. Microchip's name may not be used to endorse or promote products derived from th
      +                          is
    42                           ;        software without specific prior written permission.
    43                           ; 
    44                           ; THIS SOFTWARE IS PROVIDED BY MICROCHIP "AS IS" AND ANY EXPRESS OR IMPLIED WARRANTIES,
    45                           ; INCLUDING, BUT NOT LIMITED TO, THE IMPLIED WARRANTIES OF MERCHANTABILITY AND FITNESS F
      +                          OR
    46                           ; PURPOSE ARE DISCLAIMED.  IN NO EVENT SHALL MICROCHIP BE LIABLE FOR ANY DIRECT, INDIREC
      +                          T,
    47                           ; INCIDENTAL, SPECIAL, EXEMPLARY, OR CONSEQUENTIAL DAMAGES (INCLUDING BUT NOT LIMITED TO
    48                           ; PROCUREMENT OF SUBSTITUTE GOODS OR SERVICES; LOSS OF USE, DATA OR PROFITS; OR BUSINESS
    49                           ; INTERRUPTION) HOWSOEVER CAUSED AND ON ANY THEORY OF LIABILITY, WHETHER IN CONTRACT, ST
      +                          RICT
    50                           ; LIABILITY, OR TORT (INCLUDING NEGLIGENCE OR OTHERWISE) ARISING IN ANY WAY OUT OF THE U
      +                          SE OF
    51                           ; THIS SOFTWARE, EVEN IF ADVISED OF THE POSSIBILITY OF SUCH DAMAGE.
    52                           ; 
    53                           ; 
    54                           ; Code-generator required, PIC18F4580 Definitions
    55                           ; 
    56                           ; SFR Addresses
    57   000FE0                     bsr             equ	4064
    58   000FE9                     fsr0            equ	4073
    59   000FEA                     fsr0h           equ	4074
    60   000FE9                     fsr0l           equ	4073
    61   000FE1                     fsr1            equ	4065
    62   000FE2                     fsr1h           equ	4066
    63   000FE1                     fsr1l           equ	4065
    64   000FD9                     fsr2            equ	4057
    65   000FDA                     fsr2h           equ	4058
    66   000FD9                     fsr2l           equ	4057
    67   000FEF                     indf0           equ	4079
    68   000FE7                     indf1           equ	4071
    69   000FDF                     indf2           equ	4063
    70   000FF2                     intcon          equ	4082
    71   000000                     nvmcon          equ	0
    72   000FF9                     pcl             equ	4089
    73   000FFA                     pclath          equ	4090
    74   000FFB                     pclatu          equ	4091
    75   000FEB                     plusw0          equ	4075
    76   000FE3                     plusw1          equ	4067
    77   000FDB                     plusw2          equ	4059
    78   000FED                     postdec0        equ	4077
    79   000FE5                     postdec1        equ	4069
    80   000FDD                     postdec2        equ	4061
    81   000FEE                     postinc0        equ	4078
    82   000FE6                     postinc1        equ	4070
    83   000FDE                     postinc2        equ	4062
    84   000FEC                     preinc0         equ	4076
    85   000FE4                     preinc1         equ	4068
    86   000FDC                     preinc2         equ	4060
    87   000FF3                     prod            equ	4083
    88   000FF4                     prodh           equ	4084
    89   000FF3                     prodl           equ	4083
    90   000FD8                     status          equ	4056
    91   000FF5                     tablat          equ	4085
    92   000FF6                     tblptr          equ	4086
    93   000FF7                     tblptrh         equ	4087
    94   000FF6                     tblptrl         equ	4086
    95   000FF8                     tblptru         equ	4088
    96   000FFD                     tosl            equ	4093
    97   000FE8                     wreg            equ	4072
    98   000D60                     RXF6SIDH        equ	3424	;# 
    99   000D61                     RXF6SIDL        equ	3425	;# 
   100   000D62                     RXF6EIDH        equ	3426	;# 
   101   000D63                     RXF6EIDL        equ	3427	;# 
   102   000D64                     RXF7SIDH        equ	3428	;# 
   103   000D65                     RXF7SIDL        equ	3429	;# 
   104   000D66                     RXF7EIDH        equ	3430	;# 
   105   000D67                     RXF7EIDL        equ	3431	;# 
   106   000D68                     RXF8SIDH        equ	3432	;# 
   107   000D69                     RXF8SIDL        equ	3433	;# 
   108   000D6A                     RXF8EIDH        equ	3434	;# 
   109   000D6B                     RXF8EIDL        equ	3435	;# 
   110   000D70                     RXF9SIDH        equ	3440	;# 
   111   000D71                     RXF9SIDL        equ	3441	;# 
   112   000D72                     RXF9EIDH        equ	3442	;# 
   113   000D73                     RXF9EIDL        equ	3443	;# 
   114   000D74                     RXF10SIDH       equ	3444	;# 
   115   000D75                     RXF10SIDL       equ	3445	;# 
   116   000D76                     RXF10EIDH       equ	3446	;# 
   117   000D77                     RXF10EIDL       equ	3447	;# 
   118   000D78                     RXF11SIDH       equ	3448	;# 
   119   000D79                     RXF11SIDL       equ	3449	;# 
   120   000D7A                     RXF11EIDH       equ	3450	;# 
   121   000D7B                     RXF11EIDL       equ	3451	;# 
   122   000D80                     RXF12SIDH       equ	3456	;# 
   123   000D81                     RXF12SIDL       equ	3457	;# 
   124   000D82                     RXF12EIDH       equ	3458	;# 
   125   000D83                     RXF12EIDL       equ	3459	;# 
   126   000D84                     RXF13SIDH       equ	3460	;# 
   127   000D85                     RXF13SIDL       equ	3461	;# 
   128   000D86                     RXF13EIDH       equ	3462	;# 
   129   000D87                     RXF13EIDL       equ	3463	;# 
   130   000D88                     RXF14SIDH       equ	3464	;# 
   131   000D89                     RXF14SIDL       equ	3465	;# 
   132   000D8A                     RXF14EIDH       equ	3466	;# 
   133   000D8B                     RXF14EIDL       equ	3467	;# 
   134   000D90                     RXF15SIDH       equ	3472	;# 
   135   000D91                     RXF15SIDL       equ	3473	;# 
   136   000D92                     RXF15EIDH       equ	3474	;# 
   137   000D93                     RXF15EIDL       equ	3475	;# 
   138   000DD4                     RXFCON0         equ	3540	;# 
   139   000DD5                     RXFCON1         equ	3541	;# 
   140   000DD8                     SDFLC           equ	3544	;# 
   141   000DE0                     RXFBCON0        equ	3552	;# 
   142   000DE1                     RXFBCON1        equ	3553	;# 
   143   000DE2                     RXFBCON2        equ	3554	;# 
   144   000DE3                     RXFBCON3        equ	3555	;# 
   145   000DE4                     RXFBCON4        equ	3556	;# 
   146   000DE5                     RXFBCON5        equ	3557	;# 
   147   000DE6                     RXFBCON6        equ	3558	;# 
   148   000DE7                     RXFBCON7        equ	3559	;# 
   149   000DF0                     MSEL0           equ	3568	;# 
   150   000DF1                     MSEL1           equ	3569	;# 
   151   000DF2                     MSEL2           equ	3570	;# 
   152   000DF3                     MSEL3           equ	3571	;# 
   153   000DF8                     BSEL0           equ	3576	;# 
   154   000DFA                     BIE0            equ	3578	;# 
   155   000DFC                     TXBIE           equ	3580	;# 
   156   000E20                     B0CON           equ	3616	;# 
   157   000E21                     B0SIDH          equ	3617	;# 
   158   000E22                     B0SIDL          equ	3618	;# 
   159   000E23                     B0EIDH          equ	3619	;# 
   160   000E24                     B0EIDL          equ	3620	;# 
   161   000E25                     B0DLC           equ	3621	;# 
   162   000E26                     B0D0            equ	3622	;# 
   163   000E27                     B0D1            equ	3623	;# 
   164   000E28                     B0D2            equ	3624	;# 
   165   000E29                     B0D3            equ	3625	;# 
   166   000E2A                     B0D4            equ	3626	;# 
   167   000E2B                     B0D5            equ	3627	;# 
   168   000E2C                     B0D6            equ	3628	;# 
   169   000E2D                     B0D7            equ	3629	;# 
   170   000E2E                     CANSTAT_RO9     equ	3630	;# 
   171   000E2F                     CANCON_RO9      equ	3631	;# 
   172   000E30                     B1CON           equ	3632	;# 
   173   000E31                     B1SIDH          equ	3633	;# 
   174   000E32                     B1SIDL          equ	3634	;# 
   175   000E33                     B1EIDH          equ	3635	;# 
   176   000E34                     B1EIDL          equ	3636	;# 
   177   000E35                     B1DLC           equ	3637	;# 
   178   000E36                     B1D0            equ	3638	;# 
   179   000E37                     B1D1            equ	3639	;# 
   180   000E38                     B1D2            equ	3640	;# 
   181   000E39                     B1D3            equ	3641	;# 
   182   000E3A                     B1D4            equ	3642	;# 
   183   000E3B                     B1D5            equ	3643	;# 
   184   000E3C                     B1D6            equ	3644	;# 
   185   000E3D                     B1D7            equ	3645	;# 
   186   000E3E                     CANSTAT_RO8     equ	3646	;# 
   187   000E3F                     CANCON_RO8      equ	3647	;# 
   188   000E40                     B2CON           equ	3648	;# 
   189   000E41                     B2SIDH          equ	3649	;# 
   190   000E42                     B2SIDL          equ	3650	;# 
   191   000E43                     B2EIDH          equ	3651	;# 
   192   000E44                     B2EIDL          equ	3652	;# 
   193   000E45                     B2DLC           equ	3653	;# 
   194   000E46                     B2D0            equ	3654	;# 
   195   000E47                     B2D1            equ	3655	;# 
   196   000E48                     B2D2            equ	3656	;# 
   197   000E49                     B2D3            equ	3657	;# 
   198   000E4A                     B2D4            equ	3658	;# 
   199   000E4B                     B2D5            equ	3659	;# 
   200   000E4C                     B2D6            equ	3660	;# 
   201   000E4D                     B2D7            equ	3661	;# 
   202   000E4E                     CANSTAT_RO7     equ	3662	;# 
   203   000E4F                     CANCON_RO7      equ	3663	;# 
   204   000E50                     B3CON           equ	3664	;# 
   205   000E51                     B3SIDH          equ	3665	;# 
   206   000E52                     B3SIDL          equ	3666	;# 
   207   000E53                     B3EIDH          equ	3667	;# 
   208   000E54                     B3EIDL          equ	3668	;# 
   209   000E55                     B3DLC           equ	3669	;# 
   210   000E56                     B3D0            equ	3670	;# 
   211   000E57                     B3D1            equ	3671	;# 
   212   000E58                     B3D2            equ	3672	;# 
   213   000E59                     B3D3            equ	3673	;# 
   214   000E5A                     B3D4            equ	3674	;# 
   215   000E5B                     B3D5            equ	3675	;# 
   216   000E5C                     B3D6            equ	3676	;# 
   217   000E5D                     B3D7            equ	3677	;# 
   218   000E5E                     CANSTAT_RO6     equ	3678	;# 
   219   000E5F                     CANCON_RO6      equ	3679	;# 
   220   000E60                     B4CON           equ	3680	;# 
   221   000E61                     B4SIDH          equ	3681	;# 
   222   000E62                     B4SIDL          equ	3682	;# 
   223   000E63                     B4EIDH          equ	3683	;# 
   224   000E64                     B4EIDL          equ	3684	;# 
   225   000E65                     B4DLC           equ	3685	;# 
   226   000E66                     B4D0            equ	3686	;# 
   227   000E67                     B4D1            equ	3687	;# 
   228   000E68                     B4D2            equ	3688	;# 
   229   000E69                     B4D3            equ	3689	;# 
   230   000E6A                     B4D4            equ	3690	;# 
   231   000E6B                     B4D5            equ	3691	;# 
   232   000E6C                     B4D6            equ	3692	;# 
   233   000E6D                     B4D7            equ	3693	;# 
   234   000E6E                     CANSTAT_RO5     equ	3694	;# 
   235   000E6F                     CANCON_RO5      equ	3695	;# 
   236   000E70                     B5CON           equ	3696	;# 
   237   000E71                     B5SIDH          equ	3697	;# 
   238   000E72                     B5SIDL          equ	3698	;# 
   239   000E73                     B5EIDH          equ	3699	;# 
   240   000E74                     B5EIDL          equ	3700	;# 
   241   000E75                     B5DLC           equ	3701	;# 
   242   000E76                     B5D0            equ	3702	;# 
   243   000E77                     B5D1            equ	3703	;# 
   244   000E78                     B5D2            equ	3704	;# 
   245   000E79                     B5D3            equ	3705	;# 
   246   000E7A                     B5D4            equ	3706	;# 
   247   000E7B                     B5D5            equ	3707	;# 
   248   000E7C                     B5D6            equ	3708	;# 
   249   000E7D                     B5D7            equ	3709	;# 
   250   000E7E                     CANSTAT_RO4     equ	3710	;# 
   251   000E7F                     CANCON_RO4      equ	3711	;# 
   252   000F00                     RXF0SIDH        equ	3840	;# 
   253   000F01                     RXF0SIDL        equ	3841	;# 
   254   000F02                     RXF0EIDH        equ	3842	;# 
   255   000F03                     RXF0EIDL        equ	3843	;# 
   256   000F04                     RXF1SIDH        equ	3844	;# 
   257   000F05                     RXF1SIDL        equ	3845	;# 
   258   000F06                     RXF1EIDH        equ	3846	;# 
   259   000F07                     RXF1EIDL        equ	3847	;# 
   260   000F08                     RXF2SIDH        equ	3848	;# 
   261   000F09                     RXF2SIDL        equ	3849	;# 
   262   000F0A                     RXF2EIDH        equ	3850	;# 
   263   000F0B                     RXF2EIDL        equ	3851	;# 
   264   000F0C                     RXF3SIDH        equ	3852	;# 
   265   000F0D                     RXF3SIDL        equ	3853	;# 
   266   000F0E                     RXF3EIDH        equ	3854	;# 
   267   000F0F                     RXF3EIDL        equ	3855	;# 
   268   000F10                     RXF4SIDH        equ	3856	;# 
   269   000F11                     RXF4SIDL        equ	3857	;# 
   270   000F12                     RXF4EIDH        equ	3858	;# 
   271   000F13                     RXF4EIDL        equ	3859	;# 
   272   000F14                     RXF5SIDH        equ	3860	;# 
   273   000F15                     RXF5SIDL        equ	3861	;# 
   274   000F16                     RXF5EIDH        equ	3862	;# 
   275   000F17                     RXF5EIDL        equ	3863	;# 
   276   000F18                     RXM0SIDH        equ	3864	;# 
   277   000F19                     RXM0SIDL        equ	3865	;# 
   278   000F1A                     RXM0EIDH        equ	3866	;# 
   279   000F1B                     RXM0EIDL        equ	3867	;# 
   280   000F1C                     RXM1SIDH        equ	3868	;# 
   281   000F1D                     RXM1SIDL        equ	3869	;# 
   282   000F1E                     RXM1EIDH        equ	3870	;# 
   283   000F1F                     RXM1EIDL        equ	3871	;# 
   284   000F20                     TXB2CON         equ	3872	;# 
   285   000F21                     TXB2SIDH        equ	3873	;# 
   286   000F22                     TXB2SIDL        equ	3874	;# 
   287   000F23                     TXB2EIDH        equ	3875	;# 
   288   000F24                     TXB2EIDL        equ	3876	;# 
   289   000F25                     TXB2DLC         equ	3877	;# 
   290   000F26                     TXB2D0          equ	3878	;# 
   291   000F27                     TXB2D1          equ	3879	;# 
   292   000F28                     TXB2D2          equ	3880	;# 
   293   000F29                     TXB2D3          equ	3881	;# 
   294   000F2A                     TXB2D4          equ	3882	;# 
   295   000F2B                     TXB2D5          equ	3883	;# 
   296   000F2C                     TXB2D6          equ	3884	;# 
   297   000F2D                     TXB2D7          equ	3885	;# 
   298   000F2E                     CANSTAT_RO3     equ	3886	;# 
   299   000F2F                     CANCON_RO3      equ	3887	;# 
   300   000F30                     TXB1CON         equ	3888	;# 
   301   000F31                     TXB1SIDH        equ	3889	;# 
   302   000F32                     TXB1SIDL        equ	3890	;# 
   303   000F33                     TXB1EIDH        equ	3891	;# 
   304   000F34                     TXB1EIDL        equ	3892	;# 
   305   000F35                     TXB1DLC         equ	3893	;# 
   306   000F36                     TXB1D0          equ	3894	;# 
   307   000F37                     TXB1D1          equ	3895	;# 
   308   000F38                     TXB1D2          equ	3896	;# 
   309   000F39                     TXB1D3          equ	3897	;# 
   310   000F3A                     TXB1D4          equ	3898	;# 
   311   000F3B                     TXB1D5          equ	3899	;# 
   312   000F3C                     TXB1D6          equ	3900	;# 
   313   000F3D                     TXB1D7          equ	3901	;# 
   314   000F3E                     CANSTAT_RO2     equ	3902	;# 
   315   000F3F                     CANCON_RO2      equ	3903	;# 
   316   000F40                     TXB0CON         equ	3904	;# 
   317   000F41                     TXB0SIDH        equ	3905	;# 
   318   000F42                     TXB0SIDL        equ	3906	;# 
   319   000F43                     TXB0EIDH        equ	3907	;# 
   320   000F44                     TXB0EIDL        equ	3908	;# 
   321   000F45                     TXB0DLC         equ	3909	;# 
   322   000F46                     TXB0D0          equ	3910	;# 
   323   000F47                     TXB0D1          equ	3911	;# 
   324   000F48                     TXB0D2          equ	3912	;# 
   325   000F49                     TXB0D3          equ	3913	;# 
   326   000F4A                     TXB0D4          equ	3914	;# 
   327   000F4B                     TXB0D5          equ	3915	;# 
   328   000F4C                     TXB0D6          equ	3916	;# 
   329   000F4D                     TXB0D7          equ	3917	;# 
   330   000F4E                     CANSTAT_RO1     equ	3918	;# 
   331   000F4F                     CANCON_RO1      equ	3919	;# 
   332   000F50                     RXB1CON         equ	3920	;# 
   333   000F51                     RXB1SIDH        equ	3921	;# 
   334   000F52                     RXB1SIDL        equ	3922	;# 
   335   000F53                     RXB1EIDH        equ	3923	;# 
   336   000F54                     RXB1EIDL        equ	3924	;# 
   337   000F55                     RXB1DLC         equ	3925	;# 
   338   000F56                     RXB1D0          equ	3926	;# 
   339   000F57                     RXB1D1          equ	3927	;# 
   340   000F58                     RXB1D2          equ	3928	;# 
   341   000F59                     RXB1D3          equ	3929	;# 
   342   000F5A                     RXB1D4          equ	3930	;# 
   343   000F5B                     RXB1D5          equ	3931	;# 
   344   000F5C                     RXB1D6          equ	3932	;# 
   345   000F5D                     RXB1D7          equ	3933	;# 
   346   000F5E                     CANSTAT_RO0     equ	3934	;# 
   347   000F5F                     CANCON_RO0      equ	3935	;# 
   348   000F60                     RXB0CON         equ	3936	;# 
   349   000F61                     RXB0SIDH        equ	3937	;# 
   350   000F62                     RXB0SIDL        equ	3938	;# 
   351   000F63                     RXB0EIDH        equ	3939	;# 
   352   000F64                     RXB0EIDL        equ	3940	;# 
   353   000F65                     RXB0DLC         equ	3941	;# 
   354   000F66                     RXB0D0          equ	3942	;# 
   355   000F67                     RXB0D1          equ	3943	;# 
   356   000F68                     RXB0D2          equ	3944	;# 
   357   000F69                     RXB0D3          equ	3945	;# 
   358   000F6A                     RXB0D4          equ	3946	;# 
   359   000F6B                     RXB0D5          equ	3947	;# 
   360   000F6C                     RXB0D6          equ	3948	;# 
   361   000F6D                     RXB0D7          equ	3949	;# 
   362   000F6E                     CANSTAT         equ	3950	;# 
   363   000F6F                     CANCON          equ	3951	;# 
   364   000F70                     BRGCON1         equ	3952	;# 
   365   000F71                     BRGCON2         equ	3953	;# 
   366   000F72                     BRGCON3         equ	3954	;# 
   367   000F73                     CIOCON          equ	3955	;# 
   368   000F74                     COMSTAT         equ	3956	;# 
   369   000F75                     RXERRCNT        equ	3957	;# 
   370   000F76                     TXERRCNT        equ	3958	;# 
   371   000F77                     ECANCON         equ	3959	;# 
   372   000F80                     PORTA           equ	3968	;# 
   373   000F81                     PORTB           equ	3969	;# 
   374   000F82                     PORTC           equ	3970	;# 
   375   000F83                     PORTD           equ	3971	;# 
   376   000F84                     PORTE           equ	3972	;# 
   377   000F89                     LATA            equ	3977	;# 
   378   000F8A                     LATB            equ	3978	;# 
   379   000F8B                     LATC            equ	3979	;# 
   380   000F8C                     LATD            equ	3980	;# 
   381   000F8D                     LATE            equ	3981	;# 
   382   000F92                     TRISA           equ	3986	;# 
   383   000F92                     DDRA            equ	3986	;# 
   384   000F93                     TRISB           equ	3987	;# 
   385   000F93                     DDRB            equ	3987	;# 
   386   000F94                     TRISC           equ	3988	;# 
   387   000F94                     DDRC            equ	3988	;# 
   388   000F95                     TRISD           equ	3989	;# 
   389   000F95                     DDRD            equ	3989	;# 
   390   000F96                     TRISE           equ	3990	;# 
   391   000F96                     DDRE            equ	3990	;# 
   392   000F9B                     OSCTUNE         equ	3995	;# 
   393   000F9D                     PIE1            equ	3997	;# 
   394   000F9E                     PIR1            equ	3998	;# 
   395   000F9F                     IPR1            equ	3999	;# 
   396   000FA0                     PIE2            equ	4000	;# 
   397   000FA1                     PIR2            equ	4001	;# 
   398   000FA2                     IPR2            equ	4002	;# 
   399   000FA3                     PIE3            equ	4003	;# 
   400   000FA4                     PIR3            equ	4004	;# 
   401   000FA5                     IPR3            equ	4005	;# 
   402   000FA6                     EECON1          equ	4006	;# 
   403   000FA7                     EECON2          equ	4007	;# 
   404   000FA8                     EEDATA          equ	4008	;# 
   405   000FA9                     EEADR           equ	4009	;# 
   406   000FAB                     RCSTA           equ	4011	;# 
   407   000FAB                     RCSTA1          equ	4011	;# 
   408   000FAC                     TXSTA           equ	4012	;# 
   409   000FAC                     TXSTA1          equ	4012	;# 
   410   000FAD                     TXREG           equ	4013	;# 
   411   000FAD                     TXREG1          equ	4013	;# 
   412   000FAE                     RCREG           equ	4014	;# 
   413   000FAE                     RCREG1          equ	4014	;# 
   414   000FAF                     SPBRG           equ	4015	;# 
   415   000FAF                     SPBRG1          equ	4015	;# 
   416   000FB0                     SPBRGH          equ	4016	;# 
   417   000FB1                     T3CON           equ	4017	;# 
   418   000FB2                     TMR3            equ	4018	;# 
   419   000FB2                     TMR3L           equ	4018	;# 
   420   000FB3                     TMR3H           equ	4019	;# 
   421   000FB4                     CMCON           equ	4020	;# 
   422   000FB5                     CVRCON          equ	4021	;# 
   423   000FB6                     ECCP1AS         equ	4022	;# 
   424   000FB7                     ECCP1DEL        equ	4023	;# 
   425   000FB8                     BAUDCON         equ	4024	;# 
   426   000FB8                     BAUDCTL         equ	4024	;# 
   427   000FBA                     ECCP1CON        equ	4026	;# 
   428   000FBB                     ECCPR1          equ	4027	;# 
   429   000FBB                     ECCPR1L         equ	4027	;# 
   430   000FBC                     ECCPR1H         equ	4028	;# 
   431   000FBD                     CCP1CON         equ	4029	;# 
   432   000FBE                     CCPR1           equ	4030	;# 
   433   000FBE                     CCPR1L          equ	4030	;# 
   434   000FBF                     CCPR1H          equ	4031	;# 
   435   000FC0                     ADCON2          equ	4032	;# 
   436   000FC1                     ADCON1          equ	4033	;# 
   437   000FC2                     ADCON0          equ	4034	;# 
   438   000FC3                     ADRES           equ	4035	;# 
   439   000FC3                     ADRESL          equ	4035	;# 
   440   000FC4                     ADRESH          equ	4036	;# 
   441   000FC5                     SSPCON2         equ	4037	;# 
   442   000FC6                     SSPCON1         equ	4038	;# 
   443   000FC7                     SSPSTAT         equ	4039	;# 
   444   000FC8                     SSPADD          equ	4040	;# 
   445   000FC9                     SSPBUF          equ	4041	;# 
   446   000FCA                     T2CON           equ	4042	;# 
   447   000FCB                     PR2             equ	4043	;# 
   448   000FCB                     MEMCON          equ	4043	;# 
   449   000FCC                     TMR2            equ	4044	;# 
   450   000FCD                     T1CON           equ	4045	;# 
   451   000FCE                     TMR1            equ	4046	;# 
   452   000FCE                     TMR1L           equ	4046	;# 
   453   000FCF                     TMR1H           equ	4047	;# 
   454   000FD0                     RCON            equ	4048	;# 
   455   000FD1                     WDTCON          equ	4049	;# 
   456   000FD2                     HLVDCON         equ	4050	;# 
   457   000FD2                     LVDCON          equ	4050	;# 
   458   000FD3                     OSCCON          equ	4051	;# 
   459   000FD5                     T0CON           equ	4053	;# 
   460   000FD6                     TMR0            equ	4054	;# 
   461   000FD6                     TMR0L           equ	4054	;# 
   462   000FD7                     TMR0H           equ	4055	;# 
   463   000FD8                     STATUS          equ	4056	;# 
   464   000FD9                     FSR2            equ	4057	;# 
   465   000FD9                     FSR2L           equ	4057	;# 
   466   000FDA                     FSR2H           equ	4058	;# 
   467   000FDB                     PLUSW2          equ	4059	;# 
   468   000FDC                     PREINC2         equ	4060	;# 
   469   000FDD                     POSTDEC2        equ	4061	;# 
   470   000FDE                     POSTINC2        equ	4062	;# 
   471   000FDF                     INDF2           equ	4063	;# 
   472   000FE0                     BSR             equ	4064	;# 
   473   000FE1                     FSR1            equ	4065	;# 
   474   000FE1                     FSR1L           equ	4065	;# 
   475   000FE2                     FSR1H           equ	4066	;# 
   476   000FE3                     PLUSW1          equ	4067	;# 
   477   000FE4                     PREINC1         equ	4068	;# 
   478   000FE5                     POSTDEC1        equ	4069	;# 
   479   000FE6                     POSTINC1        equ	4070	;# 
   480   000FE7                     INDF1           equ	4071	;# 
   481   000FE8                     WREG            equ	4072	;# 
   482   000FE9                     FSR0            equ	4073	;# 
   483   000FE9                     FSR0L           equ	4073	;# 
   484   000FEA                     FSR0H           equ	4074	;# 
   485   000FEB                     PLUSW0          equ	4075	;# 
   486   000FEC                     PREINC0         equ	4076	;# 
   487   000FED                     POSTDEC0        equ	4077	;# 
   488   000FEE                     POSTINC0        equ	4078	;# 
   489   000FEF                     INDF0           equ	4079	;# 
   490   000FF0                     INTCON3         equ	4080	;# 
   491   000FF1                     INTCON2         equ	4081	;# 
   492   000FF2                     INTCON          equ	4082	;# 
   493   000FF3                     PROD            equ	4083	;# 
   494   000FF3                     PRODL           equ	4083	;# 
   495   000FF4                     PRODH           equ	4084	;# 
   496   000FF5                     TABLAT          equ	4085	;# 
   497   000FF6                     TBLPTR          equ	4086	;# 
   498   000FF6                     TBLPTRL         equ	4086	;# 
   499   000FF7                     TBLPTRH         equ	4087	;# 
   500   000FF8                     TBLPTRU         equ	4088	;# 
   501   000FF9                     PCLAT           equ	4089	;# 
   502   000FF9                     PC              equ	4089	;# 
   503   000FF9                     PCL             equ	4089	;# 
   504   000FFA                     PCLATH          equ	4090	;# 
   505   000FFB                     PCLATU          equ	4091	;# 
   506   000FFC                     STKPTR          equ	4092	;# 
   507   000FFD                     TOS             equ	4093	;# 
   508   000FFD                     TOSL            equ	4093	;# 
   509   000FFE                     TOSH            equ	4094	;# 
   510   000FFF                     TOSU            equ	4095	;# 
   511                           
   512                           	psect	idataCOMRAM
   513   0009E0                     __pidataCOMRAM:
   514                           	callstack 0
   515                           
   516                           ;initializer for main@F10489
   517   0009E0  E7                 	db	231
   518   0009E1  21                 	db	33
   519   0009E2  CB                 	db	203
   520   0009E3  6B                 	db	107
   521   0009E4  2D                 	db	45
   522   0009E5  6E                 	db	110
   523   0009E6  EE                 	db	238
   524   0009E7  23                 	db	35
   525   0009E8  EF                 	db	239
   526   0009E9  6F                 	db	111
   527                           
   528                           ;initializer for _once
   529   0009EA  01                 	db	1
   530                           
   531                           	psect	nvCOMRAM
   532   00002C                     __pnvCOMRAM:
   533                           	callstack 0
   534   00002C                     _key:
   535                           	callstack 0
   536   00002C                     	ds	1
   537   000F82                     _PORTC          set	3970
   538   000F80                     _PORTA          set	3968
   539   000F83                     _PORTD          set	3971
   540   000F94                     _TRISC          set	3988
   541   000F92                     _TRISA          set	3986
   542   000F95                     _TRISD          set	3989
   543                           
   544                           ; #config settings
   545                           
   546                           	psect	cinit
   547   0009B2                     __pcinit:
   548                           	callstack 0
   549   0009B2                     start_initialization:
   550                           	callstack 0
   551   0009B2                     __initialization:
   552                           	callstack 0
   553                           
   554                           ; Initialize objects allocated to COMRAM (11 bytes)
   555                           ; load TBLPTR registers with __pidataCOMRAM
   556   0009B2  0EE0               	movlw	low __pidataCOMRAM
   557   0009B4  6EF6               	movwf	tblptrl,c
   558   0009B6  0E09               	movlw	high __pidataCOMRAM
   559   0009B8  6EF7               	movwf	tblptrh,c
   560   0009BA  0E00               	movlw	low (__pidataCOMRAM shr (0+16))
   561   0009BC  6EF8               	movwf	tblptru,c
   562   0009BE  EE00  F01D         	lfsr	0,__pdataCOMRAM
   563   0009C2  EE10 F00B          	lfsr	1,11
   564   0009C6                     copy_data0:
   565   0009C6  0009               	tblrd		*+
   566   0009C8  CFF5 FFEE          	movff	tablat,postinc0
   567   0009CC  50E5               	movf	postdec1,w,c
   568   0009CE  50E1               	movf	fsr1l,w,c
   569   0009D0  E1FA               	bnz	copy_data0
   570                           
   571                           ; Clear objects allocated to COMRAM (4 bytes)
   572   0009D2  6A2B               	clrf	(__pbssCOMRAM+3)& (0+255),c
   573   0009D4  6A2A               	clrf	(__pbssCOMRAM+2)& (0+255),c
   574   0009D6  6A29               	clrf	(__pbssCOMRAM+1)& (0+255),c
   575   0009D8  6A28               	clrf	__pbssCOMRAM& (0+255),c
   576   0009DA                     end_of_initialization:
   577                           	callstack 0
   578   0009DA                     __end_of__initialization:
   579                           	callstack 0
   580   0009DA  0100               	movlb	0
   581   0009DC  EF01  F003         	goto	_main	;jump to C main() function
   582                           
   583                           	psect	bssCOMRAM
   584   000028                     __pbssCOMRAM:
   585                           	callstack 0
   586   000028                     _time:
   587                           	callstack 0
   588   000028                     	ds	2
   589   00002A                     _count:
   590                           	callstack 0
   591   00002A                     	ds	2
   592                           
   593                           	psect	dataCOMRAM
   594   00001D                     __pdataCOMRAM:
   595                           	callstack 0
   596   00001D                     main@F10489:
   597                           	callstack 0
   598   00001D                     	ds	10
   599   000027                     _once:
   600                           	callstack 0
   601   000027                     	ds	1
   602                           
   603                           	psect	cstackCOMRAM
   604   000001                     __pcstackCOMRAM:
   605                           	callstack 0
   606   000001                     ?___awdiv:
   607                           	callstack 0
   608   000001                     read_digit_keypad@detect_type:
   609                           	callstack 0
   610   000001                     display@ssd:
   611                           	callstack 0
   612   000001                     ___awdiv@dividend:
   613                           	callstack 0
   614   000001                     
   615                           ; 1 bytes @ 0x0
   616   000001                     	ds	1
   617   000002                     ??_display:
   618                           
   619                           ; 1 bytes @ 0x1
   620   000002                     	ds	1
   621   000003                     ___awdiv@divisor:
   622                           	callstack 0
   623                           
   624                           ; 2 bytes @ 0x2
   625   000003                     	ds	1
   626   000004                     display@i:
   627                           	callstack 0
   628                           
   629                           ; 2 bytes @ 0x3
   630   000004                     	ds	1
   631   000005                     ___awdiv@counter:
   632                           	callstack 0
   633   000005                     
   634                           ; 1 bytes @ 0x4
   635   000005                     	ds	1
   636   000006                     ___awdiv@sign:
   637                           	callstack 0
   638   000006                     display@data:
   639                           	callstack 0
   640                           
   641                           ; 2 bytes @ 0x5
   642   000006                     	ds	1
   643   000007                     ___awdiv@quotient:
   644                           	callstack 0
   645                           
   646                           ; 2 bytes @ 0x6
   647   000007                     	ds	2
   648   000009                     ?___awmod:
   649                           	callstack 0
   650   000009                     ___awmod@dividend:
   651                           	callstack 0
   652                           
   653                           ; 2 bytes @ 0x8
   654   000009                     	ds	2
   655   00000B                     ___awmod@divisor:
   656                           	callstack 0
   657                           
   658                           ; 2 bytes @ 0xA
   659   00000B                     	ds	2
   660   00000D                     ___awmod@counter:
   661                           	callstack 0
   662   00000D                     
   663                           ; 1 bytes @ 0xC
   664   00000D                     	ds	1
   665   00000E                     ___awmod@sign:
   666                           	callstack 0
   667                           
   668                           ; 1 bytes @ 0xD
   669   00000E                     	ds	1
   670   00000F                     main@digits:
   671                           	callstack 0
   672   00000F                     
   673                           ; 1 bytes @ 0xE
   674   00000F                     	ds	10
   675   000019                     main@ssd:
   676                           	callstack 0
   677                           
   678                           ; 4 bytes @ 0x18
   679   000019                     	ds	4
   680                           
   681 ;;
   682 ;;Main: autosize = 0, tempsize = 0, incstack = 0, save=0
   683 ;;
   684 ;; *************** function _main *****************
   685 ;; Defined at:
   686 ;;		line 38 in file "main.c"
   687 ;; Parameters:    Size  Location     Type
   688 ;;		None
   689 ;; Auto vars:     Size  Location     Type
   690 ;;  digits         10   14[COMRAM] unsigned char [10]
   691 ;;  ssd             4   24[COMRAM] unsigned char [4]
   692 ;; Return value:  Size  Location     Type
   693 ;;                  1    wreg      void 
   694 ;; Registers used:
   695 ;;		wreg, fsr1l, fsr1h, fsr2l, fsr2h, status,2, status,0, cstack
   696 ;; Tracked objects:
   697 ;;		On entry : 0/0
   698 ;;		On exit  : 0/0
   699 ;;		Unchanged: 0/0
   700 ;; Data sizes:     COMRAM   BANK0   BANK1   BANK2   BANK3   BANK4   BANK5
   701 ;;      Params:         0       0       0       0       0       0       0
   702 ;;      Locals:        14       0       0       0       0       0       0
   703 ;;      Temps:          0       0       0       0       0       0       0
   704 ;;      Totals:        14       0       0       0       0       0       0
   705 ;;Total ram usage:       14 bytes
   706 ;; Hardware stack levels required when called: 1
   707 ;; This function calls:
   708 ;;		___awdiv
   709 ;;		___awmod
   710 ;;		_display
   711 ;;		_read_digit_keypad
   712 ;; This function is called by:
   713 ;;		Startup code after reset
   714 ;; This function uses a non-reentrant model
   715 ;;
   716                           
   717                           	psect	text0
   718   000602                     __ptext0:
   719                           	callstack 0
   720   000602                     _main:
   721                           	callstack 30
   722   000602                     
   723                           ;main.c: 39:     TRISD = 0X00;
   724   000602  6A95               	clrf	149,c	;volatile
   725   000604                     
   726                           ;main.c: 40:     TRISA = TRISA & 0xF0;
   727   000604  5092               	movf	146,w,c	;volatile
   728   000606  0BF0               	andlw	240
   729   000608  6E92               	movwf	146,c	;volatile
   730                           
   731                           ;main.c: 41:     TRISC = TRISC | 0x0F;
   732   00060A  5094               	movf	148,w,c	;volatile
   733   00060C  090F               	iorlw	15
   734   00060E  6E94               	movwf	148,c	;volatile
   735   000610                     
   736                           ;main.c: 43:     PORTD = 0X00;
   737   000610  6A83               	clrf	131,c	;volatile
   738                           
   739                           ;main.c: 44:     PORTA &= 0xF0;
   740   000612  0EF0               	movlw	240
   741   000614  1680               	andwf	128,f,c	;volatile
   742   000616                     
   743                           ;main.c: 47:     char digits[] = {0xE7, 0x21, 0xCB, 0x6B, 0x2D, 0x6E, 0xEE, 0x23, 0xEF, 
      +                          0x6F};
   744   000616  EE20  F01D         	lfsr	2,main@F10489
   745   00061A  EE10  F00F         	lfsr	1,main@digits
   746   00061E  0E09               	movlw	9
   747   000620                     u411:
   748   000620  CFDB FFE3          	movff	plusw2,plusw1
   749   000624  06E8               	decf	wreg,f,c
   750   000626  E2FC               	bc	u411
   751   000628                     l1125:
   752                           
   753                           ;main.c: 52:         key = read_digit_keypad(0);
   754   000628  0E00               	movlw	0
   755   00062A  ECA1  F004         	call	_read_digit_keypad
   756   00062E  6E2C               	movwf	_key^0,c
   757   000630                     
   758                           ;main.c: 54:         if (key == 0x0E)
   759   000630  0E0E               	movlw	14
   760   000632  182C               	xorwf	_key^0,w,c
   761   000634  A4D8               	btfss	status,2,c
   762   000636  EF1F  F003         	goto	u421
   763   00063A  EF21  F003         	goto	u420
   764   00063E                     u421:
   765   00063E  EF36  F003         	goto	l1135
   766   000642                     u420:
   767   000642                     
   768                           ;main.c: 55:         {;main.c: 56:             time++;
   769   000642  4A28               	infsnz	_time^0,f,c
   770   000644  2A29               	incf	(_time+1)^0,f,c
   771   000646                     
   772                           ;main.c: 57:             if (time >= 150)
   773   000646  BE29               	btfsc	(_time+1)^0,7,c
   774   000648  EF2F  F003         	goto	u431
   775   00064C  5029               	movf	(_time+1)^0,w,c
   776   00064E  E109               	bnz	u430
   777   000650  0E96               	movlw	150
   778   000652  5C28               	subwf	_time^0,w,c
   779   000654  A0D8               	btfss	status,0,c
   780   000656  EF2F  F003         	goto	u431
   781   00065A  EF31  F003         	goto	u430
   782   00065E                     u431:
   783   00065E  EF56  F003         	goto	l1145
   784   000662                     u430:
   785   000662                     
   786                           ;main.c: 58:             {;main.c: 59:                 count = 0;
   787   000662  6A2B               	clrf	(_count+1)^0,c
   788   000664  0E00               	movlw	0
   789   000666  6E2A               	movwf	_count^0,c
   790   000668  EF56  F003         	goto	l1145
   791   00066C                     l1135:
   792   00066C  BE29               	btfsc	(_time+1)^0,7,c
   793   00066E  EF44  F003         	goto	u440
   794   000672  5029               	movf	(_time+1)^0,w,c
   795   000674  E107               	bnz	u441
   796   000676  0E96               	movlw	150
   797   000678  5C28               	subwf	_time^0,w,c
   798   00067A  B0D8               	btfsc	status,0,c
   799   00067C  EF42  F003         	goto	u441
   800   000680  EF44  F003         	goto	u440
   801   000684                     u441:
   802   000684  EF53  F003         	goto	l1141
   803   000688                     u440:
   804   000688  BE29               	btfsc	(_time+1)^0,7,c
   805   00068A  EF4F  F003         	goto	u451
   806   00068E  5029               	movf	(_time+1)^0,w,c
   807   000690  E108               	bnz	u450
   808   000692  0428               	decf	_time^0,w,c
   809   000694  A0D8               	btfss	status,0,c
   810   000696  EF4F  F003         	goto	u451
   811   00069A  EF51  F003         	goto	u450
   812   00069E                     u451:
   813   00069E  EF53  F003         	goto	l1141
   814   0006A2                     u450:
   815   0006A2                     
   816                           ;main.c: 62:         {;main.c: 63:             count++;
   817   0006A2  4A2A               	infsnz	_count^0,f,c
   818   0006A4  2A2B               	incf	(_count+1)^0,f,c
   819   0006A6                     l1141:
   820                           
   821                           ;main.c: 64:             time = 0;
   822   0006A6  6A29               	clrf	(_time+1)^0,c
   823   0006A8  0E00               	movlw	0
   824   0006AA  6E28               	movwf	_time^0,c
   825   0006AC                     l1145:
   826                           
   827                           ;main.c: 69:         ssd[0] = digits[count / 1000];
   828   0006AC  C02A  F001         	movff	_count,___awdiv@dividend
   829   0006B0  C02B  F002         	movff	_count+1,___awdiv@dividend+1
   830   0006B4  0E03               	movlw	3
   831   0006B6  6E04               	movwf	(___awdiv@divisor+1)^0,c
   832   0006B8  0EE8               	movlw	232
   833   0006BA  6E03               	movwf	___awdiv@divisor^0,c
   834   0006BC  ECAD  F003         	call	___awdiv	;wreg free
   835   0006C0  5001               	movf	?___awdiv^0,w,c
   836   0006C2  0F0F               	addlw	low main@digits
   837   0006C4  6ED9               	movwf	fsr2l,c
   838   0006C6  6ADA               	clrf	fsr2h,c
   839   0006C8  50DF               	movf	indf2,w,c
   840   0006CA  6E19               	movwf	main@ssd^0,c
   841   0006CC                     
   842                           ;main.c: 70:         ssd[1] = digits[(count / 100) % 10];
   843   0006CC  6A04               	clrf	(___awdiv@divisor+1)^0,c
   844   0006CE  0E64               	movlw	100
   845   0006D0  6E03               	movwf	___awdiv@divisor^0,c
   846   0006D2  C02A  F001         	movff	_count,___awdiv@dividend
   847   0006D6  C02B  F002         	movff	_count+1,___awdiv@dividend+1
   848   0006DA  ECAD  F003         	call	___awdiv	;wreg free
   849   0006DE  C001  F009         	movff	?___awdiv,___awmod@dividend
   850   0006E2  C002  F00A         	movff	?___awdiv+1,___awmod@dividend+1
   851   0006E6  6A0C               	clrf	(___awmod@divisor+1)^0,c
   852   0006E8  0E0A               	movlw	10
   853   0006EA  6E0B               	movwf	___awmod@divisor^0,c
   854   0006EC  EC0D  F004         	call	___awmod	;wreg free
   855   0006F0  5009               	movf	?___awmod^0,w,c
   856   0006F2  0F0F               	addlw	low main@digits
   857   0006F4  6ED9               	movwf	fsr2l,c
   858   0006F6  6ADA               	clrf	fsr2h,c
   859   0006F8  50DF               	movf	indf2,w,c
   860   0006FA  6E1A               	movwf	(main@ssd+1)^0,c
   861   0006FC                     
   862                           ;main.c: 71:         ssd[2] = digits[(count / 10) % 10];
   863   0006FC  6A04               	clrf	(___awdiv@divisor+1)^0,c
   864   0006FE  0E0A               	movlw	10
   865   000700  6E03               	movwf	___awdiv@divisor^0,c
   866   000702  C02A  F001         	movff	_count,___awdiv@dividend
   867   000706  C02B  F002         	movff	_count+1,___awdiv@dividend+1
   868   00070A  ECAD  F003         	call	___awdiv	;wreg free
   869   00070E  C001  F009         	movff	?___awdiv,___awmod@dividend
   870   000712  C002  F00A         	movff	?___awdiv+1,___awmod@dividend+1
   871   000716  6A0C               	clrf	(___awmod@divisor+1)^0,c
   872   000718  0E0A               	movlw	10
   873   00071A  6E0B               	movwf	___awmod@divisor^0,c
   874   00071C  EC0D  F004         	call	___awmod	;wreg free
   875   000720  5009               	movf	?___awmod^0,w,c
   876   000722  0F0F               	addlw	low main@digits
   877   000724  6ED9               	movwf	fsr2l,c
   878   000726  6ADA               	clrf	fsr2h,c
   879   000728  50DF               	movf	indf2,w,c
   880   00072A  6E1B               	movwf	(main@ssd+2)^0,c
   881   00072C                     
   882                           ;main.c: 72:         ssd[3] = digits[count % 10];
   883   00072C  C02A  F009         	movff	_count,___awmod@dividend
   884   000730  C02B  F00A         	movff	_count+1,___awmod@dividend+1
   885   000734  6A0C               	clrf	(___awmod@divisor+1)^0,c
   886   000736  0E0A               	movlw	10
   887   000738  6E0B               	movwf	___awmod@divisor^0,c
   888   00073A  EC0D  F004         	call	___awmod	;wreg free
   889   00073E  5009               	movf	?___awmod^0,w,c
   890   000740  0F0F               	addlw	low main@digits
   891   000742  6ED9               	movwf	fsr2l,c
   892   000744  6ADA               	clrf	fsr2h,c
   893   000746  50DF               	movf	indf2,w,c
   894   000748  6E1C               	movwf	(main@ssd+3)^0,c
   895   00074A                     
   896                           ;main.c: 75:         display(ssd);
   897   00074A  0E19               	movlw	low main@ssd
   898   00074C  6E01               	movwf	display@ssd^0,c
   899   00074E  EC64  F004         	call	_display	;wreg free
   900   000752  EF14  F003         	goto	l1125
   901   000756  EFFE  F017         	goto	start
   902   00075A                     __end_of_main:
   903                           	callstack 0
   904                           
   905 ;; *************** function _read_digit_keypad *****************
   906 ;; Defined at:
   907 ;;		line 81 in file "main.c"
   908 ;; Parameters:    Size  Location     Type
   909 ;;  detect_type     1    wreg     unsigned char 
   910 ;; Auto vars:     Size  Location     Type
   911 ;;  detect_type     1    0[COMRAM] unsigned char 
   912 ;; Return value:  Size  Location     Type
   913 ;;                  1    wreg      unsigned char 
   914 ;; Registers used:
   915 ;;		wreg, status,2, status,0
   916 ;; Tracked objects:
   917 ;;		On entry : 0/0
   918 ;;		On exit  : 0/0
   919 ;;		Unchanged: 0/0
   920 ;; Data sizes:     COMRAM   BANK0   BANK1   BANK2   BANK3   BANK4   BANK5
   921 ;;      Params:         0       0       0       0       0       0       0
   922 ;;      Locals:         1       0       0       0       0       0       0
   923 ;;      Temps:          0       0       0       0       0       0       0
   924 ;;      Totals:         1       0       0       0       0       0       0
   925 ;;Total ram usage:        1 bytes
   926 ;; Hardware stack levels used: 1
   927 ;; This function calls:
   928 ;;		Nothing
   929 ;; This function is called by:
   930 ;;		_main
   931 ;; This function uses a non-reentrant model
   932 ;;
   933                           
   934                           	psect	text1
   935   000942                     __ptext1:
   936                           	callstack 0
   937   000942                     _read_digit_keypad:
   938                           	callstack 30
   939                           
   940                           ;incstack = 0
   941                           ;read_digit_keypad@detect_type stored from wreg
   942   000942  6E01               	movwf	read_digit_keypad@detect_type^0,c
   943   000944                     
   944                           ;main.c: 82:     if (detect_type == 0) {
   945   000944  5001               	movf	read_digit_keypad@detect_type^0,w,c
   946   000946  A4D8               	btfss	status,2,c
   947   000948  EFA8  F004         	goto	u11
   948   00094C  EFAA  F004         	goto	u10
   949   000950                     u11:
   950   000950  EFAE  F004         	goto	l849
   951   000954                     u10:
   952   000954                     l843:
   953                           
   954                           ;main.c: 83:         return PORTC & 0X0F;
   955   000954  5082               	movf	130,w,c	;volatile
   956   000956  0B0F               	andlw	15
   957   000958  EFD8  F004         	goto	l43
   958   00095C                     l849:
   959   00095C  0401               	decf	read_digit_keypad@detect_type^0,w,c
   960   00095E  A4D8               	btfss	status,2,c
   961   000960  EFB4  F004         	goto	u21
   962   000964  EFB6  F004         	goto	u20
   963   000968                     u21:
   964   000968  EFD7  F004         	goto	l867
   965   00096C                     u20:
   966   00096C                     
   967                           ;main.c: 85:         if ((PORTC & 0X0F) != 0XF0 && once) {
   968   00096C  5082               	movf	130,w,c	;volatile
   969   00096E  0B0F               	andlw	15
   970   000970  0AF0               	xorlw	240
   971   000972  B4D8               	btfsc	status,2,c
   972   000974  EFBE  F004         	goto	u31
   973   000978  EFC0  F004         	goto	u30
   974   00097C                     u31:
   975   00097C  EFCB  F004         	goto	l863
   976   000980                     u30:
   977   000980  5027               	movf	_once^0,w,c
   978   000982  B4D8               	btfsc	status,2,c
   979   000984  EFC6  F004         	goto	u41
   980   000988  EFC8  F004         	goto	u40
   981   00098C                     u41:
   982   00098C  EFCB  F004         	goto	l863
   983   000990                     u40:
   984   000990                     
   985                           ;main.c: 86:             once = 0;
   986   000990  6A27               	clrf	_once^0,c
   987   000992  EFAA  F004         	goto	l843
   988   000996                     l863:
   989   000996  5082               	movf	130,w,c	;volatile
   990   000998  0B0F               	andlw	15
   991   00099A  0A0F               	xorlw	15
   992   00099C  A4D8               	btfss	status,2,c
   993   00099E  EFD3  F004         	goto	u51
   994   0009A2  EFD5  F004         	goto	u50
   995   0009A6                     u51:
   996   0009A6  EFD7  F004         	goto	l867
   997   0009AA                     u50:
   998   0009AA                     
   999                           ;main.c: 89:             once = 1;
  1000   0009AA  0E01               	movlw	1
  1001   0009AC  6E27               	movwf	_once^0,c
  1002   0009AE                     l867:
  1003                           
  1004                           ;main.c: 92:     return 0x0F;
  1005   0009AE  0E0F               	movlw	15
  1006   0009B0                     l43:
  1007   0009B0  0012               	return		;funcret
  1008   0009B2                     __end_of_read_digit_keypad:
  1009                           	callstack 0
  1010                           
  1011 ;; *************** function _display *****************
  1012 ;; Defined at:
  1013 ;;		line 95 in file "main.c"
  1014 ;; Parameters:    Size  Location     Type
  1015 ;;  ssd             1    0[COMRAM] PTR unsigned char 
  1016 ;;		 -> main@ssd(4), 
  1017 ;; Auto vars:     Size  Location     Type
  1018 ;;  i               2    3[COMRAM] int 
  1019 ;;  data            2    5[COMRAM] int 
  1020 ;; Return value:  Size  Location     Type
  1021 ;;                  1    wreg      void 
  1022 ;; Registers used:
  1023 ;;		wreg, fsr2l, fsr2h, status,2, status,0
  1024 ;; Tracked objects:
  1025 ;;		On entry : 0/0
  1026 ;;		On exit  : 0/0
  1027 ;;		Unchanged: 0/0
  1028 ;; Data sizes:     COMRAM   BANK0   BANK1   BANK2   BANK3   BANK4   BANK5
  1029 ;;      Params:         1       0       0       0       0       0       0
  1030 ;;      Locals:         4       0       0       0       0       0       0
  1031 ;;      Temps:          2       0       0       0       0       0       0
  1032 ;;      Totals:         7       0       0       0       0       0       0
  1033 ;;Total ram usage:        7 bytes
  1034 ;; Hardware stack levels used: 1
  1035 ;; This function calls:
  1036 ;;		Nothing
  1037 ;; This function is called by:
  1038 ;;		_main
  1039 ;; This function uses a non-reentrant model
  1040 ;;
  1041                           
  1042                           	psect	text2
  1043   0008C8                     __ptext2:
  1044                           	callstack 0
  1045   0008C8                     _display:
  1046                           	callstack 30
  1047   0008C8                     
  1048                           ;main.c: 96:     for (int data = 0; data < 4; data++) {
  1049   0008C8  6A07               	clrf	(display@data+1)^0,c
  1050   0008CA  0E00               	movlw	0
  1051   0008CC  6E06               	movwf	display@data^0,c
  1052   0008CE                     l1019:
  1053                           
  1054                           ;main.c: 97:         PORTD = ssd[data];
  1055   0008CE  5001               	movf	display@ssd^0,w,c
  1056   0008D0  2406               	addwf	display@data^0,w,c
  1057   0008D2  6ED9               	movwf	fsr2l,c
  1058   0008D4  6ADA               	clrf	fsr2h,c
  1059   0008D6  50DF               	movf	indf2,w,c
  1060   0008D8  6E83               	movwf	131,c	;volatile
  1061   0008DA                     
  1062                           ;main.c: 98:         PORTA = (PORTA & 0XF0) | (1 << data);
  1063   0008DA  C006  F002         	movff	display@data,??_display
  1064   0008DE  0E01               	movlw	1
  1065   0008E0  6E03               	movwf	(??_display+1)^0,c
  1066   0008E2  2A02               	incf	??_display^0,f,c
  1067   0008E4  EF76  F004         	goto	u264
  1068   0008E8                     u265:
  1069   0008E8  90D8               	bcf	status,0,c
  1070   0008EA  3603               	rlcf	(??_display+1)^0,f,c
  1071   0008EC                     u264:
  1072   0008EC  2E02               	decfsz	??_display^0,f,c
  1073   0008EE  EF74  F004         	goto	u265
  1074   0008F2  5080               	movf	128,w,c	;volatile
  1075   0008F4  0BF0               	andlw	240
  1076   0008F6  1003               	iorwf	(??_display+1)^0,w,c
  1077   0008F8  6E80               	movwf	128,c	;volatile
  1078   0008FA                     
  1079                           ;main.c: 100:         for (int i = 0; i < 1000; i++);
  1080   0008FA  6A05               	clrf	(display@i+1)^0,c
  1081   0008FC  0E00               	movlw	0
  1082   0008FE  6E04               	movwf	display@i^0,c
  1083   000900                     l1029:
  1084   000900  4A04               	infsnz	display@i^0,f,c
  1085   000902  2A05               	incf	(display@i+1)^0,f,c
  1086   000904  BE05               	btfsc	(display@i+1)^0,7,c
  1087   000906  EF8E  F004         	goto	u271
  1088   00090A  0EE8               	movlw	232
  1089   00090C  5C04               	subwf	display@i^0,w,c
  1090   00090E  0E03               	movlw	3
  1091   000910  5805               	subwfb	(display@i+1)^0,w,c
  1092   000912  A0D8               	btfss	status,0,c
  1093   000914  EF8E  F004         	goto	u271
  1094   000918  EF90  F004         	goto	u270
  1095   00091C                     u271:
  1096   00091C  EF80  F004         	goto	l1029
  1097   000920                     u270:
  1098   000920                     
  1099                           ;main.c: 101:     }
  1100   000920  4A06               	infsnz	display@data^0,f,c
  1101   000922  2A07               	incf	(display@data+1)^0,f,c
  1102   000924  BE07               	btfsc	(display@data+1)^0,7,c
  1103   000926  EF9E  F004         	goto	u281
  1104   00092A  5007               	movf	(display@data+1)^0,w,c
  1105   00092C  E109               	bnz	u280
  1106   00092E  0E04               	movlw	4
  1107   000930  5C06               	subwf	display@data^0,w,c
  1108   000932  A0D8               	btfss	status,0,c
  1109   000934  EF9E  F004         	goto	u281
  1110   000938  EFA0  F004         	goto	u280
  1111   00093C                     u281:
  1112   00093C  EF67  F004         	goto	l1019
  1113   000940                     u280:
  1114   000940  0012               	return		;funcret
  1115   000942                     __end_of_display:
  1116                           	callstack 0
  1117                           
  1118 ;; *************** function ___awmod *****************
  1119 ;; Defined at:
  1120 ;;		line 7 in file "C:\Program Files\Microchip\xc8\v3.10\pic\sources\c99\common\awmod.c"
  1121 ;; Parameters:    Size  Location     Type
  1122 ;;  dividend        2    8[COMRAM] int 
  1123 ;;  divisor         2   10[COMRAM] int 
  1124 ;; Auto vars:     Size  Location     Type
  1125 ;;  sign            1   13[COMRAM] unsigned char 
  1126 ;;  counter         1   12[COMRAM] unsigned char 
  1127 ;; Return value:  Size  Location     Type
  1128 ;;                  2    8[COMRAM] int 
  1129 ;; Registers used:
  1130 ;;		wreg, status,2, status,0
  1131 ;; Tracked objects:
  1132 ;;		On entry : 0/0
  1133 ;;		On exit  : 0/0
  1134 ;;		Unchanged: 0/0
  1135 ;; Data sizes:     COMRAM   BANK0   BANK1   BANK2   BANK3   BANK4   BANK5
  1136 ;;      Params:         4       0       0       0       0       0       0
  1137 ;;      Locals:         2       0       0       0       0       0       0
  1138 ;;      Temps:          0       0       0       0       0       0       0
  1139 ;;      Totals:         6       0       0       0       0       0       0
  1140 ;;Total ram usage:        6 bytes
  1141 ;; Hardware stack levels used: 1
  1142 ;; This function calls:
  1143 ;;		Nothing
  1144 ;; This function is called by:
  1145 ;;		_main
  1146 ;; This function uses a non-reentrant model
  1147 ;;
  1148                           
  1149                           	psect	text3
  1150   00081A                     __ptext3:
  1151                           	callstack 0
  1152   00081A                     ___awmod:
  1153                           	callstack 30
  1154   00081A  6A0E               	clrf	___awmod@sign^0,c
  1155   00081C  BE0A               	btfsc	(___awmod@dividend+1)^0,7,c
  1156   00081E  EF15  F004         	goto	u350
  1157   000822  EF13  F004         	goto	u351
  1158   000826                     u351:
  1159   000826  EF1B  F004         	goto	l1089
  1160   00082A                     u350:
  1161   00082A  6C09               	negf	___awmod@dividend^0,c
  1162   00082C  1E0A               	comf	(___awmod@dividend+1)^0,f,c
  1163   00082E  B0D8               	btfsc	status,0,c
  1164   000830  2A0A               	incf	(___awmod@dividend+1)^0,f,c
  1165   000832  0E01               	movlw	1
  1166   000834  6E0E               	movwf	___awmod@sign^0,c
  1167   000836                     l1089:
  1168   000836  BE0C               	btfsc	(___awmod@divisor+1)^0,7,c
  1169   000838  EF22  F004         	goto	u360
  1170   00083C  EF20  F004         	goto	u361
  1171   000840                     u361:
  1172   000840  EF26  F004         	goto	l1093
  1173   000844                     u360:
  1174   000844  6C0B               	negf	___awmod@divisor^0,c
  1175   000846  1E0C               	comf	(___awmod@divisor+1)^0,f,c
  1176   000848  B0D8               	btfsc	status,0,c
  1177   00084A  2A0C               	incf	(___awmod@divisor+1)^0,f,c
  1178   00084C                     l1093:
  1179   00084C  500B               	movf	___awmod@divisor^0,w,c
  1180   00084E  100C               	iorwf	(___awmod@divisor+1)^0,w,c
  1181   000850  B4D8               	btfsc	status,2,c
  1182   000852  EF2D  F004         	goto	u371
  1183   000856  EF2F  F004         	goto	u370
  1184   00085A                     u371:
  1185   00085A  EF53  F004         	goto	l1109
  1186   00085E                     u370:
  1187   00085E  0E01               	movlw	1
  1188   000860  6E0D               	movwf	___awmod@counter^0,c
  1189   000862  EF37  F004         	goto	l1099
  1190   000866                     l1097:
  1191   000866  90D8               	bcf	status,0,c
  1192   000868  360B               	rlcf	___awmod@divisor^0,f,c
  1193   00086A  360C               	rlcf	(___awmod@divisor+1)^0,f,c
  1194   00086C  2A0D               	incf	___awmod@counter^0,f,c
  1195   00086E                     l1099:
  1196   00086E  AE0C               	btfss	(___awmod@divisor+1)^0,7,c
  1197   000870  EF3C  F004         	goto	u381
  1198   000874  EF3E  F004         	goto	u380
  1199   000878                     u381:
  1200   000878  EF33  F004         	goto	l1097
  1201   00087C                     u380:
  1202   00087C                     l1101:
  1203   00087C  500B               	movf	___awmod@divisor^0,w,c
  1204   00087E  5C09               	subwf	___awmod@dividend^0,w,c
  1205   000880  500C               	movf	(___awmod@divisor+1)^0,w,c
  1206   000882  580A               	subwfb	(___awmod@dividend+1)^0,w,c
  1207   000884  A0D8               	btfss	status,0,c
  1208   000886  EF47  F004         	goto	u391
  1209   00088A  EF49  F004         	goto	u390
  1210   00088E                     u391:
  1211   00088E  EF4D  F004         	goto	l1105
  1212   000892                     u390:
  1213   000892  500B               	movf	___awmod@divisor^0,w,c
  1214   000894  5E09               	subwf	___awmod@dividend^0,f,c
  1215   000896  500C               	movf	(___awmod@divisor+1)^0,w,c
  1216   000898  5A0A               	subwfb	(___awmod@dividend+1)^0,f,c
  1217   00089A                     l1105:
  1218   00089A  90D8               	bcf	status,0,c
  1219   00089C  320C               	rrcf	(___awmod@divisor+1)^0,f,c
  1220   00089E  320B               	rrcf	___awmod@divisor^0,f,c
  1221   0008A0  2E0D               	decfsz	___awmod@counter^0,f,c
  1222   0008A2  EF3E  F004         	goto	l1101
  1223   0008A6                     l1109:
  1224   0008A6  500E               	movf	___awmod@sign^0,w,c
  1225   0008A8  B4D8               	btfsc	status,2,c
  1226   0008AA  EF59  F004         	goto	u401
  1227   0008AE  EF5B  F004         	goto	u400
  1228   0008B2                     u401:
  1229   0008B2  EF5F  F004         	goto	l1113
  1230   0008B6                     u400:
  1231   0008B6  6C09               	negf	___awmod@dividend^0,c
  1232   0008B8  1E0A               	comf	(___awmod@dividend+1)^0,f,c
  1233   0008BA  B0D8               	btfsc	status,0,c
  1234   0008BC  2A0A               	incf	(___awmod@dividend+1)^0,f,c
  1235   0008BE                     l1113:
  1236   0008BE  C009  F009         	movff	___awmod@dividend,?___awmod
  1237   0008C2  C00A  F00A         	movff	___awmod@dividend+1,?___awmod+1
  1238   0008C6  0012               	return		;funcret
  1239   0008C8                     __end_of___awmod:
  1240                           	callstack 0
  1241                           
  1242 ;; *************** function ___awdiv *****************
  1243 ;; Defined at:
  1244 ;;		line 7 in file "C:\Program Files\Microchip\xc8\v3.10\pic\sources\c99\common\awdiv.c"
  1245 ;; Parameters:    Size  Location     Type
  1246 ;;  dividend        2    0[COMRAM] int 
  1247 ;;  divisor         2    2[COMRAM] int 
  1248 ;; Auto vars:     Size  Location     Type
  1249 ;;  quotient        2    6[COMRAM] int 
  1250 ;;  sign            1    5[COMRAM] unsigned char 
  1251 ;;  counter         1    4[COMRAM] unsigned char 
  1252 ;; Return value:  Size  Location     Type
  1253 ;;                  2    0[COMRAM] int 
  1254 ;; Registers used:
  1255 ;;		wreg, status,2, status,0
  1256 ;; Tracked objects:
  1257 ;;		On entry : 0/0
  1258 ;;		On exit  : 0/0
  1259 ;;		Unchanged: 0/0
  1260 ;; Data sizes:     COMRAM   BANK0   BANK1   BANK2   BANK3   BANK4   BANK5
  1261 ;;      Params:         4       0       0       0       0       0       0
  1262 ;;      Locals:         4       0       0       0       0       0       0
  1263 ;;      Temps:          0       0       0       0       0       0       0
  1264 ;;      Totals:         8       0       0       0       0       0       0
  1265 ;;Total ram usage:        8 bytes
  1266 ;; Hardware stack levels used: 1
  1267 ;; This function calls:
  1268 ;;		Nothing
  1269 ;; This function is called by:
  1270 ;;		_main
  1271 ;; This function uses a non-reentrant model
  1272 ;;
  1273                           
  1274                           	psect	text4
  1275   00075A                     __ptext4:
  1276                           	callstack 0
  1277   00075A                     ___awdiv:
  1278                           	callstack 30
  1279   00075A  6A06               	clrf	___awdiv@sign^0,c
  1280   00075C  BE04               	btfsc	(___awdiv@divisor+1)^0,7,c
  1281   00075E  EFB5  F003         	goto	u290
  1282   000762  EFB3  F003         	goto	u291
  1283   000766                     u291:
  1284   000766  EFBB  F003         	goto	l1045
  1285   00076A                     u290:
  1286   00076A  6C03               	negf	___awdiv@divisor^0,c
  1287   00076C  1E04               	comf	(___awdiv@divisor+1)^0,f,c
  1288   00076E  B0D8               	btfsc	status,0,c
  1289   000770  2A04               	incf	(___awdiv@divisor+1)^0,f,c
  1290   000772  0E01               	movlw	1
  1291   000774  6E06               	movwf	___awdiv@sign^0,c
  1292   000776                     l1045:
  1293   000776  BE02               	btfsc	(___awdiv@dividend+1)^0,7,c
  1294   000778  EFC2  F003         	goto	u300
  1295   00077C  EFC0  F003         	goto	u301
  1296   000780                     u301:
  1297   000780  EFC8  F003         	goto	l1051
  1298   000784                     u300:
  1299   000784  6C01               	negf	___awdiv@dividend^0,c
  1300   000786  1E02               	comf	(___awdiv@dividend+1)^0,f,c
  1301   000788  B0D8               	btfsc	status,0,c
  1302   00078A  2A02               	incf	(___awdiv@dividend+1)^0,f,c
  1303   00078C  0E01               	movlw	1
  1304   00078E  1A06               	xorwf	___awdiv@sign^0,f,c
  1305   000790                     l1051:
  1306   000790  6A08               	clrf	(___awdiv@quotient+1)^0,c
  1307   000792  0E00               	movlw	0
  1308   000794  6E07               	movwf	___awdiv@quotient^0,c
  1309   000796  5003               	movf	___awdiv@divisor^0,w,c
  1310   000798  1004               	iorwf	(___awdiv@divisor+1)^0,w,c
  1311   00079A  B4D8               	btfsc	status,2,c
  1312   00079C  EFD2  F003         	goto	u311
  1313   0007A0  EFD4  F003         	goto	u310
  1314   0007A4                     u311:
  1315   0007A4  EFFC  F003         	goto	l1073
  1316   0007A8                     u310:
  1317   0007A8  0E01               	movlw	1
  1318   0007AA  6E05               	movwf	___awdiv@counter^0,c
  1319   0007AC  EFDC  F003         	goto	l1059
  1320   0007B0                     l1057:
  1321   0007B0  90D8               	bcf	status,0,c
  1322   0007B2  3603               	rlcf	___awdiv@divisor^0,f,c
  1323   0007B4  3604               	rlcf	(___awdiv@divisor+1)^0,f,c
  1324   0007B6  2A05               	incf	___awdiv@counter^0,f,c
  1325   0007B8                     l1059:
  1326   0007B8  AE04               	btfss	(___awdiv@divisor+1)^0,7,c
  1327   0007BA  EFE1  F003         	goto	u321
  1328   0007BE  EFE3  F003         	goto	u320
  1329   0007C2                     u321:
  1330   0007C2  EFD8  F003         	goto	l1057
  1331   0007C6                     u320:
  1332   0007C6                     l1061:
  1333   0007C6  90D8               	bcf	status,0,c
  1334   0007C8  3607               	rlcf	___awdiv@quotient^0,f,c
  1335   0007CA  3608               	rlcf	(___awdiv@quotient+1)^0,f,c
  1336   0007CC  5003               	movf	___awdiv@divisor^0,w,c
  1337   0007CE  5C01               	subwf	___awdiv@dividend^0,w,c
  1338   0007D0  5004               	movf	(___awdiv@divisor+1)^0,w,c
  1339   0007D2  5802               	subwfb	(___awdiv@dividend+1)^0,w,c
  1340   0007D4  A0D8               	btfss	status,0,c
  1341   0007D6  EFEF  F003         	goto	u331
  1342   0007DA  EFF1  F003         	goto	u330
  1343   0007DE                     u331:
  1344   0007DE  EFF6  F003         	goto	l1069
  1345   0007E2                     u330:
  1346   0007E2  5003               	movf	___awdiv@divisor^0,w,c
  1347   0007E4  5E01               	subwf	___awdiv@dividend^0,f,c
  1348   0007E6  5004               	movf	(___awdiv@divisor+1)^0,w,c
  1349   0007E8  5A02               	subwfb	(___awdiv@dividend+1)^0,f,c
  1350   0007EA  8007               	bsf	___awdiv@quotient^0,0,c
  1351   0007EC                     l1069:
  1352   0007EC  90D8               	bcf	status,0,c
  1353   0007EE  3204               	rrcf	(___awdiv@divisor+1)^0,f,c
  1354   0007F0  3203               	rrcf	___awdiv@divisor^0,f,c
  1355   0007F2  2E05               	decfsz	___awdiv@counter^0,f,c
  1356   0007F4  EFE3  F003         	goto	l1061
  1357   0007F8                     l1073:
  1358   0007F8  5006               	movf	___awdiv@sign^0,w,c
  1359   0007FA  B4D8               	btfsc	status,2,c
  1360   0007FC  EF02  F004         	goto	u341
  1361   000800  EF04  F004         	goto	u340
  1362   000804                     u341:
  1363   000804  EF08  F004         	goto	l1077
  1364   000808                     u340:
  1365   000808  6C07               	negf	___awdiv@quotient^0,c
  1366   00080A  1E08               	comf	(___awdiv@quotient+1)^0,f,c
  1367   00080C  B0D8               	btfsc	status,0,c
  1368   00080E  2A08               	incf	(___awdiv@quotient+1)^0,f,c
  1369   000810                     l1077:
  1370   000810  C007  F001         	movff	___awdiv@quotient,?___awdiv
  1371   000814  C008  F002         	movff	___awdiv@quotient+1,?___awdiv+1
  1372   000818  0012               	return		;funcret
  1373   00081A                     __end_of___awdiv:
  1374                           	callstack 0
  1375                           
  1376                           	psect	smallconst
  1377   000600                     __psmallconst:
  1378                           	callstack 0
  1379   000600  00                 	db	0
  1380   000601  00                 	db	0	; dummy byte at the end
  1381   000600                     __smallconst    set	__psmallconst
  1382   000600                     __mediumconst   set	__psmallconst
  1383   000000                     __activetblptr  equ	0
  1384                           
  1385                           	psect	rparam
  1386   000001                     ___rparam_used  equ	1
  1387   000000                     ___param_bank   equ	0
  1388   000000                     __Lparam        equ	__Lrparam
  1389   000000                     __Hparam        equ	__Hrparam
  1390                           
  1391                           	psect	idloc
  1392                           
  1393                           ;Config register IDLOC0 @ 0x200000
  1394                           ;	unspecified, using default values
  1395   200000                     	org	2097152
  1396   200000  FF                 	db	255
  1397                           
  1398                           ;Config register IDLOC1 @ 0x200001
  1399                           ;	unspecified, using default values
  1400   200001                     	org	2097153
  1401   200001  FF                 	db	255
  1402                           
  1403                           ;Config register IDLOC2 @ 0x200002
  1404                           ;	unspecified, using default values
  1405   200002                     	org	2097154
  1406   200002  FF                 	db	255
  1407                           
  1408                           ;Config register IDLOC3 @ 0x200003
  1409                           ;	unspecified, using default values
  1410   200003                     	org	2097155
  1411   200003  FF                 	db	255
  1412                           
  1413                           ;Config register IDLOC4 @ 0x200004
  1414                           ;	unspecified, using default values
  1415   200004                     	org	2097156
  1416   200004  FF                 	db	255
  1417                           
  1418                           ;Config register IDLOC5 @ 0x200005
  1419                           ;	unspecified, using default values
  1420   200005                     	org	2097157
  1421   200005  FF                 	db	255
  1422                           
  1423                           ;Config register IDLOC6 @ 0x200006
  1424                           ;	unspecified, using default values
  1425   200006                     	org	2097158
  1426   200006  FF                 	db	255
  1427                           
  1428                           ;Config register IDLOC7 @ 0x200007
  1429                           ;	unspecified, using default values
  1430   200007                     	org	2097159
  1431   200007  FF                 	db	255
  1432                           
  1433                           	psect	config
  1434                           
  1435                           ; Padding undefined space
  1436   300000                     	org	3145728
  1437   300000  FF                 	db	255
  1438                           
  1439                           ;Config register CONFIG1H @ 0x300001
  1440                           ;	unspecified, using default values
  1441                           ;	Oscillator Selection bits
  1442                           ;	OSC = 0x7, unprogrammed default
  1443                           ;	Fail-Safe Clock Monitor Enable bit
  1444                           ;	FCMEN = 0x0, unprogrammed default
  1445                           ;	Internal/External Oscillator Switchover bit
  1446                           ;	IESO = 0x0, unprogrammed default
  1447   300001                     	org	3145729
  1448   300001  07                 	db	7
  1449                           
  1450                           ;Config register CONFIG2L @ 0x300002
  1451                           ;	unspecified, using default values
  1452                           ;	Power-up Timer Enable bit
  1453                           ;	PWRT = 0x1, unprogrammed default
  1454                           ;	Brown-out Reset Enable bits
  1455                           ;	BOREN = 0x3, unprogrammed default
  1456                           ;	Brown-out Reset Voltage bits
  1457                           ;	BORV = 0x3, unprogrammed default
  1458   300002                     	org	3145730
  1459   300002  1F                 	db	31
  1460                           
  1461                           ;Config register CONFIG2H @ 0x300003
  1462                           ;	unspecified, using default values
  1463                           ;	Watchdog Timer Enable bit
  1464                           ;	WDT = 0x1, unprogrammed default
  1465                           ;	Watchdog Timer Postscale Select bits
  1466                           ;	WDTPS = 0xF, unprogrammed default
  1467   300003                     	org	3145731
  1468   300003  1F                 	db	31
  1469                           
  1470                           ; Padding undefined space
  1471   300004                     	org	3145732
  1472   300004  FF                 	db	255
  1473                           
  1474                           ;Config register CONFIG3H @ 0x300005
  1475                           ;	unspecified, using default values
  1476                           ;	PORTB A/D Enable bit
  1477                           ;	PBADEN = 0x1, unprogrammed default
  1478                           ;	Low-Power Timer 1 Oscillator Enable bit
  1479                           ;	LPT1OSC = 0x0, unprogrammed default
  1480                           ;	MCLR Pin Enable bit
  1481                           ;	MCLRE = 0x1, unprogrammed default
  1482   300005                     	org	3145733
  1483   300005  82                 	db	130
  1484                           
  1485                           ;Config register CONFIG4L @ 0x300006
  1486                           ;	unspecified, using default values
  1487                           ;	Stack Full/Underflow Reset Enable bit
  1488                           ;	STVREN = 0x1, unprogrammed default
  1489                           ;	Single-Supply ICSP Enable bit
  1490                           ;	LVP = 0x1, unprogrammed default
  1491                           ;	Boot Block Size Select bit
  1492                           ;	BBSIZ = 0x0, unprogrammed default
  1493                           ;	Extended Instruction Set Enable bit
  1494                           ;	XINST = 0x0, unprogrammed default
  1495                           ;	Background Debugger Enable bit
  1496                           ;	DEBUG = 0x1, unprogrammed default
  1497   300006                     	org	3145734
  1498   300006  85                 	db	133
  1499                           
  1500                           ; Padding undefined space
  1501   300007                     	org	3145735
  1502   300007  FF                 	db	255
  1503                           
  1504                           ;Config register CONFIG5L @ 0x300008
  1505                           ;	unspecified, using default values
  1506                           ;	Code Protection bit
  1507                           ;	CP0 = 0x1, unprogrammed default
  1508                           ;	Code Protection bit
  1509                           ;	CP1 = 0x1, unprogrammed default
  1510                           ;	Code Protection bit
  1511                           ;	CP2 = 0x1, unprogrammed default
  1512                           ;	Code Protection bit
  1513                           ;	CP3 = 0x1, unprogrammed default
  1514   300008                     	org	3145736
  1515   300008  0F                 	db	15
  1516                           
  1517                           ;Config register CONFIG5H @ 0x300009
  1518                           ;	unspecified, using default values
  1519                           ;	Boot Block Code Protection bit
  1520                           ;	CPB = 0x1, unprogrammed default
  1521                           ;	Data EEPROM Code Protection bit
  1522                           ;	CPD = 0x1, unprogrammed default
  1523   300009                     	org	3145737
  1524   300009  C0                 	db	192
  1525                           
  1526                           ;Config register CONFIG6L @ 0x30000A
  1527                           ;	unspecified, using default values
  1528                           ;	Write Protection bit
  1529                           ;	WRT0 = 0x1, unprogrammed default
  1530                           ;	Write Protection bit
  1531                           ;	WRT1 = 0x1, unprogrammed default
  1532                           ;	Write Protection bit
  1533                           ;	WRT2 = 0x1, unprogrammed default
  1534                           ;	Write Protection bit
  1535                           ;	WRT3 = 0x1, unprogrammed default
  1536   30000A                     	org	3145738
  1537   30000A  0F                 	db	15
  1538                           
  1539                           ;Config register CONFIG6H @ 0x30000B
  1540                           ;	unspecified, using default values
  1541                           ;	Configuration Register Write Protection bit
  1542                           ;	WRTC = 0x1, unprogrammed default
  1543                           ;	Boot Block Write Protection bit
  1544                           ;	WRTB = 0x1, unprogrammed default
  1545                           ;	Data EEPROM Write Protection bit
  1546                           ;	WRTD = 0x1, unprogrammed default
  1547   30000B                     	org	3145739
  1548   30000B  E0                 	db	224
  1549                           
  1550                           ;Config register CONFIG7L @ 0x30000C
  1551                           ;	unspecified, using default values
  1552                           ;	Table Read Protection bit
  1553                           ;	EBTR0 = 0x1, unprogrammed default
  1554                           ;	Table Read Protection bit
  1555                           ;	EBTR1 = 0x1, unprogrammed default
  1556                           ;	Table Read Protection bit
  1557                           ;	EBTR2 = 0x1, unprogrammed default
  1558                           ;	Table Read Protection bit
  1559                           ;	EBTR3 = 0x1, unprogrammed default
  1560   30000C                     	org	3145740
  1561   30000C  0F                 	db	15
  1562                           
  1563                           ;Config register CONFIG7H @ 0x30000D
  1564                           ;	unspecified, using default values
  1565                           ;	Boot Block Table Read Protection bit
  1566                           ;	EBTRB = 0x1, unprogrammed default
  1567   30000D                     	org	3145741
  1568   30000D  40                 	db	64
  1569                           tosu	equ	0xFFF
  1570                           tosh	equ	0xFFE
  1571                           tosl	equ	0xFFD
  1572                           stkptr	equ	0xFFC
  1573                           pclatu	equ	0xFFB
  1574                           pclath	equ	0xFFA
  1575                           pcl	equ	0xFF9
  1576                           tblptru	equ	0xFF8
  1577                           tblptrh	equ	0xFF7
  1578                           tblptrl	equ	0xFF6
  1579                           tablat	equ	0xFF5
  1580                           prodh	equ	0xFF4
  1581                           prodl	equ	0xFF3
  1582                           indf0	equ	0xFEF
  1583                           postinc0	equ	0xFEE
  1584                           postdec0	equ	0xFED
  1585                           preinc0	equ	0xFEC
  1586                           plusw0	equ	0xFEB
  1587                           fsr0h	equ	0xFEA
  1588                           fsr0l	equ	0xFE9
  1589                           wreg	equ	0xFE8
  1590                           indf1	equ	0xFE7
  1591                           postinc1	equ	0xFE6
  1592                           postdec1	equ	0xFE5
  1593                           preinc1	equ	0xFE4
  1594                           plusw1	equ	0xFE3
  1595                           fsr1h	equ	0xFE2
  1596                           fsr1l	equ	0xFE1
  1597                           bsr	equ	0xFE0
  1598                           indf2	equ	0xFDF
  1599                           postinc2	equ	0xFDE
  1600                           postdec2	equ	0xFDD
  1601                           preinc2	equ	0xFDC
  1602                           plusw2	equ	0xFDB
  1603                           fsr2h	equ	0xFDA
  1604                           fsr2l	equ	0xFD9
  1605                           status	equ	0xFD8

Data Sizes:
    Strings     0
    Constant    0
    Data        11
    BSS         4
    Persistent  1
    Stack       0

Auto Spaces:
    Space          Size  Autos    Used
    COMRAM           95     28      44
    BANK0           160      0       0
    BANK1           256      0       0
    BANK2           256      0       0
    BANK3           256      0       0
    BANK4           256      0       0
    BANK5           256      0       0

Pointer List with Targets:

    display@ssd	PTR unsigned char  size(1) Largest target is 4
		 -> main@ssd(COMRAM[4]), 


Critical Paths under _main in COMRAM

    _main->___awmod
    ___awmod->___awdiv

Critical Paths under _main in BANK0

    None.

Critical Paths under _main in BANK1

    None.

Critical Paths under _main in BANK2

    None.

Critical Paths under _main in BANK3

    None.

Critical Paths under _main in BANK4

    None.

Critical Paths under _main in BANK5

    None.

Call Graph Tables:

 ---------------------------------------------------------------------------------
 (Depth) Function   	        Calls       Base Space   Used Autos Params    Refs
 ---------------------------------------------------------------------------------
 (0) _main                                                14    14      0     986
                                             14 COMRAM    14    14      0
                            ___awdiv
                            ___awmod
                            _display
                  _read_digit_keypad
 ---------------------------------------------------------------------------------
 (1) _read_digit_keypad                                    1     1      0      30
                                              0 COMRAM     1     1      0
 ---------------------------------------------------------------------------------
 (1) _display                                              7     6      1     159
                                              0 COMRAM     7     6      1
 ---------------------------------------------------------------------------------
 (1) ___awmod                                              6     2      4     302
                                              8 COMRAM     6     2      4
                            ___awdiv (ARG)
 ---------------------------------------------------------------------------------
 (1) ___awdiv                                              8     4      4     306
                                              0 COMRAM     8     4      4
 ---------------------------------------------------------------------------------
 Estimated maximum stack depth 1
 ---------------------------------------------------------------------------------

 Call Graph Graphs:

 _main (ROOT)
   ___awdiv
   ___awmod
     ___awdiv (ARG)
   _display
   _read_digit_keypad

Address spaces:
Name               Size   Autos  Total    Usage
BIGRAM            1535      0       0      0.0%
BITBIGSFRl         640      0       0      0.0%
BITBANK5           256      0       0      0.0%
BANK5              256      0       0      0.0%
BITBANK4           256      0       0      0.0%
BANK4              256      0       0      0.0%
BITBANK3           256      0       0      0.0%
BANK3              256      0       0      0.0%
BITBANK2           256      0       0      0.0%
BANK2              256      0       0      0.0%
BITBANK1           256      0       0      0.0%
BANK1              256      0       0      0.0%
BITBANK0           160      0       0      0.0%
BANK0              160      0       0      0.0%
BITBIGSFRh         127      0       0      0.0%
BITCOMRAM           95      0       0      0.0%
COMRAM              95     28      44     46.3%
STACK                0      0       0      0.0%
DATA                 0      0      44      0.0%


Microchip Technology PIC18 Macro Assembler V3.10 build 20250813170317 
Symbol Table                                                                                   Wed Mar 11 16:20:30 2026

                          l43 09B0                            l55 0940                            u10 0954  
                          u11 0950                            u20 096C                            u21 0968  
                          u30 0980                            u31 097C                            u40 0990  
                          u41 098C                            u50 09AA                            u51 09A6  
                ___awdiv@sign 0006                           l412 08C6                           l399 0818  
                         l841 0944                           l851 096C                           l843 0954  
                         l853 0980                           l855 0990                           l863 0996  
                         l865 09AA                           l849 095C                           l867 09AE  
                         u300 0784                           u301 0780                           u310 07A8  
                         u311 07A4                           u320 07C6                           u400 08B6  
                         u321 07C2                           u401 08B2                           u330 07E2  
                         u331 07DE                           u411 0620                           u340 0808  
                         u420 0642                           u341 0804                           u421 063E  
                         u350 082A                           u270 0920                           u430 0662  
                         u351 0826                           u271 091C                           u431 065E  
                         u360 0844                           u280 0940                           u264 08EC  
                         u440 0688                           u361 0840                           u281 093C  
                         u265 08E8                           u441 0684                           u290 076A  
                         u370 085E                           u450 06A2                           u291 0766  
                         u371 085A                           u451 069E                           u380 087C  
                         u381 0878                           u390 0892                           u391 088E  
                         _key 002C                  ___awmod@sign 000E                           wreg 0FE8  
                        l1101 087C                          l1021 08DA                          l1013 08C8  
                        l1111 08B6                          l1103 0892                          l1031 0904  
                        l1023 08FA                          l1041 076A                          l1113 08BE  
                        l1105 089A                          l1033 0920                          l1121 0610  
                        l1051 0790                          l1043 0772                          l1107 08A0  
                        l1035 0924                          l1019 08CE                          l1131 0646  
                        l1123 0616                          l1061 07C6                          l1053 0796  
                        l1045 0776                          l1037 075A                          l1109 08A6  
                        l1029 0900                          l1141 06A6                          l1133 0662  
                        l1125 0628                          l1117 0602                          l1071 07F2  
                        l1063 07CC                          l1055 07A8                          l1047 0784  
                        l1039 075C                          l1151 072C                          l1135 066C  
                        l1127 0630                          l1119 0604                          l1065 07E2  
                        l1057 07B0                          l1073 07F8                          l1049 078C  
                        l1081 081A                          l1153 074A                          l1137 0688  
                        l1145 06AC                          l1129 0642                          l1075 0808  
                        l1067 07EA                          l1059 07B8                          l1091 0844  
                        l1083 081C                          l1147 06CC                          l1139 06A2  
                        l1077 0810                          l1069 07EC                          l1093 084C  
                        l1085 082A                          l1149 06FC                          l1095 085E  
                        l1087 0832                          l1097 0866                          l1089 0836  
                        l1099 086E                   display@data 0006                          _main 0602  
                        _once 0027                          _time 0028                          fsr2h 0FDA  
                        indf2 0FDF                          fsr1l 0FE1                          fsr2l 0FD9  
                        start 2FFC                  ___param_bank 0000                         ?_main 0001  
             __end_of___awdiv 081A               __end_of___awmod 08C8               ___awdiv@divisor 0003  
             ___awdiv@counter 0005                         _PORTA 0F80                         _PORTC 0F82  
                       _PORTD 0F83                         _TRISA 0F92                         _TRISC 0F94  
                       _TRISD 0F95               __end_of_display 0942                         _count 002A  
                       tablat 0FF5                         plusw1 0FE3                         plusw2 0FDB  
                       status 0FD8               __initialization 09B2                  __end_of_main 075A  
                      ??_main 000F                 __activetblptr 0000              ___awdiv@dividend 0001  
                   ??___awdiv 0005                     ??___awmod 000D              ___awdiv@quotient 0007  
             ___awmod@divisor 000B                        isa$std 0001               ___awmod@counter 000D  
                   ??_display 0002                  __pdataCOMRAM 001D                  __mediumconst 0600  
                      tblptrh 0FF7                        tblptrl 0FF6                        tblptru 0FF8  
           _read_digit_keypad 0942            ?_read_digit_keypad 0001                    __accesstop 0060  
     __end_of__initialization 09DA                 ___rparam_used 0001           ??_read_digit_keypad 0001  
              __pcstackCOMRAM 0001     __end_of_read_digit_keypad 09B2                    __pnvCOMRAM 002C  
                     __Hparam 0000  read_digit_keypad@detect_type 0001                       __Lparam 0000  
                     ___awdiv 075A                       ___awmod 081A                  __psmallconst 0600  
                     __pcinit 09B2                       __ramtop 0600                       __ptext0 0602  
                     __ptext1 0942                       __ptext2 08C8                       __ptext3 081A  
                     __ptext4 075A                       _display 08C8              ___awmod@dividend 0009  
                     main@ssd 0019          end_of_initialization 09DA                       postdec1 0FE5  
                     postinc0 0FEE                    main@F10489 001D                    main@digits 000F  
                  display@ssd 0001                 __pidataCOMRAM 09E0           start_initialization 09B2  
                 __pbssCOMRAM 0028                      ?___awdiv 0001                      ?___awmod 0009  
                    ?_display 0001                   __smallconst 0600                     copy_data0 09C6  
                    __Hrparam 0000                      __Lrparam 0000                      isa$xinst 0000  
                    display@i 0004  
