

Microchip MPLAB XC8 Assembler V3.10 build 20250813170317 
                                                                                               Tue Mar 24 17:24:07 2026

Microchip MPLAB XC8 C Compiler v3.10 (Free license) build 20250813170317 Og1 
     1                           	processor	18F4580
     2                           	fnconf	rparam,??,?,0
     3                           	pagewidth 120
     4                           	opt	flic
     5                           	psect	idataCOMRAM,global,class=CODE,space=0,delta=1,noexec
     6                           	psect	idataBANK0,global,class=CODE,space=0,delta=1,noexec
     7                           	psect	cinit,global,reloc=2,class=CODE,space=0,delta=1
     8                           	psect	bssCOMRAM,global,class=COMRAM,space=1,delta=1,lowdata,noexec
     9                           	psect	dataCOMRAM,global,class=COMRAM,space=1,delta=1,lowdata,noexec
    10                           	psect	dataBANK0,global,class=BANK0,space=1,delta=1,lowdata,noexec
    11                           	psect	cstackCOMRAM,global,class=COMRAM,space=1,delta=1,lowdata,noexec
    12                           	psect	text0,global,reloc=2,class=CODE,space=0,delta=1
    13                           	psect	text1,global,reloc=2,class=CODE,space=0,delta=1
    14                           	psect	text2,global,reloc=2,class=CODE,space=0,delta=1,group=2
    15                           	psect	text3,global,reloc=2,class=CODE,space=0,delta=1
    16                           	psect	text4,global,reloc=2,class=CODE,space=0,delta=1
    17                           	psect	text5,global,reloc=2,class=CODE,space=0,delta=1
    18                           	psect	text6,global,reloc=2,class=CODE,space=0,delta=1
    19                           	psect	text7,global,reloc=2,class=CODE,space=0,delta=1
    20                           	psect	text8,global,reloc=2,class=CODE,space=0,delta=1
    21                           	psect	text9,global,reloc=2,class=CODE,space=0,delta=1
    22                           	psect	text10,global,reloc=2,class=CODE,space=0,delta=1
    23                           	psect	text11,global,reloc=2,class=CODE,space=0,delta=1
    24                           	psect	text12,global,reloc=2,class=CODE,space=0,delta=1
    25                           	psect	smallconst,global,reloc=2,class=SMALLCONST,space=0,delta=1,noexec
    26                           	psect	intsave_regs,global,class=BIGRAM,space=1,delta=1,noexec
    27                           	psect	rparam,global,class=COMRAM,space=1,delta=1,noexec
    28                           	psect	idloc,global,abs,ovrld,class=IDLOC,space=5,delta=1,noexec
    29                           	psect	config,global,abs,ovrld,class=CONFIG,space=4,delta=1,noexec
    30   000000                     
    31                           ; Version 2.40
    32                           ; Generated 17/11/2021 GMT
    33                           ; 
    34                           ; Copyright © 2021, Microchip Technology Inc. and its subsidiaries ("Microchip")
    35                           ; All rights reserved.
    36                           ; 
    37                           ; This software is developed by Microchip Technology Inc. and its subsidiaries ("Microch
      +                          ip").
    38                           ; 
    39                           ; Redistribution and use in source and binary forms, with or without modification, are
    40                           ; permitted provided that the following conditions are met:
    41                           ; 
    42                           ;     1. Redistributions of source code must retain the above copyright notice, this lis
      +                          t of
    43                           ;        conditions and the following disclaimer.
    44                           ; 
    45                           ;     2. Redistributions in binary form must reproduce the above copyright notice, this 
      +                          list
    46                           ;        of conditions and the following disclaimer in the documentation and/or other
    47                           ;        materials provided with the distribution. Publication is not required when
    48                           ;        this file is used in an embedded application.
    49                           ; 
    50                           ;     3. Microchip's name may not be used to endorse or promote products derived from th
      +                          is
    51                           ;        software without specific prior written permission.
    52                           ; 
    53                           ; THIS SOFTWARE IS PROVIDED BY MICROCHIP "AS IS" AND ANY EXPRESS OR IMPLIED WARRANTIES,
    54                           ; INCLUDING, BUT NOT LIMITED TO, THE IMPLIED WARRANTIES OF MERCHANTABILITY AND FITNESS F
      +                          OR
    55                           ; PURPOSE ARE DISCLAIMED.  IN NO EVENT SHALL MICROCHIP BE LIABLE FOR ANY DIRECT, INDIREC
      +                          T,
    56                           ; INCIDENTAL, SPECIAL, EXEMPLARY, OR CONSEQUENTIAL DAMAGES (INCLUDING BUT NOT LIMITED TO
    57                           ; PROCUREMENT OF SUBSTITUTE GOODS OR SERVICES; LOSS OF USE, DATA OR PROFITS; OR BUSINESS
    58                           ; INTERRUPTION) HOWSOEVER CAUSED AND ON ANY THEORY OF LIABILITY, WHETHER IN CONTRACT, ST
      +                          RICT
    59                           ; LIABILITY, OR TORT (INCLUDING NEGLIGENCE OR OTHERWISE) ARISING IN ANY WAY OUT OF THE U
      +                          SE OF
    60                           ; THIS SOFTWARE, EVEN IF ADVISED OF THE POSSIBILITY OF SUCH DAMAGE.
    61                           ; 
    62                           ; 
    63                           ; Code-generator required, PIC18F4580 Definitions
    64                           ; 
    65                           ; SFR Addresses
    66   000FE0                     bsr             equ	4064
    67   000FE9                     fsr0            equ	4073
    68   000FEA                     fsr0h           equ	4074
    69   000FE9                     fsr0l           equ	4073
    70   000FE1                     fsr1            equ	4065
    71   000FE2                     fsr1h           equ	4066
    72   000FE1                     fsr1l           equ	4065
    73   000FD9                     fsr2            equ	4057
    74   000FDA                     fsr2h           equ	4058
    75   000FD9                     fsr2l           equ	4057
    76   000FEF                     indf0           equ	4079
    77   000FE7                     indf1           equ	4071
    78   000FDF                     indf2           equ	4063
    79   000FF2                     intcon          equ	4082
    80   000000                     nvmcon          equ	0
    81   000FF9                     pcl             equ	4089
    82   000FFA                     pclath          equ	4090
    83   000FFB                     pclatu          equ	4091
    84   000FEB                     plusw0          equ	4075
    85   000FE3                     plusw1          equ	4067
    86   000FDB                     plusw2          equ	4059
    87   000FED                     postdec0        equ	4077
    88   000FE5                     postdec1        equ	4069
    89   000FDD                     postdec2        equ	4061
    90   000FEE                     postinc0        equ	4078
    91   000FE6                     postinc1        equ	4070
    92   000FDE                     postinc2        equ	4062
    93   000FEC                     preinc0         equ	4076
    94   000FE4                     preinc1         equ	4068
    95   000FDC                     preinc2         equ	4060
    96   000FF3                     prod            equ	4083
    97   000FF4                     prodh           equ	4084
    98   000FF3                     prodl           equ	4083
    99   000FD8                     status          equ	4056
   100   000FF5                     tablat          equ	4085
   101   000FF6                     tblptr          equ	4086
   102   000FF7                     tblptrh         equ	4087
   103   000FF6                     tblptrl         equ	4086
   104   000FF8                     tblptru         equ	4088
   105   000FFD                     tosl            equ	4093
   106   000FE8                     wreg            equ	4072
   107   000D60                     RXF6SIDH        equ	3424	;# 
   108   000D61                     RXF6SIDL        equ	3425	;# 
   109   000D62                     RXF6EIDH        equ	3426	;# 
   110   000D63                     RXF6EIDL        equ	3427	;# 
   111   000D64                     RXF7SIDH        equ	3428	;# 
   112   000D65                     RXF7SIDL        equ	3429	;# 
   113   000D66                     RXF7EIDH        equ	3430	;# 
   114   000D67                     RXF7EIDL        equ	3431	;# 
   115   000D68                     RXF8SIDH        equ	3432	;# 
   116   000D69                     RXF8SIDL        equ	3433	;# 
   117   000D6A                     RXF8EIDH        equ	3434	;# 
   118   000D6B                     RXF8EIDL        equ	3435	;# 
   119   000D70                     RXF9SIDH        equ	3440	;# 
   120   000D71                     RXF9SIDL        equ	3441	;# 
   121   000D72                     RXF9EIDH        equ	3442	;# 
   122   000D73                     RXF9EIDL        equ	3443	;# 
   123   000D74                     RXF10SIDH       equ	3444	;# 
   124   000D75                     RXF10SIDL       equ	3445	;# 
   125   000D76                     RXF10EIDH       equ	3446	;# 
   126   000D77                     RXF10EIDL       equ	3447	;# 
   127   000D78                     RXF11SIDH       equ	3448	;# 
   128   000D79                     RXF11SIDL       equ	3449	;# 
   129   000D7A                     RXF11EIDH       equ	3450	;# 
   130   000D7B                     RXF11EIDL       equ	3451	;# 
   131   000D80                     RXF12SIDH       equ	3456	;# 
   132   000D81                     RXF12SIDL       equ	3457	;# 
   133   000D82                     RXF12EIDH       equ	3458	;# 
   134   000D83                     RXF12EIDL       equ	3459	;# 
   135   000D84                     RXF13SIDH       equ	3460	;# 
   136   000D85                     RXF13SIDL       equ	3461	;# 
   137   000D86                     RXF13EIDH       equ	3462	;# 
   138   000D87                     RXF13EIDL       equ	3463	;# 
   139   000D88                     RXF14SIDH       equ	3464	;# 
   140   000D89                     RXF14SIDL       equ	3465	;# 
   141   000D8A                     RXF14EIDH       equ	3466	;# 
   142   000D8B                     RXF14EIDL       equ	3467	;# 
   143   000D90                     RXF15SIDH       equ	3472	;# 
   144   000D91                     RXF15SIDL       equ	3473	;# 
   145   000D92                     RXF15EIDH       equ	3474	;# 
   146   000D93                     RXF15EIDL       equ	3475	;# 
   147   000DD4                     RXFCON0         equ	3540	;# 
   148   000DD5                     RXFCON1         equ	3541	;# 
   149   000DD8                     SDFLC           equ	3544	;# 
   150   000DE0                     RXFBCON0        equ	3552	;# 
   151   000DE1                     RXFBCON1        equ	3553	;# 
   152   000DE2                     RXFBCON2        equ	3554	;# 
   153   000DE3                     RXFBCON3        equ	3555	;# 
   154   000DE4                     RXFBCON4        equ	3556	;# 
   155   000DE5                     RXFBCON5        equ	3557	;# 
   156   000DE6                     RXFBCON6        equ	3558	;# 
   157   000DE7                     RXFBCON7        equ	3559	;# 
   158   000DF0                     MSEL0           equ	3568	;# 
   159   000DF1                     MSEL1           equ	3569	;# 
   160   000DF2                     MSEL2           equ	3570	;# 
   161   000DF3                     MSEL3           equ	3571	;# 
   162   000DF8                     BSEL0           equ	3576	;# 
   163   000DFA                     BIE0            equ	3578	;# 
   164   000DFC                     TXBIE           equ	3580	;# 
   165   000E20                     B0CON           equ	3616	;# 
   166   000E21                     B0SIDH          equ	3617	;# 
   167   000E22                     B0SIDL          equ	3618	;# 
   168   000E23                     B0EIDH          equ	3619	;# 
   169   000E24                     B0EIDL          equ	3620	;# 
   170   000E25                     B0DLC           equ	3621	;# 
   171   000E26                     B0D0            equ	3622	;# 
   172   000E27                     B0D1            equ	3623	;# 
   173   000E28                     B0D2            equ	3624	;# 
   174   000E29                     B0D3            equ	3625	;# 
   175   000E2A                     B0D4            equ	3626	;# 
   176   000E2B                     B0D5            equ	3627	;# 
   177   000E2C                     B0D6            equ	3628	;# 
   178   000E2D                     B0D7            equ	3629	;# 
   179   000E2E                     CANSTAT_RO9     equ	3630	;# 
   180   000E2F                     CANCON_RO9      equ	3631	;# 
   181   000E30                     B1CON           equ	3632	;# 
   182   000E31                     B1SIDH          equ	3633	;# 
   183   000E32                     B1SIDL          equ	3634	;# 
   184   000E33                     B1EIDH          equ	3635	;# 
   185   000E34                     B1EIDL          equ	3636	;# 
   186   000E35                     B1DLC           equ	3637	;# 
   187   000E36                     B1D0            equ	3638	;# 
   188   000E37                     B1D1            equ	3639	;# 
   189   000E38                     B1D2            equ	3640	;# 
   190   000E39                     B1D3            equ	3641	;# 
   191   000E3A                     B1D4            equ	3642	;# 
   192   000E3B                     B1D5            equ	3643	;# 
   193   000E3C                     B1D6            equ	3644	;# 
   194   000E3D                     B1D7            equ	3645	;# 
   195   000E3E                     CANSTAT_RO8     equ	3646	;# 
   196   000E3F                     CANCON_RO8      equ	3647	;# 
   197   000E40                     B2CON           equ	3648	;# 
   198   000E41                     B2SIDH          equ	3649	;# 
   199   000E42                     B2SIDL          equ	3650	;# 
   200   000E43                     B2EIDH          equ	3651	;# 
   201   000E44                     B2EIDL          equ	3652	;# 
   202   000E45                     B2DLC           equ	3653	;# 
   203   000E46                     B2D0            equ	3654	;# 
   204   000E47                     B2D1            equ	3655	;# 
   205   000E48                     B2D2            equ	3656	;# 
   206   000E49                     B2D3            equ	3657	;# 
   207   000E4A                     B2D4            equ	3658	;# 
   208   000E4B                     B2D5            equ	3659	;# 
   209   000E4C                     B2D6            equ	3660	;# 
   210   000E4D                     B2D7            equ	3661	;# 
   211   000E4E                     CANSTAT_RO7     equ	3662	;# 
   212   000E4F                     CANCON_RO7      equ	3663	;# 
   213   000E50                     B3CON           equ	3664	;# 
   214   000E51                     B3SIDH          equ	3665	;# 
   215   000E52                     B3SIDL          equ	3666	;# 
   216   000E53                     B3EIDH          equ	3667	;# 
   217   000E54                     B3EIDL          equ	3668	;# 
   218   000E55                     B3DLC           equ	3669	;# 
   219   000E56                     B3D0            equ	3670	;# 
   220   000E57                     B3D1            equ	3671	;# 
   221   000E58                     B3D2            equ	3672	;# 
   222   000E59                     B3D3            equ	3673	;# 
   223   000E5A                     B3D4            equ	3674	;# 
   224   000E5B                     B3D5            equ	3675	;# 
   225   000E5C                     B3D6            equ	3676	;# 
   226   000E5D                     B3D7            equ	3677	;# 
   227   000E5E                     CANSTAT_RO6     equ	3678	;# 
   228   000E5F                     CANCON_RO6      equ	3679	;# 
   229   000E60                     B4CON           equ	3680	;# 
   230   000E61                     B4SIDH          equ	3681	;# 
   231   000E62                     B4SIDL          equ	3682	;# 
   232   000E63                     B4EIDH          equ	3683	;# 
   233   000E64                     B4EIDL          equ	3684	;# 
   234   000E65                     B4DLC           equ	3685	;# 
   235   000E66                     B4D0            equ	3686	;# 
   236   000E67                     B4D1            equ	3687	;# 
   237   000E68                     B4D2            equ	3688	;# 
   238   000E69                     B4D3            equ	3689	;# 
   239   000E6A                     B4D4            equ	3690	;# 
   240   000E6B                     B4D5            equ	3691	;# 
   241   000E6C                     B4D6            equ	3692	;# 
   242   000E6D                     B4D7            equ	3693	;# 
   243   000E6E                     CANSTAT_RO5     equ	3694	;# 
   244   000E6F                     CANCON_RO5      equ	3695	;# 
   245   000E70                     B5CON           equ	3696	;# 
   246   000E71                     B5SIDH          equ	3697	;# 
   247   000E72                     B5SIDL          equ	3698	;# 
   248   000E73                     B5EIDH          equ	3699	;# 
   249   000E74                     B5EIDL          equ	3700	;# 
   250   000E75                     B5DLC           equ	3701	;# 
   251   000E76                     B5D0            equ	3702	;# 
   252   000E77                     B5D1            equ	3703	;# 
   253   000E78                     B5D2            equ	3704	;# 
   254   000E79                     B5D3            equ	3705	;# 
   255   000E7A                     B5D4            equ	3706	;# 
   256   000E7B                     B5D5            equ	3707	;# 
   257   000E7C                     B5D6            equ	3708	;# 
   258   000E7D                     B5D7            equ	3709	;# 
   259   000E7E                     CANSTAT_RO4     equ	3710	;# 
   260   000E7F                     CANCON_RO4      equ	3711	;# 
   261   000F00                     RXF0SIDH        equ	3840	;# 
   262   000F01                     RXF0SIDL        equ	3841	;# 
   263   000F02                     RXF0EIDH        equ	3842	;# 
   264   000F03                     RXF0EIDL        equ	3843	;# 
   265   000F04                     RXF1SIDH        equ	3844	;# 
   266   000F05                     RXF1SIDL        equ	3845	;# 
   267   000F06                     RXF1EIDH        equ	3846	;# 
   268   000F07                     RXF1EIDL        equ	3847	;# 
   269   000F08                     RXF2SIDH        equ	3848	;# 
   270   000F09                     RXF2SIDL        equ	3849	;# 
   271   000F0A                     RXF2EIDH        equ	3850	;# 
   272   000F0B                     RXF2EIDL        equ	3851	;# 
   273   000F0C                     RXF3SIDH        equ	3852	;# 
   274   000F0D                     RXF3SIDL        equ	3853	;# 
   275   000F0E                     RXF3EIDH        equ	3854	;# 
   276   000F0F                     RXF3EIDL        equ	3855	;# 
   277   000F10                     RXF4SIDH        equ	3856	;# 
   278   000F11                     RXF4SIDL        equ	3857	;# 
   279   000F12                     RXF4EIDH        equ	3858	;# 
   280   000F13                     RXF4EIDL        equ	3859	;# 
   281   000F14                     RXF5SIDH        equ	3860	;# 
   282   000F15                     RXF5SIDL        equ	3861	;# 
   283   000F16                     RXF5EIDH        equ	3862	;# 
   284   000F17                     RXF5EIDL        equ	3863	;# 
   285   000F18                     RXM0SIDH        equ	3864	;# 
   286   000F19                     RXM0SIDL        equ	3865	;# 
   287   000F1A                     RXM0EIDH        equ	3866	;# 
   288   000F1B                     RXM0EIDL        equ	3867	;# 
   289   000F1C                     RXM1SIDH        equ	3868	;# 
   290   000F1D                     RXM1SIDL        equ	3869	;# 
   291   000F1E                     RXM1EIDH        equ	3870	;# 
   292   000F1F                     RXM1EIDL        equ	3871	;# 
   293   000F20                     TXB2CON         equ	3872	;# 
   294   000F21                     TXB2SIDH        equ	3873	;# 
   295   000F22                     TXB2SIDL        equ	3874	;# 
   296   000F23                     TXB2EIDH        equ	3875	;# 
   297   000F24                     TXB2EIDL        equ	3876	;# 
   298   000F25                     TXB2DLC         equ	3877	;# 
   299   000F26                     TXB2D0          equ	3878	;# 
   300   000F27                     TXB2D1          equ	3879	;# 
   301   000F28                     TXB2D2          equ	3880	;# 
   302   000F29                     TXB2D3          equ	3881	;# 
   303   000F2A                     TXB2D4          equ	3882	;# 
   304   000F2B                     TXB2D5          equ	3883	;# 
   305   000F2C                     TXB2D6          equ	3884	;# 
   306   000F2D                     TXB2D7          equ	3885	;# 
   307   000F2E                     CANSTAT_RO3     equ	3886	;# 
   308   000F2F                     CANCON_RO3      equ	3887	;# 
   309   000F30                     TXB1CON         equ	3888	;# 
   310   000F31                     TXB1SIDH        equ	3889	;# 
   311   000F32                     TXB1SIDL        equ	3890	;# 
   312   000F33                     TXB1EIDH        equ	3891	;# 
   313   000F34                     TXB1EIDL        equ	3892	;# 
   314   000F35                     TXB1DLC         equ	3893	;# 
   315   000F36                     TXB1D0          equ	3894	;# 
   316   000F37                     TXB1D1          equ	3895	;# 
   317   000F38                     TXB1D2          equ	3896	;# 
   318   000F39                     TXB1D3          equ	3897	;# 
   319   000F3A                     TXB1D4          equ	3898	;# 
   320   000F3B                     TXB1D5          equ	3899	;# 
   321   000F3C                     TXB1D6          equ	3900	;# 
   322   000F3D                     TXB1D7          equ	3901	;# 
   323   000F3E                     CANSTAT_RO2     equ	3902	;# 
   324   000F3F                     CANCON_RO2      equ	3903	;# 
   325   000F40                     TXB0CON         equ	3904	;# 
   326   000F41                     TXB0SIDH        equ	3905	;# 
   327   000F42                     TXB0SIDL        equ	3906	;# 
   328   000F43                     TXB0EIDH        equ	3907	;# 
   329   000F44                     TXB0EIDL        equ	3908	;# 
   330   000F45                     TXB0DLC         equ	3909	;# 
   331   000F46                     TXB0D0          equ	3910	;# 
   332   000F47                     TXB0D1          equ	3911	;# 
   333   000F48                     TXB0D2          equ	3912	;# 
   334   000F49                     TXB0D3          equ	3913	;# 
   335   000F4A                     TXB0D4          equ	3914	;# 
   336   000F4B                     TXB0D5          equ	3915	;# 
   337   000F4C                     TXB0D6          equ	3916	;# 
   338   000F4D                     TXB0D7          equ	3917	;# 
   339   000F4E                     CANSTAT_RO1     equ	3918	;# 
   340   000F4F                     CANCON_RO1      equ	3919	;# 
   341   000F50                     RXB1CON         equ	3920	;# 
   342   000F51                     RXB1SIDH        equ	3921	;# 
   343   000F52                     RXB1SIDL        equ	3922	;# 
   344   000F53                     RXB1EIDH        equ	3923	;# 
   345   000F54                     RXB1EIDL        equ	3924	;# 
   346   000F55                     RXB1DLC         equ	3925	;# 
   347   000F56                     RXB1D0          equ	3926	;# 
   348   000F57                     RXB1D1          equ	3927	;# 
   349   000F58                     RXB1D2          equ	3928	;# 
   350   000F59                     RXB1D3          equ	3929	;# 
   351   000F5A                     RXB1D4          equ	3930	;# 
   352   000F5B                     RXB1D5          equ	3931	;# 
   353   000F5C                     RXB1D6          equ	3932	;# 
   354   000F5D                     RXB1D7          equ	3933	;# 
   355   000F5E                     CANSTAT_RO0     equ	3934	;# 
   356   000F5F                     CANCON_RO0      equ	3935	;# 
   357   000F60                     RXB0CON         equ	3936	;# 
   358   000F61                     RXB0SIDH        equ	3937	;# 
   359   000F62                     RXB0SIDL        equ	3938	;# 
   360   000F63                     RXB0EIDH        equ	3939	;# 
   361   000F64                     RXB0EIDL        equ	3940	;# 
   362   000F65                     RXB0DLC         equ	3941	;# 
   363   000F66                     RXB0D0          equ	3942	;# 
   364   000F67                     RXB0D1          equ	3943	;# 
   365   000F68                     RXB0D2          equ	3944	;# 
   366   000F69                     RXB0D3          equ	3945	;# 
   367   000F6A                     RXB0D4          equ	3946	;# 
   368   000F6B                     RXB0D5          equ	3947	;# 
   369   000F6C                     RXB0D6          equ	3948	;# 
   370   000F6D                     RXB0D7          equ	3949	;# 
   371   000F6E                     CANSTAT         equ	3950	;# 
   372   000F6F                     CANCON          equ	3951	;# 
   373   000F70                     BRGCON1         equ	3952	;# 
   374   000F71                     BRGCON2         equ	3953	;# 
   375   000F72                     BRGCON3         equ	3954	;# 
   376   000F73                     CIOCON          equ	3955	;# 
   377   000F74                     COMSTAT         equ	3956	;# 
   378   000F75                     RXERRCNT        equ	3957	;# 
   379   000F76                     TXERRCNT        equ	3958	;# 
   380   000F77                     ECANCON         equ	3959	;# 
   381   000F80                     PORTA           equ	3968	;# 
   382   000F81                     PORTB           equ	3969	;# 
   383   000F82                     PORTC           equ	3970	;# 
   384   000F83                     PORTD           equ	3971	;# 
   385   000F84                     PORTE           equ	3972	;# 
   386   000F89                     LATA            equ	3977	;# 
   387   000F8A                     LATB            equ	3978	;# 
   388   000F8B                     LATC            equ	3979	;# 
   389   000F8C                     LATD            equ	3980	;# 
   390   000F8D                     LATE            equ	3981	;# 
   391   000F92                     TRISA           equ	3986	;# 
   392   000F92                     DDRA            equ	3986	;# 
   393   000F93                     TRISB           equ	3987	;# 
   394   000F93                     DDRB            equ	3987	;# 
   395   000F94                     TRISC           equ	3988	;# 
   396   000F94                     DDRC            equ	3988	;# 
   397   000F95                     TRISD           equ	3989	;# 
   398   000F95                     DDRD            equ	3989	;# 
   399   000F96                     TRISE           equ	3990	;# 
   400   000F96                     DDRE            equ	3990	;# 
   401   000F9B                     OSCTUNE         equ	3995	;# 
   402   000F9D                     PIE1            equ	3997	;# 
   403   000F9E                     PIR1            equ	3998	;# 
   404   000F9F                     IPR1            equ	3999	;# 
   405   000FA0                     PIE2            equ	4000	;# 
   406   000FA1                     PIR2            equ	4001	;# 
   407   000FA2                     IPR2            equ	4002	;# 
   408   000FA3                     PIE3            equ	4003	;# 
   409   000FA4                     PIR3            equ	4004	;# 
   410   000FA5                     IPR3            equ	4005	;# 
   411   000FA6                     EECON1          equ	4006	;# 
   412   000FA7                     EECON2          equ	4007	;# 
   413   000FA8                     EEDATA          equ	4008	;# 
   414   000FA9                     EEADR           equ	4009	;# 
   415   000FAB                     RCSTA           equ	4011	;# 
   416   000FAB                     RCSTA1          equ	4011	;# 
   417   000FAC                     TXSTA           equ	4012	;# 
   418   000FAC                     TXSTA1          equ	4012	;# 
   419   000FAD                     TXREG           equ	4013	;# 
   420   000FAD                     TXREG1          equ	4013	;# 
   421   000FAE                     RCREG           equ	4014	;# 
   422   000FAE                     RCREG1          equ	4014	;# 
   423   000FAF                     SPBRG           equ	4015	;# 
   424   000FAF                     SPBRG1          equ	4015	;# 
   425   000FB0                     SPBRGH          equ	4016	;# 
   426   000FB1                     T3CON           equ	4017	;# 
   427   000FB2                     TMR3            equ	4018	;# 
   428   000FB2                     TMR3L           equ	4018	;# 
   429   000FB3                     TMR3H           equ	4019	;# 
   430   000FB4                     CMCON           equ	4020	;# 
   431   000FB5                     CVRCON          equ	4021	;# 
   432   000FB6                     ECCP1AS         equ	4022	;# 
   433   000FB7                     ECCP1DEL        equ	4023	;# 
   434   000FB8                     BAUDCON         equ	4024	;# 
   435   000FB8                     BAUDCTL         equ	4024	;# 
   436   000FBA                     ECCP1CON        equ	4026	;# 
   437   000FBB                     ECCPR1          equ	4027	;# 
   438   000FBB                     ECCPR1L         equ	4027	;# 
   439   000FBC                     ECCPR1H         equ	4028	;# 
   440   000FBD                     CCP1CON         equ	4029	;# 
   441   000FBE                     CCPR1           equ	4030	;# 
   442   000FBE                     CCPR1L          equ	4030	;# 
   443   000FBF                     CCPR1H          equ	4031	;# 
   444   000FC0                     ADCON2          equ	4032	;# 
   445   000FC1                     ADCON1          equ	4033	;# 
   446   000FC2                     ADCON0          equ	4034	;# 
   447   000FC3                     ADRES           equ	4035	;# 
   448   000FC3                     ADRESL          equ	4035	;# 
   449   000FC4                     ADRESH          equ	4036	;# 
   450   000FC5                     SSPCON2         equ	4037	;# 
   451   000FC6                     SSPCON1         equ	4038	;# 
   452   000FC7                     SSPSTAT         equ	4039	;# 
   453   000FC8                     SSPADD          equ	4040	;# 
   454   000FC9                     SSPBUF          equ	4041	;# 
   455   000FCA                     T2CON           equ	4042	;# 
   456   000FCB                     PR2             equ	4043	;# 
   457   000FCB                     MEMCON          equ	4043	;# 
   458   000FCC                     TMR2            equ	4044	;# 
   459   000FCD                     T1CON           equ	4045	;# 
   460   000FCE                     TMR1            equ	4046	;# 
   461   000FCE                     TMR1L           equ	4046	;# 
   462   000FCF                     TMR1H           equ	4047	;# 
   463   000FD0                     RCON            equ	4048	;# 
   464   000FD1                     WDTCON          equ	4049	;# 
   465   000FD2                     HLVDCON         equ	4050	;# 
   466   000FD2                     LVDCON          equ	4050	;# 
   467   000FD3                     OSCCON          equ	4051	;# 
   468   000FD5                     T0CON           equ	4053	;# 
   469   000FD6                     TMR0            equ	4054	;# 
   470   000FD6                     TMR0L           equ	4054	;# 
   471   000FD7                     TMR0H           equ	4055	;# 
   472   000FD8                     STATUS          equ	4056	;# 
   473   000FD9                     FSR2            equ	4057	;# 
   474   000FD9                     FSR2L           equ	4057	;# 
   475   000FDA                     FSR2H           equ	4058	;# 
   476   000FDB                     PLUSW2          equ	4059	;# 
   477   000FDC                     PREINC2         equ	4060	;# 
   478   000FDD                     POSTDEC2        equ	4061	;# 
   479   000FDE                     POSTINC2        equ	4062	;# 
   480   000FDF                     INDF2           equ	4063	;# 
   481   000FE0                     BSR             equ	4064	;# 
   482   000FE1                     FSR1            equ	4065	;# 
   483   000FE1                     FSR1L           equ	4065	;# 
   484   000FE2                     FSR1H           equ	4066	;# 
   485   000FE3                     PLUSW1          equ	4067	;# 
   486   000FE4                     PREINC1         equ	4068	;# 
   487   000FE5                     POSTDEC1        equ	4069	;# 
   488   000FE6                     POSTINC1        equ	4070	;# 
   489   000FE7                     INDF1           equ	4071	;# 
   490   000FE8                     WREG            equ	4072	;# 
   491   000FE9                     FSR0            equ	4073	;# 
   492   000FE9                     FSR0L           equ	4073	;# 
   493   000FEA                     FSR0H           equ	4074	;# 
   494   000FEB                     PLUSW0          equ	4075	;# 
   495   000FEC                     PREINC0         equ	4076	;# 
   496   000FED                     POSTDEC0        equ	4077	;# 
   497   000FEE                     POSTINC0        equ	4078	;# 
   498   000FEF                     INDF0           equ	4079	;# 
   499   000FF0                     INTCON3         equ	4080	;# 
   500   000FF1                     INTCON2         equ	4081	;# 
   501   000FF2                     INTCON          equ	4082	;# 
   502   000FF3                     PROD            equ	4083	;# 
   503   000FF3                     PRODL           equ	4083	;# 
   504   000FF4                     PRODH           equ	4084	;# 
   505   000FF5                     TABLAT          equ	4085	;# 
   506   000FF6                     TBLPTR          equ	4086	;# 
   507   000FF6                     TBLPTRL         equ	4086	;# 
   508   000FF7                     TBLPTRH         equ	4087	;# 
   509   000FF8                     TBLPTRU         equ	4088	;# 
   510   000FF9                     PCLAT           equ	4089	;# 
   511   000FF9                     PC              equ	4089	;# 
   512   000FF9                     PCL             equ	4089	;# 
   513   000FFA                     PCLATH          equ	4090	;# 
   514   000FFB                     PCLATU          equ	4091	;# 
   515   000FFC                     STKPTR          equ	4092	;# 
   516   000FFD                     TOS             equ	4093	;# 
   517   000FFD                     TOSL            equ	4093	;# 
   518   000FFE                     TOSH            equ	4094	;# 
   519   000FFF                     TOSU            equ	4095	;# 
   520                           
   521                           	psect	idataCOMRAM
   522   000D6E                     __pidataCOMRAM:
   523                           	callstack 0
   524                           
   525                           ;initializer for main@F11008
   526   000D6E  31                 	db	49
   527   000D6F  31                 	db	49
   528   000D70  31                 	db	49
   529   000D71  31                 	db	49
   530   000D72  30                 	db	48
   531   000D73  30                 	db	48
   532   000D74  30                 	db	48
   533   000D75  30                 	db	48
   534   000D76  00                 	db	0
   535                           
   536                           ;initializer for _once
   537   000D77  01                 	db	1
   538                           
   539                           	psect	idataBANK0
   540   000B5C                     __pidataBANK0:
   541                           	callstack 0
   542                           
   543                           ;initializer for main@F11006
   544   000B5C  45                 	db	69
   545   000B5D  6E                 	db	110
   546   000B5E  74                 	db	116
   547   000B5F  65                 	db	101
   548   000B60  72                 	db	114
   549   000B61  20                 	db	32
   550   000B62  50                 	db	80
   551   000B63  61                 	db	97
   552   000B64  73                 	db	115
   553   000B65  73                 	db	115
   554   000B66  77                 	db	119
   555   000B67  6F                 	db	111
   556   000B68  72                 	db	114
   557   000B69  64                 	db	100
   558   000B6A  00                 	db	0
   559   000B6B  00                 	db	0
   560                           
   561                           ;initializer for failure_at_last@F11003
   562   000B6C  52                 	db	82
   563   000B6D  65                 	db	101
   564   000B6E  73                 	db	115
   565   000B6F  65                 	db	101
   566   000B70  74                 	db	116
   567   000B71  20                 	db	32
   568   000B72  74                 	db	116
   569   000B73  68                 	db	104
   570   000B74  65                 	db	101
   571   000B75  20                 	db	32
   572   000B76  42                 	db	66
   573   000B77  6F                 	db	111
   574   000B78  61                 	db	97
   575   000B79  72                 	db	114
   576   000B7A  64                 	db	100
   577   000B7B  00                 	db	0
   578                           
   579                           ;initializer for failure_at_last@F11001
   580   000B7C  57                 	db	87
   581   000B7D  72                 	db	114
   582   000B7E  6F                 	db	111
   583   000B7F  6E                 	db	110
   584   000B80  67                 	db	103
   585   000B81  20                 	db	32
   586   000B82  50                 	db	80
   587   000B83  61                 	db	97
   588   000B84  73                 	db	115
   589   000B85  73                 	db	115
   590   000B86  77                 	db	119
   591   000B87  6F                 	db	111
   592   000B88  72                 	db	114
   593   000B89  64                 	db	100
   594   000B8A  00                 	db	0
   595   000B8B  00                 	db	0
   596                           
   597                           ;initializer for failure@F10996
   598   000B8C  41                 	db	65
   599   000B8D  74                 	db	116
   600   000B8E  74                 	db	116
   601   000B8F  65                 	db	101
   602   000B90  6D                 	db	109
   603   000B91  70                 	db	112
   604   000B92  74                 	db	116
   605   000B93  20                 	db	32
   606   000B94  6C                 	db	108
   607   000B95  65                 	db	101
   608   000B96  66                 	db	102
   609   000B97  74                 	db	116
   610   000B98  00                 	db	0
   611   000B99  00                 	db	0
   612   000B9A  00                 	db	0
   613   000B9B  00                 	db	0
   614                           
   615                           ;initializer for failure@F10994
   616   000B9C  57                 	db	87
   617   000B9D  72                 	db	114
   618   000B9E  6F                 	db	111
   619   000B9F  6E                 	db	110
   620   000BA0  67                 	db	103
   621   000BA1  20                 	db	32
   622   000BA2  50                 	db	80
   623   000BA3  61                 	db	97
   624   000BA4  73                 	db	115
   625   000BA5  73                 	db	115
   626   000BA6  77                 	db	119
   627   000BA7  6F                 	db	111
   628   000BA8  72                 	db	114
   629   000BA9  64                 	db	100
   630   000BAA  00                 	db	0
   631   000BAB  00                 	db	0
   632                           
   633                           ;initializer for display@F10990
   634   000BAC  50                 	db	80
   635   000BAD  61                 	db	97
   636   000BAE  73                 	db	115
   637   000BAF  73                 	db	115
   638   000BB0  77                 	db	119
   639   000BB1  6F                 	db	111
   640   000BB2  72                 	db	114
   641   000BB3  64                 	db	100
   642   000BB4  20                 	db	32
   643   000BB5  43                 	db	67
   644   000BB6  6F                 	db	111
   645   000BB7  72                 	db	114
   646   000BB8  72                 	db	114
   647   000BB9  65                 	db	101
   648   000BBA  63                 	db	99
   649   000BBB  74                 	db	116
   650   000F81                     _PORTB          set	3969
   651   000FF1                     _INTCON2bits    set	4081
   652   000F93                     _TRISB          set	3987
   653   000F81                     _PORTBbits      set	3969
   654   000F94                     _TRISC          set	3988
   655   000F95                     _TRISD          set	3989
   656   000F83                     _PORTD          set	3971
   657   007C08                     _RB0            set	31752
   658   007C1F                     _RD7            set	31775
   659   007C10                     _RC0            set	31760
   660   007CAF                     _TRISD7         set	31919
   661   007C12                     _RC2            set	31762
   662   007C11                     _RC1            set	31761
   663                           
   664                           ; #config settings
   665                           
   666                           	psect	cinit
   667   000C1A                     __pcinit:
   668                           	callstack 0
   669   000C1A                     start_initialization:
   670                           	callstack 0
   671   000C1A                     __initialization:
   672                           	callstack 0
   673                           
   674                           ; Initialize objects allocated to BANK0 (96 bytes)
   675                           ; load TBLPTR registers with __pidataBANK0
   676   000C1A  0E5C               	movlw	low __pidataBANK0
   677   000C1C  6EF6               	movwf	tblptrl,c
   678   000C1E  0E0B               	movlw	high __pidataBANK0
   679   000C20  6EF7               	movwf	tblptrh,c
   680   000C22  0E00               	movlw	low (__pidataBANK0 shr (0+16))
   681   000C24  6EF8               	movwf	tblptru,c
   682   000C26  EE00  F060         	lfsr	0,__pdataBANK0
   683   000C2A  EE10 F060          	lfsr	1,96
   684   000C2E                     copy_data0:
   685   000C2E  0009               	tblrd		*+
   686   000C30  CFF5 FFEE          	movff	tablat,postinc0
   687   000C34  50E5               	movf	postdec1,w,c
   688   000C36  50E1               	movf	fsr1l,w,c
   689   000C38  E1FA               	bnz	copy_data0
   690                           
   691                           ; Initialize objects allocated to COMRAM (10 bytes)
   692                           ; load TBLPTR registers with __pidataCOMRAM
   693   000C3A  0E6E               	movlw	low __pidataCOMRAM
   694   000C3C  6EF6               	movwf	tblptrl,c
   695   000C3E  0E0D               	movlw	high __pidataCOMRAM
   696   000C40  6EF7               	movwf	tblptrh,c
   697   000C42  0E00               	movlw	low (__pidataCOMRAM shr (0+16))
   698   000C44  6EF8               	movwf	tblptru,c
   699   000C46  EE00  F04F         	lfsr	0,__pdataCOMRAM
   700   000C4A  EE10 F00A          	lfsr	1,10
   701   000C4E                     copy_data1:
   702   000C4E  0009               	tblrd		*+
   703   000C50  CFF5 FFEE          	movff	tablat,postinc0
   704   000C54  50E5               	movf	postdec1,w,c
   705   000C56  50E1               	movf	fsr1l,w,c
   706   000C58  E1FA               	bnz	copy_data1
   707                           
   708                           ; Clear objects allocated to COMRAM (4 bytes)
   709   000C5A  6A5C               	clrf	(__pbssCOMRAM+3)& (0+255),c
   710   000C5C  6A5B               	clrf	(__pbssCOMRAM+2)& (0+255),c
   711   000C5E  6A5A               	clrf	(__pbssCOMRAM+1)& (0+255),c
   712   000C60  6A59               	clrf	__pbssCOMRAM& (0+255),c
   713   000C62                     end_of_initialization:
   714                           	callstack 0
   715   000C62                     __end_of__initialization:
   716                           	callstack 0
   717   000C62  0100               	movlb	0
   718   000C64  EFCB  F003         	goto	_main	;jump to C main() function
   719                           
   720                           	psect	bssCOMRAM
   721   000059                     __pbssCOMRAM:
   722                           	callstack 0
   723   000059                     _led_delay:
   724                           	callstack 0
   725   000059                     	ds	2
   726   00005B                     _delay:
   727                           	callstack 0
   728   00005B                     	ds	2
   729                           
   730                           	psect	dataCOMRAM
   731   00004F                     __pdataCOMRAM:
   732                           	callstack 0
   733   00004F                     main@F11008:
   734                           	callstack 0
   735   00004F                     	ds	9
   736   000058                     _once:
   737                           	callstack 0
   738   000058                     	ds	1
   739                           
   740                           	psect	dataBANK0
   741   000060                     __pdataBANK0:
   742                           	callstack 0
   743   000060                     main@F11006:
   744                           	callstack 0
   745   000060                     	ds	16
   746   000070                     failure_at_last@F11003:
   747                           	callstack 0
   748   000070                     	ds	16
   749   000080                     failure_at_last@F11001:
   750                           	callstack 0
   751   000080                     	ds	16
   752   000090                     failure@F10996:
   753                           	callstack 0
   754   000090                     	ds	16
   755   0000A0                     failure@F10994:
   756                           	callstack 0
   757   0000A0                     	ds	16
   758   0000B0                     display@F10990:
   759                           	callstack 0
   760   0000B0                     	ds	16
   761                           
   762                           	psect	cstackCOMRAM
   763   000001                     __pcstackCOMRAM:
   764                           	callstack 0
   765   000001                     ?_strcmp:
   766                           	callstack 0
   767   000001                     clcd_write@control_bit:
   768                           	callstack 0
   769   000001                     switch_trigger@key:
   770                           	callstack 0
   771   000001                     strcmp@l:
   772                           	callstack 0
   773   000001                     ??_LED_blink:
   774                           
   775                           ; 1 bytes @ 0x0
   776   000001                     	ds	1
   777   000002                     clcd_write@byte:
   778                           	callstack 0
   779   000002                     switch_trigger@detect:
   780                           	callstack 0
   781   000002                     strcmp@r:
   782                           	callstack 0
   783   000002                     
   784                           ; 1 bytes @ 0x1
   785   000002                     	ds	1
   786   000003                     clcd_print@data:
   787                           	callstack 0
   788   000003                     clcd_putch@addr:
   789                           	callstack 0
   790   000003                     LED_blink@attempt:
   791                           	callstack 0
   792   000003                     ??_strcmp:
   793   000003                     ??_init_clcd:
   794                           
   795                           ; 1 bytes @ 0x2
   796   000003                     	ds	1
   797   000004                     clcd_print@addr:
   798                           	callstack 0
   799   000004                     clcd_putch@data:
   800                           	callstack 0
   801   000004                     
   802                           ; 1 bytes @ 0x3
   803   000004                     	ds	1
   804   000005                     blink_cursor@str:
   805                           	callstack 0
   806   000005                     ??_display:
   807   000005                     ??_failure:
   808   000005                     ??_failure_at_last:
   809                           
   810                           ; 1 bytes @ 0x4
   811   000005                     	ds	1
   812   000006                     blink_cursor@index:
   813                           	callstack 0
   814                           
   815                           ; 2 bytes @ 0x5
   816   000006                     	ds	1
   817   000007                     display@str:
   818                           	callstack 0
   819   000007                     failure@str:
   820                           	callstack 0
   821   000007                     failure_at_last@str:
   822                           	callstack 0
   823                           
   824                           ; 16 bytes @ 0x6
   825   000007                     	ds	1
   826   000008                     ??_blink_cursor:
   827                           
   828                           ; 1 bytes @ 0x7
   829   000008                     	ds	2
   830   00000A                     blink_cursor@i:
   831                           	callstack 0
   832                           
   833                           ; 2 bytes @ 0x9
   834   00000A                     	ds	13
   835   000017                     failure@str2:
   836                           	callstack 0
   837   000017                     failure_at_last@str2:
   838                           	callstack 0
   839                           
   840                           ; 16 bytes @ 0x16
   841   000017                     	ds	16
   842   000027                     failure@attempt:
   843                           	callstack 0
   844                           
   845                           ; 1 bytes @ 0x26
   846   000027                     	ds	1
   847   000028                     main@msg:
   848                           	callstack 0
   849   000028                     
   850                           ; 1 bytes @ 0x27
   851   000028                     	ds	16
   852   000038                     main@org_pass:
   853                           	callstack 0
   854                           
   855                           ; 9 bytes @ 0x37
   856   000038                     	ds	9
   857   000041                     main@ent_pass:
   858                           	callstack 0
   859                           
   860                           ; 9 bytes @ 0x40
   861   000041                     	ds	9
   862   00004A                     main@key:
   863                           	callstack 0
   864                           
   865                           ; 1 bytes @ 0x49
   866   00004A                     	ds	1
   867   00004B                     main@value:
   868                           	callstack 0
   869                           
   870                           ; 1 bytes @ 0x4A
   871   00004B                     	ds	1
   872   00004C                     main@attempt:
   873                           	callstack 0
   874                           
   875                           ; 1 bytes @ 0x4B
   876   00004C                     	ds	1
   877   00004D                     main@index:
   878                           	callstack 0
   879                           
   880                           ; 2 bytes @ 0x4C
   881   00004D                     	ds	2
   882                           
   883 ;;
   884 ;;Main: autosize = 0, tempsize = 0, incstack = 0, save=0
   885 ;;
   886 ;; *************** function _main *****************
   887 ;; Defined at:
   888 ;;		line 234 in file "main.c"
   889 ;; Parameters:    Size  Location     Type
   890 ;;		None
   891 ;; Auto vars:     Size  Location     Type
   892 ;;  msg            16   39[COMRAM] unsigned char [16]
   893 ;;  ent_pass        9   64[COMRAM] unsigned char [9]
   894 ;;  org_pass        9   55[COMRAM] unsigned char [9]
   895 ;;  index           2   76[COMRAM] int 
   896 ;;  attempt         1   75[COMRAM] unsigned char 
   897 ;;  value           1   74[COMRAM] unsigned char 
   898 ;;  key             1   73[COMRAM] unsigned char 
   899 ;; Return value:  Size  Location     Type
   900 ;;                  1    wreg      void 
   901 ;; Registers used:
   902 ;;		wreg, fsr1l, fsr1h, fsr2l, fsr2h, status,2, status,0, cstack
   903 ;; Tracked objects:
   904 ;;		On entry : 0/0
   905 ;;		On exit  : 0/0
   906 ;;		Unchanged: 0/0
   907 ;; Data sizes:     COMRAM   BANK0   BANK1   BANK2   BANK3   BANK4   BANK5
   908 ;;      Params:         0       0       0       0       0       0       0
   909 ;;      Locals:        39       0       0       0       0       0       0
   910 ;;      Temps:          0       0       0       0       0       0       0
   911 ;;      Totals:        39       0       0       0       0       0       0
   912 ;;Total ram usage:       39 bytes
   913 ;; Hardware stack levels required when called: 3
   914 ;; This function calls:
   915 ;;		_LED_blink
   916 ;;		_blink_cursor
   917 ;;		_display
   918 ;;		_failure
   919 ;;		_failure_at_last
   920 ;;		_init_clcd
   921 ;;		_scan_switch
   922 ;;		_strcmp
   923 ;;		_switch_trigger
   924 ;; This function is called by:
   925 ;;		Startup code after reset
   926 ;; This function uses a non-reentrant model
   927 ;;
   928                           
   929                           	psect	text0
   930   000796                     __ptext0:
   931                           	callstack 0
   932   000796                     _main:
   933                           	callstack 28
   934   000796                     
   935                           ;main.c: 236:     init_clcd();
   936   000796  EC66  F004         	call	_init_clcd	;wreg free
   937   00079A                     
   938                           ;main.c: 238:     TRISB = 0x1E;
   939   00079A  0E1E               	movlw	30
   940   00079C  6E93               	movwf	147,c	;volatile
   941   00079E                     
   942                           ;main.c: 239:     INTCON2bits.RBPU = 0;
   943   00079E  9EF1               	bcf	241,7,c	;volatile
   944   0007A0                     
   945                           ;main.c: 241:     PORTB = PORTB | 0xE0;
   946   0007A0  5081               	movf	129,w,c	;volatile
   947   0007A2  09E0               	iorlw	224
   948   0007A4  6E81               	movwf	129,c	;volatile
   949   0007A6                     
   950                           ;main.c: 242:     PORTBbits.RB0 = 0;
   951   0007A6  9081               	bcf	129,0,c	;volatile
   952   0007A8                     
   953                           ;main.c: 244:     char msg[16] = "Enter Password";
   954   0007A8  EE20  F060         	lfsr	2,main@F11006
   955   0007AC  EE10  F028         	lfsr	1,main@msg
   956   0007B0  0E0F               	movlw	15
   957   0007B2                     u831:
   958   0007B2  CFDB FFE3          	movff	plusw2,plusw1
   959   0007B6  06E8               	decf	wreg,f,c
   960   0007B8  E2FC               	bc	u831
   961   0007BA                     
   962                           ;main.c: 245:     char org_pass[9] = "11110000";
   963   0007BA  EE20  F04F         	lfsr	2,main@F11008
   964   0007BE  EE10  F038         	lfsr	1,main@org_pass
   965   0007C2  0E08               	movlw	8
   966   0007C4                     u841:
   967   0007C4  CFDB FFE3          	movff	plusw2,plusw1
   968   0007C8  06E8               	decf	wreg,f,c
   969   0007CA  E2FC               	bc	u841
   970   0007CC                     
   971                           ;main.c: 246:     char ent_pass[9];;main.c: 247:     int index = 0;
   972   0007CC  6A4E               	clrf	(main@index+1)^0,c
   973   0007CE  0E00               	movlw	0
   974   0007D0  6E4D               	movwf	main@index^0,c
   975   0007D2                     
   976                           ;main.c: 249:     char key;;main.c: 250:     char value;;main.c: 252:     char attempt =
      +                           '5';
   977   0007D2  0E35               	movlw	53
   978   0007D4  6E4C               	movwf	main@attempt^0,c
   979   0007D6                     l1485:
   980                           
   981                           ;main.c: 255:         if (index < 8) {
   982   0007D6  BE4E               	btfsc	(main@index+1)^0,7,c
   983   0007D8  EFF9  F003         	goto	u850
   984   0007DC  504E               	movf	(main@index+1)^0,w,c
   985   0007DE  E107               	bnz	u851
   986   0007E0  0E08               	movlw	8
   987   0007E2  5C4D               	subwf	main@index^0,w,c
   988   0007E4  B0D8               	btfsc	status,0,c
   989   0007E6  EFF7  F003         	goto	u851
   990   0007EA  EFF9  F003         	goto	u850
   991   0007EE                     u851:
   992   0007EE  EF28  F004         	goto	l1505
   993   0007F2                     u850:
   994   0007F2                     
   995                           ;main.c: 256:             blink_cursor(msg, index);
   996   0007F2  0E28               	movlw	low main@msg
   997   0007F4  6E05               	movwf	blink_cursor@str^0,c
   998   0007F6  C04D  F006         	movff	main@index,blink_cursor@index
   999   0007FA  C04E  F007         	movff	main@index+1,blink_cursor@index+1
  1000   0007FE  ECB9  F004         	call	_blink_cursor	;wreg free
  1001   000802                     
  1002                           ;main.c: 258:             key = scan_switch();
  1003   000802  EC92  F006         	call	_scan_switch	;wreg free
  1004   000806  6E4A               	movwf	main@key^0,c
  1005   000808                     
  1006                           ;main.c: 260:             value = switch_trigger(1, key);
  1007   000808  C04A  F001         	movff	main@key,switch_trigger@key
  1008   00080C  0E01               	movlw	1
  1009   00080E  EC45  F005         	call	_switch_trigger
  1010   000812  6E4B               	movwf	main@value^0,c
  1011   000814                     
  1012                           ;main.c: 262:             if (value == '0') {
  1013   000814  0E30               	movlw	48
  1014   000816  184B               	xorwf	main@value^0,w,c
  1015   000818  A4D8               	btfss	status,2,c
  1016   00081A  EF11  F004         	goto	u861
  1017   00081E  EF13  F004         	goto	u860
  1018   000822                     u861:
  1019   000822  EF1D  F004         	goto	l1499
  1020   000826                     u860:
  1021   000826                     l1495:
  1022                           
  1023                           ;main.c: 263:                 ent_pass[index++] = value;
  1024   000826  504D               	movf	main@index^0,w,c
  1025   000828  0F41               	addlw	low main@ent_pass
  1026   00082A  6ED9               	movwf	fsr2l,c
  1027   00082C  6ADA               	clrf	fsr2h,c
  1028   00082E  C04B  FFDF         	movff	main@value,indf2
  1029   000832  4A4D               	infsnz	main@index^0,f,c
  1030   000834  2A4E               	incf	(main@index+1)^0,f,c
  1031                           
  1032                           ;main.c: 264:             } else if (value == '1') {
  1033   000836  EF5F  F004         	goto	l1525
  1034   00083A                     l1499:
  1035   00083A  0E31               	movlw	49
  1036   00083C  184B               	xorwf	main@value^0,w,c
  1037   00083E  A4D8               	btfss	status,2,c
  1038   000840  EF24  F004         	goto	u871
  1039   000844  EF26  F004         	goto	u870
  1040   000848                     u871:
  1041   000848  EF5F  F004         	goto	l1525
  1042   00084C                     u870:
  1043   00084C  EF13  F004         	goto	l1495
  1044   000850                     l1505:
  1045                           
  1046                           ;main.c: 269:             if (attempt == '0') {
  1047   000850  0E30               	movlw	48
  1048   000852  184C               	xorwf	main@attempt^0,w,c
  1049   000854  A4D8               	btfss	status,2,c
  1050   000856  EF2F  F004         	goto	u881
  1051   00085A  EF31  F004         	goto	u880
  1052   00085E                     u881:
  1053   00085E  EF35  F004         	goto	l1509
  1054   000862                     u880:
  1055   000862                     
  1056                           ;main.c: 270:                 failure_at_last();
  1057   000862  EC7A  F005         	call	_failure_at_last	;wreg free
  1058                           
  1059                           ;main.c: 271:             } else {
  1060   000866  EF5F  F004         	goto	l1525
  1061   00086A                     l1509:
  1062                           
  1063                           ;main.c: 272:                 ent_pass[index] = '\0';
  1064   00086A  504D               	movf	main@index^0,w,c
  1065   00086C  0F41               	addlw	low main@ent_pass
  1066   00086E  6ED9               	movwf	fsr2l,c
  1067   000870  6ADA               	clrf	fsr2h,c
  1068   000872  6ADF               	clrf	indf2,c
  1069   000874                     
  1070                           ;main.c: 273:                 if (strcmp(org_pass, ent_pass) == 0) {
  1071   000874  0E38               	movlw	low main@org_pass
  1072   000876  6E01               	movwf	strcmp@l^0,c
  1073   000878  0E41               	movlw	low main@ent_pass
  1074   00087A  6E02               	movwf	strcmp@r^0,c
  1075   00087C  ECDE  F005         	call	_strcmp	;wreg free
  1076   000880  5001               	movf	?_strcmp^0,w,c
  1077   000882  1002               	iorwf	(?_strcmp+1)^0,w,c
  1078   000884  A4D8               	btfss	status,2,c
  1079   000886  EF47  F004         	goto	u891
  1080   00088A  EF49  F004         	goto	u890
  1081   00088E                     u891:
  1082   00088E  EF4F  F004         	goto	l1517
  1083   000892                     u890:
  1084   000892                     
  1085                           ;main.c: 274:                     display();
  1086   000892  EC34  F006         	call	_display	;wreg free
  1087   000896                     
  1088                           ;main.c: 275:                     attempt = '5';
  1089   000896  0E35               	movlw	53
  1090   000898  6E4C               	movwf	main@attempt^0,c
  1091                           
  1092                           ;main.c: 277:                 } else {
  1093   00089A  EF53  F004         	goto	l1521
  1094   00089E                     l1517:
  1095                           
  1096                           ;main.c: 278:                     attempt--;
  1097   00089E  064C               	decf	main@attempt^0,f,c
  1098   0008A0                     
  1099                           ;main.c: 279:                     failure(attempt);
  1100   0008A0  504C               	movf	main@attempt^0,w,c
  1101   0008A2  EC0B  F005         	call	_failure
  1102   0008A6                     l1521:
  1103                           
  1104                           ;main.c: 281:                 if (attempt != '0')
  1105   0008A6  0E30               	movlw	48
  1106   0008A8  184C               	xorwf	main@attempt^0,w,c
  1107   0008AA  B4D8               	btfsc	status,2,c
  1108   0008AC  EF5A  F004         	goto	u901
  1109   0008B0  EF5C  F004         	goto	u900
  1110   0008B4                     u901:
  1111   0008B4  EF5F  F004         	goto	l1525
  1112   0008B8                     u900:
  1113   0008B8                     
  1114                           ;main.c: 282:                     index = 0;
  1115   0008B8  6A4E               	clrf	(main@index+1)^0,c
  1116   0008BA  0E00               	movlw	0
  1117   0008BC  6E4D               	movwf	main@index^0,c
  1118   0008BE                     l1525:
  1119                           
  1120                           ;main.c: 285:         LED_blink(attempt);
  1121   0008BE  504C               	movf	main@attempt^0,w,c
  1122   0008C0  EC01  F003         	call	_LED_blink
  1123   0008C4  EFEB  F003         	goto	l1485
  1124   0008C8  EFFE  F017         	goto	start
  1125   0008CC                     __end_of_main:
  1126                           	callstack 0
  1127                           
  1128 ;; *************** function _switch_trigger *****************
  1129 ;; Defined at:
  1130 ;;		line 149 in file "main.c"
  1131 ;; Parameters:    Size  Location     Type
  1132 ;;  detect          1    wreg     unsigned char 
  1133 ;;  key             1    0[COMRAM] unsigned char 
  1134 ;; Auto vars:     Size  Location     Type
  1135 ;;  detect          1    1[COMRAM] unsigned char 
  1136 ;; Return value:  Size  Location     Type
  1137 ;;                  1    wreg      unsigned char 
  1138 ;; Registers used:
  1139 ;;		wreg, status,2, status,0
  1140 ;; Tracked objects:
  1141 ;;		On entry : 0/0
  1142 ;;		On exit  : 0/0
  1143 ;;		Unchanged: 0/0
  1144 ;; Data sizes:     COMRAM   BANK0   BANK1   BANK2   BANK3   BANK4   BANK5
  1145 ;;      Params:         1       0       0       0       0       0       0
  1146 ;;      Locals:         1       0       0       0       0       0       0
  1147 ;;      Temps:          0       0       0       0       0       0       0
  1148 ;;      Totals:         2       0       0       0       0       0       0
  1149 ;;Total ram usage:        2 bytes
  1150 ;; Hardware stack levels used: 1
  1151 ;; This function calls:
  1152 ;;		Nothing
  1153 ;; This function is called by:
  1154 ;;		_main
  1155 ;; This function uses a non-reentrant model
  1156 ;;
  1157                           
  1158                           	psect	text1
  1159   000A8A                     __ptext1:
  1160                           	callstack 0
  1161   000A8A                     _switch_trigger:
  1162                           	callstack 30
  1163                           
  1164                           ;incstack = 0
  1165                           ;switch_trigger@detect stored from wreg
  1166   000A8A  6E02               	movwf	switch_trigger@detect^0,c
  1167   000A8C                     
  1168                           ;main.c: 150:     if (detect == 0) {
  1169   000A8C  5002               	movf	switch_trigger@detect^0,w,c
  1170   000A8E  A4D8               	btfss	status,2,c
  1171   000A90  EF4C  F005         	goto	u551
  1172   000A94  EF4E  F005         	goto	u550
  1173   000A98                     u551:
  1174   000A98  EF51  F005         	goto	l1341
  1175   000A9C                     u550:
  1176   000A9C                     l1337:
  1177                           
  1178                           ;main.c: 151:         return key;
  1179   000A9C  5001               	movf	switch_trigger@key^0,w,c
  1180   000A9E  EF79  F005         	goto	l73
  1181   000AA2                     l1341:
  1182   000AA2  0402               	decf	switch_trigger@detect^0,w,c
  1183   000AA4  A4D8               	btfss	status,2,c
  1184   000AA6  EF57  F005         	goto	u561
  1185   000AAA  EF59  F005         	goto	u560
  1186   000AAE                     u561:
  1187   000AAE  EF78  F005         	goto	l1359
  1188   000AB2                     u560:
  1189   000AB2                     
  1190                           ;main.c: 153:         if (key != 0x0F && once) {
  1191   000AB2  0E0F               	movlw	15
  1192   000AB4  1801               	xorwf	switch_trigger@key^0,w,c
  1193   000AB6  B4D8               	btfsc	status,2,c
  1194   000AB8  EF60  F005         	goto	u571
  1195   000ABC  EF62  F005         	goto	u570
  1196   000AC0                     u571:
  1197   000AC0  EF6D  F005         	goto	l1355
  1198   000AC4                     u570:
  1199   000AC4  5058               	movf	_once^0,w,c
  1200   000AC6  B4D8               	btfsc	status,2,c
  1201   000AC8  EF68  F005         	goto	u581
  1202   000ACC  EF6A  F005         	goto	u580
  1203   000AD0                     u581:
  1204   000AD0  EF6D  F005         	goto	l1355
  1205   000AD4                     u580:
  1206   000AD4                     
  1207                           ;main.c: 154:             once = 0;
  1208   000AD4  6A58               	clrf	_once^0,c
  1209   000AD6  EF4E  F005         	goto	l1337
  1210   000ADA                     l1355:
  1211   000ADA  0E0F               	movlw	15
  1212   000ADC  1801               	xorwf	switch_trigger@key^0,w,c
  1213   000ADE  A4D8               	btfss	status,2,c
  1214   000AE0  EF74  F005         	goto	u591
  1215   000AE4  EF76  F005         	goto	u590
  1216   000AE8                     u591:
  1217   000AE8  EF78  F005         	goto	l1359
  1218   000AEC                     u590:
  1219   000AEC                     
  1220                           ;main.c: 157:             once = 1;
  1221   000AEC  0E01               	movlw	1
  1222   000AEE  6E58               	movwf	_once^0,c
  1223   000AF0                     l1359:
  1224                           
  1225                           ;main.c: 160:     return 0x0F;
  1226   000AF0  0E0F               	movlw	15
  1227   000AF2                     l73:
  1228   000AF2  0012               	return		;funcret
  1229   000AF4                     __end_of_switch_trigger:
  1230                           	callstack 0
  1231                           
  1232 ;; *************** function _strcmp *****************
  1233 ;; Defined at:
  1234 ;;		line 3 in file "C:\Program Files\Microchip\xc8\v3.10\pic\sources\c99\common\strcmp.c"
  1235 ;; Parameters:    Size  Location     Type
  1236 ;;  l               1    0[COMRAM] PTR const unsigned char 
  1237 ;;		 -> main@org_pass(9), 
  1238 ;;  r               1    1[COMRAM] PTR const unsigned char 
  1239 ;;		 -> main@ent_pass(9), 
  1240 ;; Auto vars:     Size  Location     Type
  1241 ;;		None
  1242 ;; Return value:  Size  Location     Type
  1243 ;;                  2    0[COMRAM] int 
  1244 ;; Registers used:
  1245 ;;		wreg, fsr1l, fsr1h, fsr2l, fsr2h, status,2, status,0
  1246 ;; Tracked objects:
  1247 ;;		On entry : 0/0
  1248 ;;		On exit  : 0/0
  1249 ;;		Unchanged: 0/0
  1250 ;; Data sizes:     COMRAM   BANK0   BANK1   BANK2   BANK3   BANK4   BANK5
  1251 ;;      Params:         2       0       0       0       0       0       0
  1252 ;;      Locals:         0       0       0       0       0       0       0
  1253 ;;      Temps:          2       0       0       0       0       0       0
  1254 ;;      Totals:         4       0       0       0       0       0       0
  1255 ;;Total ram usage:        4 bytes
  1256 ;; Hardware stack levels used: 1
  1257 ;; This function calls:
  1258 ;;		Nothing
  1259 ;; This function is called by:
  1260 ;;		_main
  1261 ;; This function uses a non-reentrant model
  1262 ;;
  1263                           
  1264                           	psect	text2
  1265   000BBC                     __ptext2:
  1266                           	callstack 0
  1267   000BBC                     _strcmp:
  1268                           	callstack 30
  1269   000BBC  EFE2  F005         	goto	l1459
  1270   000BC0                     l1457:
  1271   000BC0  2A01               	incf	strcmp@l^0,f,c
  1272   000BC2  2A02               	incf	strcmp@r^0,f,c
  1273   000BC4                     l1459:
  1274   000BC4  5002               	movf	strcmp@r^0,w,c
  1275   000BC6  6ED9               	movwf	fsr2l,c
  1276   000BC8  6ADA               	clrf	fsr2h,c
  1277   000BCA  5001               	movf	strcmp@l^0,w,c
  1278   000BCC  6EE1               	movwf	fsr1l,c
  1279   000BCE  6AE2               	clrf	fsr1h,c
  1280   000BD0  50DE               	movf	postinc2,w,c
  1281   000BD2  18E6               	xorwf	postinc1,w,c
  1282   000BD4  A4D8               	btfss	status,2,c
  1283   000BD6  EFEF  F005         	goto	u811
  1284   000BDA  EFF1  F005         	goto	u810
  1285   000BDE                     u811:
  1286   000BDE  EFFC  F005         	goto	l1463
  1287   000BE2                     u810:
  1288   000BE2  5001               	movf	strcmp@l^0,w,c
  1289   000BE4  6ED9               	movwf	fsr2l,c
  1290   000BE6  6ADA               	clrf	fsr2h,c
  1291   000BE8  50DF               	movf	indf2,w,c
  1292   000BEA  A4D8               	btfss	status,2,c
  1293   000BEC  EFFA  F005         	goto	u821
  1294   000BF0  EFFC  F005         	goto	u820
  1295   000BF4                     u821:
  1296   000BF4  EFE0  F005         	goto	l1457
  1297   000BF8                     u820:
  1298   000BF8                     l1463:
  1299   000BF8  5001               	movf	strcmp@l^0,w,c
  1300   000BFA  6ED9               	movwf	fsr2l,c
  1301   000BFC  6ADA               	clrf	fsr2h,c
  1302   000BFE  50DF               	movf	indf2,w,c
  1303   000C00  6E03               	movwf	??_strcmp^0,c
  1304   000C02  5002               	movf	strcmp@r^0,w,c
  1305   000C04  6ED9               	movwf	fsr2l,c
  1306   000C06  6ADA               	clrf	fsr2h,c
  1307   000C08  50DF               	movf	indf2,w,c
  1308   000C0A  6E04               	movwf	(??_strcmp+1)^0,c
  1309   000C0C  5004               	movf	(??_strcmp+1)^0,w,c
  1310   000C0E  5C03               	subwf	??_strcmp^0,w,c
  1311   000C10  6E01               	movwf	?_strcmp^0,c
  1312   000C12  6A02               	clrf	(?_strcmp+1)^0,c
  1313   000C14  A0D8               	btfss	status,0,c
  1314   000C16  0602               	decf	(?_strcmp+1)^0,f,c
  1315   000C18  0012               	return		;funcret
  1316   000C1A                     __end_of_strcmp:
  1317                           	callstack 0
  1318                           
  1319 ;; *************** function _scan_switch *****************
  1320 ;; Defined at:
  1321 ;;		line 137 in file "main.c"
  1322 ;; Parameters:    Size  Location     Type
  1323 ;;		None
  1324 ;; Auto vars:     Size  Location     Type
  1325 ;;		None
  1326 ;; Return value:  Size  Location     Type
  1327 ;;                  1    wreg      unsigned char 
  1328 ;; Registers used:
  1329 ;;		wreg
  1330 ;; Tracked objects:
  1331 ;;		On entry : 0/0
  1332 ;;		On exit  : 0/0
  1333 ;;		Unchanged: 0/0
  1334 ;; Data sizes:     COMRAM   BANK0   BANK1   BANK2   BANK3   BANK4   BANK5
  1335 ;;      Params:         0       0       0       0       0       0       0
  1336 ;;      Locals:         0       0       0       0       0       0       0
  1337 ;;      Temps:          0       0       0       0       0       0       0
  1338 ;;      Totals:         0       0       0       0       0       0       0
  1339 ;;Total ram usage:        0 bytes
  1340 ;; Hardware stack levels used: 1
  1341 ;; This function calls:
  1342 ;;		Nothing
  1343 ;; This function is called by:
  1344 ;;		_main
  1345 ;; This function uses a non-reentrant model
  1346 ;;
  1347                           
  1348                           	psect	text3
  1349   000D24                     __ptext3:
  1350                           	callstack 0
  1351   000D24                     _scan_switch:
  1352                           	callstack 30
  1353   000D24                     
  1354                           ;main.c: 138:     PORTBbits.RB5 = 0;
  1355   000D24  9A81               	bcf	129,5,c	;volatile
  1356                           
  1357                           ;main.c: 139:     PORTBbits.RB6 = 1;
  1358   000D26  8C81               	bsf	129,6,c	;volatile
  1359                           
  1360                           ;main.c: 140:     PORTBbits.RB7 = 1;
  1361   000D28  8E81               	bsf	129,7,c	;volatile
  1362                           
  1363                           ;main.c: 141:     if (PORTBbits.RB1 == 0)
  1364   000D2A  B281               	btfsc	129,1,c	;volatile
  1365   000D2C  EF9A  F006         	goto	u531
  1366   000D30  EF9C  F006         	goto	u530
  1367   000D34                     u531:
  1368   000D34  EF9F  F006         	goto	l66
  1369   000D38                     u530:
  1370   000D38                     
  1371                           ;main.c: 142:         return '0';
  1372   000D38  0E30               	movlw	48
  1373   000D3A  EFAA  F006         	goto	l67
  1374   000D3E                     l66:
  1375   000D3E  B481               	btfsc	129,2,c	;volatile
  1376   000D40  EFA4  F006         	goto	u541
  1377   000D44  EFA6  F006         	goto	u540
  1378   000D48                     u541:
  1379   000D48  EFA9  F006         	goto	l1331
  1380   000D4C                     u540:
  1381   000D4C                     
  1382                           ;main.c: 144:         return '1';
  1383   000D4C  0E31               	movlw	49
  1384   000D4E  EFAA  F006         	goto	l67
  1385   000D52                     l1331:
  1386                           
  1387                           ;main.c: 146:     return 0x0F;
  1388   000D52  0E0F               	movlw	15
  1389   000D54                     l67:
  1390   000D54  0012               	return		;funcret
  1391   000D56                     __end_of_scan_switch:
  1392                           	callstack 0
  1393                           
  1394 ;; *************** function _init_clcd *****************
  1395 ;; Defined at:
  1396 ;;		line 77 in file "main.c"
  1397 ;; Parameters:    Size  Location     Type
  1398 ;;		None
  1399 ;; Auto vars:     Size  Location     Type
  1400 ;;		None
  1401 ;; Return value:  Size  Location     Type
  1402 ;;                  1    wreg      void 
  1403 ;; Registers used:
  1404 ;;		wreg, status,2, status,0, cstack
  1405 ;; Tracked objects:
  1406 ;;		On entry : 0/0
  1407 ;;		On exit  : 0/0
  1408 ;;		Unchanged: 0/0
  1409 ;; Data sizes:     COMRAM   BANK0   BANK1   BANK2   BANK3   BANK4   BANK5
  1410 ;;      Params:         0       0       0       0       0       0       0
  1411 ;;      Locals:         0       0       0       0       0       0       0
  1412 ;;      Temps:          1       0       0       0       0       0       0
  1413 ;;      Totals:         1       0       0       0       0       0       0
  1414 ;;Total ram usage:        1 bytes
  1415 ;; Hardware stack levels used: 1
  1416 ;; Hardware stack levels required when called: 1
  1417 ;; This function calls:
  1418 ;;		_clcd_write
  1419 ;; This function is called by:
  1420 ;;		_main
  1421 ;; This function uses a non-reentrant model
  1422 ;;
  1423                           
  1424                           	psect	text4
  1425   0008CC                     __ptext4:
  1426                           	callstack 0
  1427   0008CC                     _init_clcd:
  1428                           	callstack 29
  1429   0008CC                     
  1430                           ;main.c: 79:     TRISD = 0x00;
  1431   0008CC  6A95               	clrf	149,c	;volatile
  1432   0008CE                     
  1433                           ;main.c: 81:     TRISC = TRISC & 0xF8;
  1434   0008CE  5094               	movf	148,w,c	;volatile
  1435   0008D0  0BF8               	andlw	248
  1436   0008D2  6E94               	movwf	148,c	;volatile
  1437   0008D4                     
  1438                           ;main.c: 83:     RC0 = 0;
  1439   0008D4  9082               	bcf	3970,0,c	;volatile
  1440   0008D6                     
  1441                           ;main.c: 87:     _delay((unsigned long)((30)*(20000000/4000.0)));
  1442   0008D6  0EC3               	movlw	195
  1443   0008D8  6E03               	movwf	??_init_clcd^0,c
  1444   0008DA  0ECD               	movlw	205
  1445   0008DC                     u917:
  1446   0008DC  2EE8               	decfsz	wreg,f,c
  1447   0008DE  D7FE               	bra	u917
  1448   0008E0  2E03               	decfsz	??_init_clcd^0,f,c
  1449   0008E2  D7FC               	bra	u917
  1450   0008E4  0000               	nop	
  1451   0008E6                     
  1452                           ;main.c: 90:     clcd_write(0x33, 0);
  1453   0008E6  0E00               	movlw	0
  1454   0008E8  6E01               	movwf	clcd_write@control_bit^0,c
  1455   0008EA  0E33               	movlw	51
  1456   0008EC  EC59  F006         	call	_clcd_write
  1457   0008F0                     
  1458                           ;main.c: 91:     _delay((unsigned long)((4100)*(20000000/4000000.0)));
  1459   0008F0  0E1B               	movlw	27
  1460   0008F2  6E03               	movwf	??_init_clcd^0,c
  1461   0008F4  0E9E               	movlw	158
  1462   0008F6                     u927:
  1463   0008F6  2EE8               	decfsz	wreg,f,c
  1464   0008F8  D7FE               	bra	u927
  1465   0008FA  2E03               	decfsz	??_init_clcd^0,f,c
  1466   0008FC  D7FC               	bra	u927
  1467   0008FE  D000               	nop2	
  1468   000900                     
  1469                           ;main.c: 92:     clcd_write(0x33, 0);
  1470   000900  0E00               	movlw	0
  1471   000902  6E01               	movwf	clcd_write@control_bit^0,c
  1472   000904  0E33               	movlw	51
  1473   000906  EC59  F006         	call	_clcd_write
  1474   00090A                     
  1475                           ;main.c: 93:     _delay((unsigned long)((100)*(20000000/4000000.0)));
  1476   00090A  0EA6               	movlw	166
  1477   00090C                     u937:
  1478   00090C  2EE8               	decfsz	wreg,f,c
  1479   00090E  D7FE               	bra	u937
  1480   000910  D000               	nop2	
  1481   000912                     
  1482                           ;main.c: 94:     clcd_write(0x33, 0);
  1483   000912  0E00               	movlw	0
  1484   000914  6E01               	movwf	clcd_write@control_bit^0,c
  1485   000916  0E33               	movlw	51
  1486   000918  EC59  F006         	call	_clcd_write
  1487   00091C                     
  1488                           ;main.c: 95:     _delay((unsigned long)((1)*(20000000/4000000.0)));
  1489   00091C  D000               	nop2		;2 cycle nop
  1490   00091E  D000               	nop2		;2 cycle nop
  1491   000920  0000               	nop	
  1492   000922                     
  1493                           ;main.c: 97:     clcd_write(0x02, 0);
  1494   000922  0E00               	movlw	0
  1495   000924  6E01               	movwf	clcd_write@control_bit^0,c
  1496   000926  0E02               	movlw	2
  1497   000928  EC59  F006         	call	_clcd_write
  1498   00092C                     
  1499                           ;main.c: 98:     _delay((unsigned long)((100)*(20000000/4000000.0)));
  1500   00092C  0EA6               	movlw	166
  1501   00092E                     u947:
  1502   00092E  2EE8               	decfsz	wreg,f,c
  1503   000930  D7FE               	bra	u947
  1504   000932  D000               	nop2	
  1505   000934                     
  1506                           ;main.c: 99:     clcd_write(0x38, 0);
  1507   000934  0E00               	movlw	0
  1508   000936  6E01               	movwf	clcd_write@control_bit^0,c
  1509   000938  0E38               	movlw	56
  1510   00093A  EC59  F006         	call	_clcd_write
  1511   00093E                     
  1512                           ;main.c: 100:     _delay((unsigned long)((100)*(20000000/4000000.0)));
  1513   00093E  0EA6               	movlw	166
  1514   000940                     u957:
  1515   000940  2EE8               	decfsz	wreg,f,c
  1516   000942  D7FE               	bra	u957
  1517   000944  D000               	nop2	
  1518   000946                     
  1519                           ;main.c: 101:     clcd_write(0x01, 0);
  1520   000946  0E00               	movlw	0
  1521   000948  6E01               	movwf	clcd_write@control_bit^0,c
  1522   00094A  0E01               	movlw	1
  1523   00094C  EC59  F006         	call	_clcd_write
  1524   000950                     
  1525                           ;main.c: 102:     _delay((unsigned long)((500)*(20000000/4000000.0)));
  1526   000950  0E04               	movlw	4
  1527   000952  6E03               	movwf	??_init_clcd^0,c
  1528   000954  0E3E               	movlw	62
  1529   000956                     u967:
  1530   000956  2EE8               	decfsz	wreg,f,c
  1531   000958  D7FE               	bra	u967
  1532   00095A  2E03               	decfsz	??_init_clcd^0,f,c
  1533   00095C  D7FC               	bra	u967
  1534   00095E                     
  1535                           ;main.c: 103:     clcd_write(0x0C, 0);
  1536   00095E  0E00               	movlw	0
  1537   000960  6E01               	movwf	clcd_write@control_bit^0,c
  1538   000962  0E0C               	movlw	12
  1539   000964  EC59  F006         	call	_clcd_write
  1540   000968                     
  1541                           ;main.c: 104:     _delay((unsigned long)((100)*(20000000/4000000.0)));
  1542   000968  0EA6               	movlw	166
  1543   00096A                     u977:
  1544   00096A  2EE8               	decfsz	wreg,f,c
  1545   00096C  D7FE               	bra	u977
  1546   00096E  D000               	nop2	
  1547   000970  0012               	return		;funcret
  1548   000972                     __end_of_init_clcd:
  1549                           	callstack 0
  1550                           
  1551 ;; *************** function _failure_at_last *****************
  1552 ;; Defined at:
  1553 ;;		line 223 in file "main.c"
  1554 ;; Parameters:    Size  Location     Type
  1555 ;;		None
  1556 ;; Auto vars:     Size  Location     Type
  1557 ;;  str2           16   22[COMRAM] unsigned char [16]
  1558 ;;  str            16    6[COMRAM] unsigned char [16]
  1559 ;; Return value:  Size  Location     Type
  1560 ;;                  1    wreg      void 
  1561 ;; Registers used:
  1562 ;;		wreg, fsr1l, fsr1h, fsr2l, fsr2h, status,2, status,0, cstack
  1563 ;; Tracked objects:
  1564 ;;		On entry : 0/0
  1565 ;;		On exit  : 0/0
  1566 ;;		Unchanged: 0/0
  1567 ;; Data sizes:     COMRAM   BANK0   BANK1   BANK2   BANK3   BANK4   BANK5
  1568 ;;      Params:         0       0       0       0       0       0       0
  1569 ;;      Locals:        32       0       0       0       0       0       0
  1570 ;;      Temps:          2       0       0       0       0       0       0
  1571 ;;      Totals:        34       0       0       0       0       0       0
  1572 ;;Total ram usage:       34 bytes
  1573 ;; Hardware stack levels used: 1
  1574 ;; Hardware stack levels required when called: 1
  1575 ;; This function calls:
  1576 ;;		_clcd_print
  1577 ;;		_clcd_write
  1578 ;; This function is called by:
  1579 ;;		_main
  1580 ;; This function uses a non-reentrant model
  1581 ;;
  1582                           
  1583                           	psect	text5
  1584   000AF4                     __ptext5:
  1585                           	callstack 0
  1586   000AF4                     _failure_at_last:
  1587                           	callstack 29
  1588   000AF4                     
  1589                           ;main.c: 224:     char str[16] = "Wrong Password";
  1590   000AF4  EE20  F080         	lfsr	2,failure_at_last@F11001
  1591   000AF8  EE10  F007         	lfsr	1,failure_at_last@str
  1592   000AFC  0E0F               	movlw	15
  1593   000AFE                     u791:
  1594   000AFE  CFDB FFE3          	movff	plusw2,plusw1
  1595   000B02  06E8               	decf	wreg,f,c
  1596   000B04  E2FC               	bc	u791
  1597                           
  1598                           ;main.c: 225:     char str2[16] = "Reset the Board";
  1599   000B06  EE20  F070         	lfsr	2,failure_at_last@F11003
  1600   000B0A  EE10  F017         	lfsr	1,failure_at_last@str2
  1601   000B0E  0E0F               	movlw	15
  1602   000B10                     u801:
  1603   000B10  CFDB FFE3          	movff	plusw2,plusw1
  1604   000B14  06E8               	decf	wreg,f,c
  1605   000B16  E2FC               	bc	u801
  1606   000B18                     
  1607                           ;main.c: 227:     clcd_write(0x01, 0);
  1608   000B18  0E00               	movlw	0
  1609   000B1A  6E01               	movwf	clcd_write@control_bit^0,c
  1610   000B1C  0E01               	movlw	1
  1611   000B1E  EC59  F006         	call	_clcd_write
  1612   000B22                     
  1613                           ;main.c: 228:     clcd_print(str, (0x80 + (0)));
  1614   000B22  0E07               	movlw	low failure_at_last@str
  1615   000B24  6E03               	movwf	clcd_print@data^0,c
  1616   000B26  0E80               	movlw	128
  1617   000B28  6E04               	movwf	clcd_print@addr^0,c
  1618   000B2A  EC76  F006         	call	_clcd_print	;wreg free
  1619   000B2E                     
  1620                           ;main.c: 229:     clcd_print(str2, (0xC0 + (0)));
  1621   000B2E  0E17               	movlw	low failure_at_last@str2
  1622   000B30  6E03               	movwf	clcd_print@data^0,c
  1623   000B32  0EC0               	movlw	192
  1624   000B34  6E04               	movwf	clcd_print@addr^0,c
  1625   000B36  EC76  F006         	call	_clcd_print	;wreg free
  1626   000B3A                     
  1627                           ;main.c: 230:     _delay((unsigned long)((2000)*(20000000/4000.0)));
  1628   000B3A  0E33               	movlw	51
  1629   000B3C  6E06               	movwf	(??_failure_at_last+1)^0,c
  1630   000B3E  0EBB               	movlw	187
  1631   000B40  6E05               	movwf	??_failure_at_last^0,c
  1632   000B42  0EE0               	movlw	224
  1633   000B44                     u987:
  1634   000B44  2EE8               	decfsz	wreg,f,c
  1635   000B46  D7FE               	bra	u987
  1636   000B48  2E05               	decfsz	??_failure_at_last^0,f,c
  1637   000B4A  D7FC               	bra	u987
  1638   000B4C  2E06               	decfsz	(??_failure_at_last+1)^0,f,c
  1639   000B4E  D7FA               	bra	u987
  1640   000B50                     
  1641                           ;main.c: 231:     clcd_write(0x01, 0);
  1642   000B50  0E00               	movlw	0
  1643   000B52  6E01               	movwf	clcd_write@control_bit^0,c
  1644   000B54  0E01               	movlw	1
  1645   000B56  EC59  F006         	call	_clcd_write
  1646   000B5A  0012               	return		;funcret
  1647   000B5C                     __end_of_failure_at_last:
  1648                           	callstack 0
  1649                           
  1650 ;; *************** function _failure *****************
  1651 ;; Defined at:
  1652 ;;		line 171 in file "main.c"
  1653 ;; Parameters:    Size  Location     Type
  1654 ;;  attempt         1    wreg     unsigned char 
  1655 ;; Auto vars:     Size  Location     Type
  1656 ;;  attempt         1   38[COMRAM] unsigned char 
  1657 ;;  str2           16   22[COMRAM] unsigned char [16]
  1658 ;;  str            16    6[COMRAM] unsigned char [16]
  1659 ;; Return value:  Size  Location     Type
  1660 ;;                  1    wreg      void 
  1661 ;; Registers used:
  1662 ;;		wreg, fsr1l, fsr1h, fsr2l, fsr2h, status,2, status,0, cstack
  1663 ;; Tracked objects:
  1664 ;;		On entry : 0/0
  1665 ;;		On exit  : 0/0
  1666 ;;		Unchanged: 0/0
  1667 ;; Data sizes:     COMRAM   BANK0   BANK1   BANK2   BANK3   BANK4   BANK5
  1668 ;;      Params:         0       0       0       0       0       0       0
  1669 ;;      Locals:        33       0       0       0       0       0       0
  1670 ;;      Temps:          2       0       0       0       0       0       0
  1671 ;;      Totals:        35       0       0       0       0       0       0
  1672 ;;Total ram usage:       35 bytes
  1673 ;; Hardware stack levels used: 1
  1674 ;; Hardware stack levels required when called: 1
  1675 ;; This function calls:
  1676 ;;		_clcd_print
  1677 ;;		_clcd_putch
  1678 ;;		_clcd_write
  1679 ;; This function is called by:
  1680 ;;		_main
  1681 ;; This function uses a non-reentrant model
  1682 ;;
  1683                           
  1684                           	psect	text6
  1685   000A16                     __ptext6:
  1686                           	callstack 0
  1687   000A16                     _failure:
  1688                           	callstack 29
  1689                           
  1690                           ;incstack = 0
  1691                           ;failure@attempt stored from wreg
  1692   000A16  6E27               	movwf	failure@attempt^0,c
  1693   000A18                     
  1694                           ;main.c: 172:     char str[16] = "Wrong Password";
  1695   000A18  EE20  F0A0         	lfsr	2,failure@F10994
  1696   000A1C  EE10  F007         	lfsr	1,failure@str
  1697   000A20  0E0F               	movlw	15
  1698   000A22                     u611:
  1699   000A22  CFDB FFE3          	movff	plusw2,plusw1
  1700   000A26  06E8               	decf	wreg,f,c
  1701   000A28  E2FC               	bc	u611
  1702                           
  1703                           ;main.c: 173:     char str2[16] = "Attempt left";
  1704   000A2A  EE20  F090         	lfsr	2,failure@F10996
  1705   000A2E  EE10  F017         	lfsr	1,failure@str2
  1706   000A32  0E0F               	movlw	15
  1707   000A34                     u621:
  1708   000A34  CFDB FFE3          	movff	plusw2,plusw1
  1709   000A38  06E8               	decf	wreg,f,c
  1710   000A3A  E2FC               	bc	u621
  1711   000A3C                     
  1712                           ;main.c: 175:     clcd_write(0x01, 0);
  1713   000A3C  0E00               	movlw	0
  1714   000A3E  6E01               	movwf	clcd_write@control_bit^0,c
  1715   000A40  0E01               	movlw	1
  1716   000A42  EC59  F006         	call	_clcd_write
  1717   000A46                     
  1718                           ;main.c: 176:     clcd_print(str, (0x80 + (0)));
  1719   000A46  0E07               	movlw	low failure@str
  1720   000A48  6E03               	movwf	clcd_print@data^0,c
  1721   000A4A  0E80               	movlw	128
  1722   000A4C  6E04               	movwf	clcd_print@addr^0,c
  1723   000A4E  EC76  F006         	call	_clcd_print	;wreg free
  1724   000A52                     
  1725                           ;main.c: 177:     clcd_putch(attempt, (0xC0 + (0)));
  1726   000A52  0EC0               	movlw	192
  1727   000A54  6E03               	movwf	clcd_putch@addr^0,c
  1728   000A56  5027               	movf	failure@attempt^0,w,c
  1729   000A58  ECAB  F006         	call	_clcd_putch
  1730   000A5C                     
  1731                           ;main.c: 178:     clcd_print(str2, (0xC0 + (2)));
  1732   000A5C  0E17               	movlw	low failure@str2
  1733   000A5E  6E03               	movwf	clcd_print@data^0,c
  1734   000A60  0EC2               	movlw	194
  1735   000A62  6E04               	movwf	clcd_print@addr^0,c
  1736   000A64  EC76  F006         	call	_clcd_print	;wreg free
  1737   000A68                     
  1738                           ;main.c: 179:     _delay((unsigned long)((2000)*(20000000/4000.0)));
  1739   000A68  0E33               	movlw	51
  1740   000A6A  6E06               	movwf	(??_failure+1)^0,c
  1741   000A6C  0EBB               	movlw	187
  1742   000A6E  6E05               	movwf	??_failure^0,c
  1743   000A70  0EE0               	movlw	224
  1744   000A72                     u997:
  1745   000A72  2EE8               	decfsz	wreg,f,c
  1746   000A74  D7FE               	bra	u997
  1747   000A76  2E05               	decfsz	??_failure^0,f,c
  1748   000A78  D7FC               	bra	u997
  1749   000A7A  2E06               	decfsz	(??_failure+1)^0,f,c
  1750   000A7C  D7FA               	bra	u997
  1751   000A7E                     
  1752                           ;main.c: 180:     clcd_write(0x01, 0);
  1753   000A7E  0E00               	movlw	0
  1754   000A80  6E01               	movwf	clcd_write@control_bit^0,c
  1755   000A82  0E01               	movlw	1
  1756   000A84  EC59  F006         	call	_clcd_write
  1757   000A88  0012               	return		;funcret
  1758   000A8A                     __end_of_failure:
  1759                           	callstack 0
  1760                           
  1761 ;; *************** function _display *****************
  1762 ;; Defined at:
  1763 ;;		line 163 in file "main.c"
  1764 ;; Parameters:    Size  Location     Type
  1765 ;;		None
  1766 ;; Auto vars:     Size  Location     Type
  1767 ;;  str            16    6[COMRAM] unsigned char [16]
  1768 ;; Return value:  Size  Location     Type
  1769 ;;                  1    wreg      void 
  1770 ;; Registers used:
  1771 ;;		wreg, fsr1l, fsr1h, fsr2l, fsr2h, status,2, status,0, cstack
  1772 ;; Tracked objects:
  1773 ;;		On entry : 0/0
  1774 ;;		On exit  : 0/0
  1775 ;;		Unchanged: 0/0
  1776 ;; Data sizes:     COMRAM   BANK0   BANK1   BANK2   BANK3   BANK4   BANK5
  1777 ;;      Params:         0       0       0       0       0       0       0
  1778 ;;      Locals:        16       0       0       0       0       0       0
  1779 ;;      Temps:          2       0       0       0       0       0       0
  1780 ;;      Totals:        18       0       0       0       0       0       0
  1781 ;;Total ram usage:       18 bytes
  1782 ;; Hardware stack levels used: 1
  1783 ;; Hardware stack levels required when called: 1
  1784 ;; This function calls:
  1785 ;;		_clcd_print
  1786 ;;		_clcd_write
  1787 ;; This function is called by:
  1788 ;;		_main
  1789 ;; This function uses a non-reentrant model
  1790 ;;
  1791                           
  1792                           	psect	text7
  1793   000C68                     __ptext7:
  1794                           	callstack 0
  1795   000C68                     _display:
  1796                           	callstack 29
  1797   000C68                     
  1798                           ;main.c: 164:     clcd_write(0x01, 0);
  1799   000C68  0E00               	movlw	0
  1800   000C6A  6E01               	movwf	clcd_write@control_bit^0,c
  1801   000C6C  0E01               	movlw	1
  1802   000C6E  EC59  F006         	call	_clcd_write
  1803   000C72                     
  1804                           ;main.c: 165:     char str[16] = "Password Correct";
  1805   000C72  EE20  F0B0         	lfsr	2,display@F10990
  1806   000C76  EE10  F007         	lfsr	1,display@str
  1807   000C7A  0E0F               	movlw	15
  1808   000C7C                     u601:
  1809   000C7C  CFDB FFE3          	movff	plusw2,plusw1
  1810   000C80  06E8               	decf	wreg,f,c
  1811   000C82  E2FC               	bc	u601
  1812   000C84                     
  1813                           ;main.c: 166:     clcd_print(str, (0x80 + (0)));
  1814   000C84  0E07               	movlw	low display@str
  1815   000C86  6E03               	movwf	clcd_print@data^0,c
  1816   000C88  0E80               	movlw	128
  1817   000C8A  6E04               	movwf	clcd_print@addr^0,c
  1818   000C8C  EC76  F006         	call	_clcd_print	;wreg free
  1819   000C90                     
  1820                           ;main.c: 167:     _delay((unsigned long)((10000)*(20000000/4000.0)));
  1821   000C90  0EFE               	movlw	254
  1822   000C92  6E06               	movwf	(??_display+1)^0,c
  1823   000C94  0EA7               	movlw	167
  1824   000C96  6E05               	movwf	??_display^0,c
  1825   000C98  0E66               	movlw	102
  1826   000C9A                     u1007:
  1827   000C9A  2EE8               	decfsz	wreg,f,c
  1828   000C9C  D7FE               	bra	u1007
  1829   000C9E  2E05               	decfsz	??_display^0,f,c
  1830   000CA0  D7FC               	bra	u1007
  1831   000CA2  2E06               	decfsz	(??_display+1)^0,f,c
  1832   000CA4  D7FA               	bra	u1007
  1833   000CA6                     
  1834                           ;main.c: 168:     clcd_write(0x01, 0);
  1835   000CA6  0E00               	movlw	0
  1836   000CA8  6E01               	movwf	clcd_write@control_bit^0,c
  1837   000CAA  0E01               	movlw	1
  1838   000CAC  EC59  F006         	call	_clcd_write
  1839   000CB0  0012               	return		;funcret
  1840   000CB2                     __end_of_display:
  1841                           	callstack 0
  1842                           
  1843 ;; *************** function _blink_cursor *****************
  1844 ;; Defined at:
  1845 ;;		line 119 in file "main.c"
  1846 ;; Parameters:    Size  Location     Type
  1847 ;;  str             1    4[COMRAM] PTR unsigned char 
  1848 ;;		 -> main@msg(16), 
  1849 ;;  index           2    5[COMRAM] int 
  1850 ;; Auto vars:     Size  Location     Type
  1851 ;;  i               2    9[COMRAM] int 
  1852 ;; Return value:  Size  Location     Type
  1853 ;;                  1    wreg      void 
  1854 ;; Registers used:
  1855 ;;		wreg, fsr2l, fsr2h, status,2, status,0, cstack
  1856 ;; Tracked objects:
  1857 ;;		On entry : 0/0
  1858 ;;		On exit  : 0/0
  1859 ;;		Unchanged: 0/0
  1860 ;; Data sizes:     COMRAM   BANK0   BANK1   BANK2   BANK3   BANK4   BANK5
  1861 ;;      Params:         3       0       0       0       0       0       0
  1862 ;;      Locals:         2       0       0       0       0       0       0
  1863 ;;      Temps:          2       0       0       0       0       0       0
  1864 ;;      Totals:         7       0       0       0       0       0       0
  1865 ;;Total ram usage:        7 bytes
  1866 ;; Hardware stack levels used: 1
  1867 ;; Hardware stack levels required when called: 2
  1868 ;; This function calls:
  1869 ;;		_clcd_print
  1870 ;;		_clcd_putch
  1871 ;; This function is called by:
  1872 ;;		_main
  1873 ;; This function uses a non-reentrant model
  1874 ;;
  1875                           
  1876                           	psect	text8
  1877   000972                     __ptext8:
  1878                           	callstack 0
  1879   000972                     _blink_cursor:
  1880                           	callstack 28
  1881   000972                     
  1882                           ;main.c: 121:     clcd_print(str, (0x80 + (0)));
  1883   000972  C005  F003         	movff	blink_cursor@str,clcd_print@data
  1884   000976  0E80               	movlw	128
  1885   000978  6E04               	movwf	clcd_print@addr^0,c
  1886   00097A  EC76  F006         	call	_clcd_print	;wreg free
  1887   00097E                     
  1888                           ;main.c: 123:     if (delay++ < 2500) {
  1889   00097E  505B               	movf	_delay^0,w,c
  1890   000980  6E08               	movwf	??_blink_cursor^0,c
  1891   000982  505C               	movf	(_delay+1)^0,w,c
  1892   000984  6E09               	movwf	(??_blink_cursor+1)^0,c
  1893   000986  4A5B               	infsnz	_delay^0,f,c
  1894   000988  2A5C               	incf	(_delay+1)^0,f,c
  1895   00098A  0EC4               	movlw	196
  1896   00098C  5C08               	subwf	??_blink_cursor^0,w,c
  1897   00098E  0E09               	movlw	9
  1898   000990  5809               	subwfb	(??_blink_cursor+1)^0,w,c
  1899   000992  B0D8               	btfsc	status,0,c
  1900   000994  EFCE  F004         	goto	u501
  1901   000998  EFD0  F004         	goto	u500
  1902   00099C                     u501:
  1903   00099C  EFD8  F004         	goto	l1307
  1904   0009A0                     u500:
  1905   0009A0                     
  1906                           ;main.c: 124:         clcd_putch('_', (0xC0 + (index)));
  1907   0009A0  5006               	movf	blink_cursor@index^0,w,c
  1908   0009A2  0FC0               	addlw	192
  1909   0009A4  6E03               	movwf	clcd_putch@addr^0,c
  1910   0009A6  0E5F               	movlw	95
  1911   0009A8  ECAB  F006         	call	_clcd_putch
  1912                           
  1913                           ;main.c: 125:     } else if (delay < 5000) {
  1914   0009AC  EFEE  F004         	goto	l55
  1915   0009B0                     l1307:
  1916   0009B0  0E88               	movlw	136
  1917   0009B2  5C5B               	subwf	_delay^0,w,c
  1918   0009B4  0E13               	movlw	19
  1919   0009B6  585C               	subwfb	(_delay+1)^0,w,c
  1920   0009B8  B0D8               	btfsc	status,0,c
  1921   0009BA  EFE1  F004         	goto	u511
  1922   0009BE  EFE3  F004         	goto	u510
  1923   0009C2                     u511:
  1924   0009C2  EFEB  F004         	goto	l1311
  1925   0009C6                     u510:
  1926   0009C6                     
  1927                           ;main.c: 126:         clcd_putch(' ', (0xC0 + (index)));
  1928   0009C6  5006               	movf	blink_cursor@index^0,w,c
  1929   0009C8  0FC0               	addlw	192
  1930   0009CA  6E03               	movwf	clcd_putch@addr^0,c
  1931   0009CC  0E20               	movlw	32
  1932   0009CE  ECAB  F006         	call	_clcd_putch
  1933                           
  1934                           ;main.c: 127:     } else
  1935   0009D2  EFEE  F004         	goto	l55
  1936   0009D6                     l1311:
  1937                           
  1938                           ;main.c: 128:         delay = 0;
  1939   0009D6  6A5C               	clrf	(_delay+1)^0,c
  1940   0009D8  0E00               	movlw	0
  1941   0009DA  6E5B               	movwf	_delay^0,c
  1942   0009DC                     l55:
  1943                           
  1944                           ;main.c: 130:     for (int i = 0; i < index; i++) {
  1945   0009DC  6A0B               	clrf	(blink_cursor@i+1)^0,c
  1946   0009DE  0E00               	movlw	0
  1947   0009E0  6E0A               	movwf	blink_cursor@i^0,c
  1948   0009E2  EFFB  F004         	goto	l1317
  1949   0009E6                     l1313:
  1950                           
  1951                           ;main.c: 131:         clcd_putch('*', (0xC0 + (i)));
  1952   0009E6  500A               	movf	blink_cursor@i^0,w,c
  1953   0009E8  0FC0               	addlw	192
  1954   0009EA  6E03               	movwf	clcd_putch@addr^0,c
  1955   0009EC  0E2A               	movlw	42
  1956   0009EE  ECAB  F006         	call	_clcd_putch
  1957   0009F2                     
  1958                           ;main.c: 132:     }
  1959   0009F2  4A0A               	infsnz	blink_cursor@i^0,f,c
  1960   0009F4  2A0B               	incf	(blink_cursor@i+1)^0,f,c
  1961   0009F6                     l1317:
  1962   0009F6  5006               	movf	blink_cursor@index^0,w,c
  1963   0009F8  5C0A               	subwf	blink_cursor@i^0,w,c
  1964   0009FA  500B               	movf	(blink_cursor@i+1)^0,w,c
  1965   0009FC  0A80               	xorlw	128
  1966   0009FE  6E08               	movwf	??_blink_cursor^0,c
  1967   000A00  5007               	movf	(blink_cursor@index+1)^0,w,c
  1968   000A02  0A80               	xorlw	128
  1969   000A04  5808               	subwfb	??_blink_cursor^0,w,c
  1970   000A06  A0D8               	btfss	status,0,c
  1971   000A08  EF08  F005         	goto	u521
  1972   000A0C  EF0A  F005         	goto	u520
  1973   000A10                     u521:
  1974   000A10  EFF3  F004         	goto	l1313
  1975   000A14                     u520:
  1976   000A14  0012               	return		;funcret
  1977   000A16                     __end_of_blink_cursor:
  1978                           	callstack 0
  1979                           
  1980 ;; *************** function _clcd_putch *****************
  1981 ;; Defined at:
  1982 ;;		line 114 in file "main.c"
  1983 ;; Parameters:    Size  Location     Type
  1984 ;;  data            1    wreg     const unsigned char 
  1985 ;;  addr            1    2[COMRAM] unsigned char 
  1986 ;; Auto vars:     Size  Location     Type
  1987 ;;  data            1    3[COMRAM] const unsigned char 
  1988 ;; Return value:  Size  Location     Type
  1989 ;;                  1    wreg      void 
  1990 ;; Registers used:
  1991 ;;		wreg, status,2, cstack
  1992 ;; Tracked objects:
  1993 ;;		On entry : 0/0
  1994 ;;		On exit  : 0/0
  1995 ;;		Unchanged: 0/0
  1996 ;; Data sizes:     COMRAM   BANK0   BANK1   BANK2   BANK3   BANK4   BANK5
  1997 ;;      Params:         1       0       0       0       0       0       0
  1998 ;;      Locals:         1       0       0       0       0       0       0
  1999 ;;      Temps:          0       0       0       0       0       0       0
  2000 ;;      Totals:         2       0       0       0       0       0       0
  2001 ;;Total ram usage:        2 bytes
  2002 ;; Hardware stack levels used: 1
  2003 ;; This function calls:
  2004 ;;		_clcd_write
  2005 ;; This function is called by:
  2006 ;;		_blink_cursor
  2007 ;;		_failure
  2008 ;; This function uses a non-reentrant model
  2009 ;;
  2010                           
  2011                           	psect	text9
  2012   000D56                     __ptext9:
  2013                           	callstack 0
  2014   000D56                     _clcd_putch:
  2015                           	callstack 29
  2016                           
  2017                           ;incstack = 0
  2018                           ;clcd_putch@data stored from wreg
  2019   000D56  6E04               	movwf	clcd_putch@data^0,c
  2020   000D58                     
  2021                           ;main.c: 115:     clcd_write(addr, 0);
  2022   000D58  0E00               	movlw	0
  2023   000D5A  6E01               	movwf	clcd_write@control_bit^0,c
  2024   000D5C  5003               	movf	clcd_putch@addr^0,w,c
  2025   000D5E  EC59  F006         	call	_clcd_write
  2026                           
  2027                           ;main.c: 116:     clcd_write(data, 1);
  2028   000D62  0E01               	movlw	1
  2029   000D64  6E01               	movwf	clcd_write@control_bit^0,c
  2030   000D66  5004               	movf	clcd_putch@data^0,w,c
  2031   000D68  EC59  F006         	call	_clcd_write
  2032   000D6C  0012               	return		;funcret
  2033   000D6E                     __end_of_clcd_putch:
  2034                           	callstack 0
  2035                           
  2036 ;; *************** function _clcd_print *****************
  2037 ;; Defined at:
  2038 ;;		line 107 in file "main.c"
  2039 ;; Parameters:    Size  Location     Type
  2040 ;;  data            1    2[COMRAM] PTR const unsigned char 
  2041 ;;		 -> main@msg(16), failure_at_last@str2(16), failure_at_last@str(16), failure@str2(16), 
  2042 ;;		 -> failure@str(16), display@str(16), 
  2043 ;;  addr            1    3[COMRAM] unsigned char 
  2044 ;; Auto vars:     Size  Location     Type
  2045 ;;		None
  2046 ;; Return value:  Size  Location     Type
  2047 ;;                  1    wreg      void 
  2048 ;; Registers used:
  2049 ;;		wreg, fsr2l, fsr2h, status,2, status,0, cstack
  2050 ;; Tracked objects:
  2051 ;;		On entry : 0/0
  2052 ;;		On exit  : 0/0
  2053 ;;		Unchanged: 0/0
  2054 ;; Data sizes:     COMRAM   BANK0   BANK1   BANK2   BANK3   BANK4   BANK5
  2055 ;;      Params:         2       0       0       0       0       0       0
  2056 ;;      Locals:         0       0       0       0       0       0       0
  2057 ;;      Temps:          0       0       0       0       0       0       0
  2058 ;;      Totals:         2       0       0       0       0       0       0
  2059 ;;Total ram usage:        2 bytes
  2060 ;; Hardware stack levels used: 1
  2061 ;; This function calls:
  2062 ;;		_clcd_write
  2063 ;; This function is called by:
  2064 ;;		_blink_cursor
  2065 ;;		_display
  2066 ;;		_failure
  2067 ;;		_failure_at_last
  2068 ;; This function uses a non-reentrant model
  2069 ;;
  2070                           
  2071                           	psect	text10
  2072   000CEC                     __ptext10:
  2073                           	callstack 0
  2074   000CEC                     _clcd_print:
  2075                           	callstack 29
  2076   000CEC                     
  2077                           ;main.c: 108:     clcd_write(addr, 0);
  2078   000CEC  0E00               	movlw	0
  2079   000CEE  6E01               	movwf	clcd_write@control_bit^0,c
  2080   000CF0  5004               	movf	clcd_print@addr^0,w,c
  2081   000CF2  EC59  F006         	call	_clcd_write
  2082                           
  2083                           ;main.c: 109:     while (*data != '\0') {
  2084   000CF6  EF86  F006         	goto	l1261
  2085   000CFA                     l1257:
  2086                           
  2087                           ;main.c: 110:         clcd_write(*data++, 1);
  2088   000CFA  0E01               	movlw	1
  2089   000CFC  6E01               	movwf	clcd_write@control_bit^0,c
  2090   000CFE  5003               	movf	clcd_print@data^0,w,c
  2091   000D00  6ED9               	movwf	fsr2l,c
  2092   000D02  6ADA               	clrf	fsr2h,c
  2093   000D04  50DF               	movf	indf2,w,c
  2094   000D06  EC59  F006         	call	_clcd_write
  2095   000D0A  2A03               	incf	clcd_print@data^0,f,c
  2096   000D0C                     l1261:
  2097                           
  2098                           ;main.c: 109:     while (*data != '\0') {
  2099   000D0C  5003               	movf	clcd_print@data^0,w,c
  2100   000D0E  6ED9               	movwf	fsr2l,c
  2101   000D10  6ADA               	clrf	fsr2h,c
  2102   000D12  50DF               	movf	indf2,w,c
  2103   000D14  A4D8               	btfss	status,2,c
  2104   000D16  EF8F  F006         	goto	u491
  2105   000D1A  EF91  F006         	goto	u490
  2106   000D1E                     u491:
  2107   000D1E  EF7D  F006         	goto	l1257
  2108   000D22                     u490:
  2109   000D22  0012               	return		;funcret
  2110   000D24                     __end_of_clcd_print:
  2111                           	callstack 0
  2112                           
  2113 ;; *************** function _clcd_write *****************
  2114 ;; Defined at:
  2115 ;;		line 56 in file "main.c"
  2116 ;; Parameters:    Size  Location     Type
  2117 ;;  byte            1    wreg     unsigned char 
  2118 ;;  control_bit     1    0[COMRAM] unsigned char 
  2119 ;; Auto vars:     Size  Location     Type
  2120 ;;  byte            1    1[COMRAM] unsigned char 
  2121 ;; Return value:  Size  Location     Type
  2122 ;;                  1    wreg      void 
  2123 ;; Registers used:
  2124 ;;		wreg
  2125 ;; Tracked objects:
  2126 ;;		On entry : 0/0
  2127 ;;		On exit  : 0/0
  2128 ;;		Unchanged: 0/0
  2129 ;; Data sizes:     COMRAM   BANK0   BANK1   BANK2   BANK3   BANK4   BANK5
  2130 ;;      Params:         1       0       0       0       0       0       0
  2131 ;;      Locals:         1       0       0       0       0       0       0
  2132 ;;      Temps:          0       0       0       0       0       0       0
  2133 ;;      Totals:         2       0       0       0       0       0       0
  2134 ;;Total ram usage:        2 bytes
  2135 ;; Hardware stack levels used: 1
  2136 ;; This function calls:
  2137 ;;		Nothing
  2138 ;; This function is called by:
  2139 ;;		_init_clcd
  2140 ;;		_clcd_print
  2141 ;;		_clcd_putch
  2142 ;;		_display
  2143 ;;		_failure
  2144 ;;		_failure_at_last
  2145 ;; This function uses a non-reentrant model
  2146 ;;
  2147                           
  2148                           	psect	text11
  2149   000CB2                     __ptext11:
  2150                           	callstack 0
  2151   000CB2                     _clcd_write:
  2152                           	callstack 28
  2153                           
  2154                           ;incstack = 0
  2155                           ;clcd_write@byte stored from wreg
  2156   000CB2  6E02               	movwf	clcd_write@byte^0,c
  2157   000CB4                     
  2158                           ;main.c: 57:     RC1 = control_bit;
  2159   000CB4  B001               	btfsc	clcd_write@control_bit^0,0,c
  2160   000CB6  EF5F  F006         	goto	u461
  2161   000CBA  EF62  F006         	goto	u460
  2162   000CBE                     u461:
  2163   000CBE  8282               	bsf	3970,1,c	;volatile
  2164   000CC0  EF63  F006         	goto	u475
  2165   000CC4                     u460:
  2166   000CC4  9282               	bcf	3970,1,c	;volatile
  2167   000CC6                     u475:
  2168   000CC6                     
  2169                           ;main.c: 58:     PORTD = byte;
  2170   000CC6  C002  FF83         	movff	clcd_write@byte,3971	;volatile
  2171   000CCA                     
  2172                           ;main.c: 61:     RC2 = 1;
  2173   000CCA  8482               	bsf	3970,2,c	;volatile
  2174   000CCC                     
  2175                           ;main.c: 62:     RC2 = 0;
  2176   000CCC  9482               	bcf	3970,2,c	;volatile
  2177   000CCE                     
  2178                           ;main.c: 64:     TRISD7 = 0xFF;
  2179   000CCE  8E95               	bsf	3989,7,c	;volatile
  2180   000CD0                     
  2181                           ;main.c: 65:     RC0 = 1;
  2182   000CD0  8082               	bsf	3970,0,c	;volatile
  2183   000CD2                     
  2184                           ;main.c: 66:     RC1 = 0;
  2185   000CD2  9282               	bcf	3970,1,c	;volatile
  2186   000CD4                     l1249:
  2187                           
  2188                           ;main.c: 69:         RC2 = 1;
  2189   000CD4  8482               	bsf	3970,2,c	;volatile
  2190   000CD6                     
  2191                           ;main.c: 70:         RC2 = 0;
  2192   000CD6  9482               	bcf	3970,2,c	;volatile
  2193   000CD8                     
  2194                           ;main.c: 71:     } while (RD7);
  2195   000CD8  BE83               	btfsc	3971,7,c	;volatile
  2196   000CDA  EF71  F006         	goto	u481
  2197   000CDE  EF73  F006         	goto	u480
  2198   000CE2                     u481:
  2199   000CE2  EF6A  F006         	goto	l1249
  2200   000CE6                     u480:
  2201   000CE6                     
  2202                           ;main.c: 73:     RC0 = 0;
  2203   000CE6  9082               	bcf	3970,0,c	;volatile
  2204                           
  2205                           ;main.c: 74:     TRISD7 = 0x00;
  2206   000CE8  9E95               	bcf	3989,7,c	;volatile
  2207   000CEA  0012               	return		;funcret
  2208   000CEC                     __end_of_clcd_write:
  2209                           	callstack 0
  2210                           
  2211 ;; *************** function _LED_blink *****************
  2212 ;; Defined at:
  2213 ;;		line 183 in file "main.c"
  2214 ;; Parameters:    Size  Location     Type
  2215 ;;  attempt         1    wreg     unsigned char 
  2216 ;; Auto vars:     Size  Location     Type
  2217 ;;  attempt         1    2[COMRAM] unsigned char 
  2218 ;; Return value:  Size  Location     Type
  2219 ;;                  1    wreg      void 
  2220 ;; Registers used:
  2221 ;;		wreg, status,2, status,0
  2222 ;; Tracked objects:
  2223 ;;		On entry : 0/0
  2224 ;;		On exit  : 0/0
  2225 ;;		Unchanged: 0/0
  2226 ;; Data sizes:     COMRAM   BANK0   BANK1   BANK2   BANK3   BANK4   BANK5
  2227 ;;      Params:         0       0       0       0       0       0       0
  2228 ;;      Locals:         1       0       0       0       0       0       0
  2229 ;;      Temps:          2       0       0       0       0       0       0
  2230 ;;      Totals:         3       0       0       0       0       0       0
  2231 ;;Total ram usage:        3 bytes
  2232 ;; Hardware stack levels used: 1
  2233 ;; This function calls:
  2234 ;;		Nothing
  2235 ;; This function is called by:
  2236 ;;		_main
  2237 ;; This function uses a non-reentrant model
  2238 ;;
  2239                           
  2240                           	psect	text12
  2241   000602                     __ptext12:
  2242                           	callstack 0
  2243   000602                     _LED_blink:
  2244                           	callstack 30
  2245                           
  2246                           ;incstack = 0
  2247                           ;LED_blink@attempt stored from wreg
  2248   000602  6E03               	movwf	LED_blink@attempt^0,c
  2249   000604                     
  2250                           ;main.c: 184:     if (attempt == '5') {
  2251   000604  0E35               	movlw	53
  2252   000606  1803               	xorwf	LED_blink@attempt^0,w,c
  2253   000608  A4D8               	btfss	status,2,c
  2254   00060A  EF09  F003         	goto	u631
  2255   00060E  EF0B  F003         	goto	u630
  2256   000612                     u631:
  2257   000612  EF0E  F003         	goto	l1391
  2258   000616                     u630:
  2259   000616                     
  2260                           ;main.c: 185:         RB0 = 0;
  2261   000616  9081               	bcf	3969,0,c	;volatile
  2262                           
  2263                           ;main.c: 186:     } else if (attempt == '4') {
  2264   000618  EFCA  F003         	goto	l120
  2265   00061C                     l1391:
  2266   00061C  0E34               	movlw	52
  2267   00061E  1803               	xorwf	LED_blink@attempt^0,w,c
  2268   000620  A4D8               	btfss	status,2,c
  2269   000622  EF15  F003         	goto	u641
  2270   000626  EF17  F003         	goto	u640
  2271   00062A                     u641:
  2272   00062A  EF45  F003         	goto	l1403
  2273   00062E                     u640:
  2274   00062E                     
  2275                           ;main.c: 187:         if (led_delay++ <= 2000) {
  2276   00062E  5059               	movf	_led_delay^0,w,c
  2277   000630  6E01               	movwf	??_LED_blink^0,c
  2278   000632  505A               	movf	(_led_delay+1)^0,w,c
  2279   000634  6E02               	movwf	(??_LED_blink+1)^0,c
  2280   000636  4A59               	infsnz	_led_delay^0,f,c
  2281   000638  2A5A               	incf	(_led_delay+1)^0,f,c
  2282   00063A  0ED1               	movlw	209
  2283   00063C  5C01               	subwf	??_LED_blink^0,w,c
  2284   00063E  0E07               	movlw	7
  2285   000640  5802               	subwfb	(??_LED_blink+1)^0,w,c
  2286   000642  B0D8               	btfsc	status,0,c
  2287   000644  EF26  F003         	goto	u651
  2288   000648  EF28  F003         	goto	u650
  2289   00064C                     u651:
  2290   00064C  EF33  F003         	goto	l1397
  2291   000650                     u650:
  2292   000650                     l1395:
  2293                           
  2294                           ;main.c: 188:             RB0 = !RB0;
  2295   000650  A081               	btfss	3969,0,c	;volatile
  2296   000652  EF2D  F003         	goto	u661
  2297   000656  EF30  F003         	goto	u660
  2298   00065A                     u661:
  2299   00065A  8081               	bsf	3969,0,c	;volatile
  2300   00065C  EF31  F003         	goto	u675
  2301   000660                     u660:
  2302   000660  9081               	bcf	3969,0,c	;volatile
  2303   000662                     u675:
  2304                           
  2305                           ;main.c: 189:         } else if (led_delay <= 4000) {
  2306   000662  EFCA  F003         	goto	l120
  2307   000666                     l1397:
  2308   000666  0EA1               	movlw	161
  2309   000668  5C59               	subwf	_led_delay^0,w,c
  2310   00066A  0E0F               	movlw	15
  2311   00066C  585A               	subwfb	(_led_delay+1)^0,w,c
  2312   00066E  B0D8               	btfsc	status,0,c
  2313   000670  EF3C  F003         	goto	u681
  2314   000674  EF3E  F003         	goto	u680
  2315   000678                     u681:
  2316   000678  EF40  F003         	goto	l1401
  2317   00067C                     u680:
  2318   00067C  EF28  F003         	goto	l1395
  2319   000680                     l1401:
  2320                           
  2321                           ;main.c: 192:             led_delay = 0;
  2322   000680  6A5A               	clrf	(_led_delay+1)^0,c
  2323   000682  0E00               	movlw	0
  2324   000684  6E59               	movwf	_led_delay^0,c
  2325   000686  EFCA  F003         	goto	l120
  2326   00068A                     l1403:
  2327   00068A  0E33               	movlw	51
  2328   00068C  1803               	xorwf	LED_blink@attempt^0,w,c
  2329   00068E  A4D8               	btfss	status,2,c
  2330   000690  EF4C  F003         	goto	u691
  2331   000694  EF4E  F003         	goto	u690
  2332   000698                     u691:
  2333   000698  EF6E  F003         	goto	l1415
  2334   00069C                     u690:
  2335   00069C                     
  2336                           ;main.c: 195:         if (led_delay++ <= 1500) {
  2337   00069C  5059               	movf	_led_delay^0,w,c
  2338   00069E  6E01               	movwf	??_LED_blink^0,c
  2339   0006A0  505A               	movf	(_led_delay+1)^0,w,c
  2340   0006A2  6E02               	movwf	(??_LED_blink+1)^0,c
  2341   0006A4  4A59               	infsnz	_led_delay^0,f,c
  2342   0006A6  2A5A               	incf	(_led_delay+1)^0,f,c
  2343   0006A8  0EDD               	movlw	221
  2344   0006AA  5C01               	subwf	??_LED_blink^0,w,c
  2345   0006AC  0E05               	movlw	5
  2346   0006AE  5802               	subwfb	(??_LED_blink+1)^0,w,c
  2347   0006B0  B0D8               	btfsc	status,0,c
  2348   0006B2  EF5D  F003         	goto	u701
  2349   0006B6  EF5F  F003         	goto	u700
  2350   0006BA                     u701:
  2351   0006BA  EF61  F003         	goto	l1409
  2352   0006BE                     u700:
  2353   0006BE  EF28  F003         	goto	l1395
  2354   0006C2                     l1409:
  2355   0006C2  0EB9               	movlw	185
  2356   0006C4  5C59               	subwf	_led_delay^0,w,c
  2357   0006C6  0E0B               	movlw	11
  2358   0006C8  585A               	subwfb	(_led_delay+1)^0,w,c
  2359   0006CA  B0D8               	btfsc	status,0,c
  2360   0006CC  EF6A  F003         	goto	u711
  2361   0006D0  EF6C  F003         	goto	u710
  2362   0006D4                     u711:
  2363   0006D4  EF40  F003         	goto	l1401
  2364   0006D8                     u710:
  2365   0006D8  EF28  F003         	goto	l1395
  2366   0006DC                     l1415:
  2367   0006DC  0E32               	movlw	50
  2368   0006DE  1803               	xorwf	LED_blink@attempt^0,w,c
  2369   0006E0  A4D8               	btfss	status,2,c
  2370   0006E2  EF75  F003         	goto	u721
  2371   0006E6  EF77  F003         	goto	u720
  2372   0006EA                     u721:
  2373   0006EA  EF97  F003         	goto	l1427
  2374   0006EE                     u720:
  2375   0006EE                     
  2376                           ;main.c: 203:         if (led_delay++ <= 1000) {
  2377   0006EE  5059               	movf	_led_delay^0,w,c
  2378   0006F0  6E01               	movwf	??_LED_blink^0,c
  2379   0006F2  505A               	movf	(_led_delay+1)^0,w,c
  2380   0006F4  6E02               	movwf	(??_LED_blink+1)^0,c
  2381   0006F6  4A59               	infsnz	_led_delay^0,f,c
  2382   0006F8  2A5A               	incf	(_led_delay+1)^0,f,c
  2383   0006FA  0EE9               	movlw	233
  2384   0006FC  5C01               	subwf	??_LED_blink^0,w,c
  2385   0006FE  0E03               	movlw	3
  2386   000700  5802               	subwfb	(??_LED_blink+1)^0,w,c
  2387   000702  B0D8               	btfsc	status,0,c
  2388   000704  EF86  F003         	goto	u731
  2389   000708  EF88  F003         	goto	u730
  2390   00070C                     u731:
  2391   00070C  EF8A  F003         	goto	l1421
  2392   000710                     u730:
  2393   000710  EF28  F003         	goto	l1395
  2394   000714                     l1421:
  2395   000714  0ED1               	movlw	209
  2396   000716  5C59               	subwf	_led_delay^0,w,c
  2397   000718  0E07               	movlw	7
  2398   00071A  585A               	subwfb	(_led_delay+1)^0,w,c
  2399   00071C  B0D8               	btfsc	status,0,c
  2400   00071E  EF93  F003         	goto	u741
  2401   000722  EF95  F003         	goto	u740
  2402   000726                     u741:
  2403   000726  EF40  F003         	goto	l1401
  2404   00072A                     u740:
  2405   00072A  EF28  F003         	goto	l1395
  2406   00072E                     l1427:
  2407   00072E  0E31               	movlw	49
  2408   000730  1803               	xorwf	LED_blink@attempt^0,w,c
  2409   000732  A4D8               	btfss	status,2,c
  2410   000734  EF9E  F003         	goto	u751
  2411   000738  EFA0  F003         	goto	u750
  2412   00073C                     u751:
  2413   00073C  EFC0  F003         	goto	l1439
  2414   000740                     u750:
  2415   000740                     
  2416                           ;main.c: 211:         if (led_delay++ <= 500) {
  2417   000740  5059               	movf	_led_delay^0,w,c
  2418   000742  6E01               	movwf	??_LED_blink^0,c
  2419   000744  505A               	movf	(_led_delay+1)^0,w,c
  2420   000746  6E02               	movwf	(??_LED_blink+1)^0,c
  2421   000748  4A59               	infsnz	_led_delay^0,f,c
  2422   00074A  2A5A               	incf	(_led_delay+1)^0,f,c
  2423   00074C  0EF5               	movlw	245
  2424   00074E  5C01               	subwf	??_LED_blink^0,w,c
  2425   000750  0E01               	movlw	1
  2426   000752  5802               	subwfb	(??_LED_blink+1)^0,w,c
  2427   000754  B0D8               	btfsc	status,0,c
  2428   000756  EFAF  F003         	goto	u761
  2429   00075A  EFB1  F003         	goto	u760
  2430   00075E                     u761:
  2431   00075E  EFB3  F003         	goto	l1433
  2432   000762                     u760:
  2433   000762  EF28  F003         	goto	l1395
  2434   000766                     l1433:
  2435   000766  0EE9               	movlw	233
  2436   000768  5C59               	subwf	_led_delay^0,w,c
  2437   00076A  0E03               	movlw	3
  2438   00076C  585A               	subwfb	(_led_delay+1)^0,w,c
  2439   00076E  B0D8               	btfsc	status,0,c
  2440   000770  EFBC  F003         	goto	u771
  2441   000774  EFBE  F003         	goto	u770
  2442   000778                     u771:
  2443   000778  EF40  F003         	goto	l1401
  2444   00077C                     u770:
  2445   00077C  EF28  F003         	goto	l1395
  2446   000780                     l1439:
  2447   000780  0E30               	movlw	48
  2448   000782  1803               	xorwf	LED_blink@attempt^0,w,c
  2449   000784  A4D8               	btfss	status,2,c
  2450   000786  EFC7  F003         	goto	u781
  2451   00078A  EFC9  F003         	goto	u780
  2452   00078E                     u781:
  2453   00078E  EFCA  F003         	goto	l120
  2454   000792                     u780:
  2455   000792                     
  2456                           ;main.c: 219:         RB0 = 1;
  2457   000792  8081               	bsf	3969,0,c	;volatile
  2458   000794                     l120:
  2459   000794  0012               	return		;funcret
  2460   000796                     __end_of_LED_blink:
  2461                           	callstack 0
  2462                           
  2463                           	psect	smallconst
  2464   000600                     __psmallconst:
  2465                           	callstack 0
  2466   000600  00                 	db	0
  2467   000601  00                 	db	0	; dummy byte at the end
  2468   000600                     __smallconst    set	__psmallconst
  2469   000600                     __mediumconst   set	__psmallconst
  2470   000000                     __activetblptr  equ	0
  2471                           
  2472                           	psect	rparam
  2473   000001                     ___rparam_used  equ	1
  2474   000000                     ___param_bank   equ	0
  2475   000000                     __Lparam        equ	__Lrparam
  2476   000000                     __Hparam        equ	__Hrparam
  2477                           
  2478                           	psect	idloc
  2479                           
  2480                           ;Config register IDLOC0 @ 0x200000
  2481                           ;	unspecified, using default values
  2482   200000                     	org	2097152
  2483   200000  FF                 	db	255
  2484                           
  2485                           ;Config register IDLOC1 @ 0x200001
  2486                           ;	unspecified, using default values
  2487   200001                     	org	2097153
  2488   200001  FF                 	db	255
  2489                           
  2490                           ;Config register IDLOC2 @ 0x200002
  2491                           ;	unspecified, using default values
  2492   200002                     	org	2097154
  2493   200002  FF                 	db	255
  2494                           
  2495                           ;Config register IDLOC3 @ 0x200003
  2496                           ;	unspecified, using default values
  2497   200003                     	org	2097155
  2498   200003  FF                 	db	255
  2499                           
  2500                           ;Config register IDLOC4 @ 0x200004
  2501                           ;	unspecified, using default values
  2502   200004                     	org	2097156
  2503   200004  FF                 	db	255
  2504                           
  2505                           ;Config register IDLOC5 @ 0x200005
  2506                           ;	unspecified, using default values
  2507   200005                     	org	2097157
  2508   200005  FF                 	db	255
  2509                           
  2510                           ;Config register IDLOC6 @ 0x200006
  2511                           ;	unspecified, using default values
  2512   200006                     	org	2097158
  2513   200006  FF                 	db	255
  2514                           
  2515                           ;Config register IDLOC7 @ 0x200007
  2516                           ;	unspecified, using default values
  2517   200007                     	org	2097159
  2518   200007  FF                 	db	255
  2519                           
  2520                           	psect	config
  2521                           
  2522                           ; Padding undefined space
  2523   300000                     	org	3145728
  2524   300000  FF                 	db	255
  2525                           
  2526                           ;Config register CONFIG1H @ 0x300001
  2527                           ;	unspecified, using default values
  2528                           ;	Oscillator Selection bits
  2529                           ;	OSC = 0x7, unprogrammed default
  2530                           ;	Fail-Safe Clock Monitor Enable bit
  2531                           ;	FCMEN = 0x0, unprogrammed default
  2532                           ;	Internal/External Oscillator Switchover bit
  2533                           ;	IESO = 0x0, unprogrammed default
  2534   300001                     	org	3145729
  2535   300001  07                 	db	7
  2536                           
  2537                           ;Config register CONFIG2L @ 0x300002
  2538                           ;	unspecified, using default values
  2539                           ;	Power-up Timer Enable bit
  2540                           ;	PWRT = 0x1, unprogrammed default
  2541                           ;	Brown-out Reset Enable bits
  2542                           ;	BOREN = 0x3, unprogrammed default
  2543                           ;	Brown-out Reset Voltage bits
  2544                           ;	BORV = 0x3, unprogrammed default
  2545   300002                     	org	3145730
  2546   300002  1F                 	db	31
  2547                           
  2548                           ;Config register CONFIG2H @ 0x300003
  2549                           ;	unspecified, using default values
  2550                           ;	Watchdog Timer Enable bit
  2551                           ;	WDT = 0x1, unprogrammed default
  2552                           ;	Watchdog Timer Postscale Select bits
  2553                           ;	WDTPS = 0xF, unprogrammed default
  2554   300003                     	org	3145731
  2555   300003  1F                 	db	31
  2556                           
  2557                           ; Padding undefined space
  2558   300004                     	org	3145732
  2559   300004  FF                 	db	255
  2560                           
  2561                           ;Config register CONFIG3H @ 0x300005
  2562                           ;	unspecified, using default values
  2563                           ;	PORTB A/D Enable bit
  2564                           ;	PBADEN = 0x1, unprogrammed default
  2565                           ;	Low-Power Timer 1 Oscillator Enable bit
  2566                           ;	LPT1OSC = 0x0, unprogrammed default
  2567                           ;	MCLR Pin Enable bit
  2568                           ;	MCLRE = 0x1, unprogrammed default
  2569   300005                     	org	3145733
  2570   300005  82                 	db	130
  2571                           
  2572                           ;Config register CONFIG4L @ 0x300006
  2573                           ;	unspecified, using default values
  2574                           ;	Stack Full/Underflow Reset Enable bit
  2575                           ;	STVREN = 0x1, unprogrammed default
  2576                           ;	Single-Supply ICSP Enable bit
  2577                           ;	LVP = 0x1, unprogrammed default
  2578                           ;	Boot Block Size Select bit
  2579                           ;	BBSIZ = 0x0, unprogrammed default
  2580                           ;	Extended Instruction Set Enable bit
  2581                           ;	XINST = 0x0, unprogrammed default
  2582                           ;	Background Debugger Enable bit
  2583                           ;	DEBUG = 0x1, unprogrammed default
  2584   300006                     	org	3145734
  2585   300006  85                 	db	133
  2586                           
  2587                           ; Padding undefined space
  2588   300007                     	org	3145735
  2589   300007  FF                 	db	255
  2590                           
  2591                           ;Config register CONFIG5L @ 0x300008
  2592                           ;	unspecified, using default values
  2593                           ;	Code Protection bit
  2594                           ;	CP0 = 0x1, unprogrammed default
  2595                           ;	Code Protection bit
  2596                           ;	CP1 = 0x1, unprogrammed default
  2597                           ;	Code Protection bit
  2598                           ;	CP2 = 0x1, unprogrammed default
  2599                           ;	Code Protection bit
  2600                           ;	CP3 = 0x1, unprogrammed default
  2601   300008                     	org	3145736
  2602   300008  0F                 	db	15
  2603                           
  2604                           ;Config register CONFIG5H @ 0x300009
  2605                           ;	unspecified, using default values
  2606                           ;	Boot Block Code Protection bit
  2607                           ;	CPB = 0x1, unprogrammed default
  2608                           ;	Data EEPROM Code Protection bit
  2609                           ;	CPD = 0x1, unprogrammed default
  2610   300009                     	org	3145737
  2611   300009  C0                 	db	192
  2612                           
  2613                           ;Config register CONFIG6L @ 0x30000A
  2614                           ;	unspecified, using default values
  2615                           ;	Write Protection bit
  2616                           ;	WRT0 = 0x1, unprogrammed default
  2617                           ;	Write Protection bit
  2618                           ;	WRT1 = 0x1, unprogrammed default
  2619                           ;	Write Protection bit
  2620                           ;	WRT2 = 0x1, unprogrammed default
  2621                           ;	Write Protection bit
  2622                           ;	WRT3 = 0x1, unprogrammed default
  2623   30000A                     	org	3145738
  2624   30000A  0F                 	db	15
  2625                           
  2626                           ;Config register CONFIG6H @ 0x30000B
  2627                           ;	unspecified, using default values
  2628                           ;	Configuration Register Write Protection bit
  2629                           ;	WRTC = 0x1, unprogrammed default
  2630                           ;	Boot Block Write Protection bit
  2631                           ;	WRTB = 0x1, unprogrammed default
  2632                           ;	Data EEPROM Write Protection bit
  2633                           ;	WRTD = 0x1, unprogrammed default
  2634   30000B                     	org	3145739
  2635   30000B  E0                 	db	224
  2636                           
  2637                           ;Config register CONFIG7L @ 0x30000C
  2638                           ;	unspecified, using default values
  2639                           ;	Table Read Protection bit
  2640                           ;	EBTR0 = 0x1, unprogrammed default
  2641                           ;	Table Read Protection bit
  2642                           ;	EBTR1 = 0x1, unprogrammed default
  2643                           ;	Table Read Protection bit
  2644                           ;	EBTR2 = 0x1, unprogrammed default
  2645                           ;	Table Read Protection bit
  2646                           ;	EBTR3 = 0x1, unprogrammed default
  2647   30000C                     	org	3145740
  2648   30000C  0F                 	db	15
  2649                           
  2650                           ;Config register CONFIG7H @ 0x30000D
  2651                           ;	unspecified, using default values
  2652                           ;	Boot Block Table Read Protection bit
  2653                           ;	EBTRB = 0x1, unprogrammed default
  2654   30000D                     	org	3145741
  2655   30000D  40                 	db	64
  2656                           tosu	equ	0xFFF
  2657                           tosh	equ	0xFFE
  2658                           tosl	equ	0xFFD
  2659                           stkptr	equ	0xFFC
  2660                           pclatu	equ	0xFFB
  2661                           pclath	equ	0xFFA
  2662                           pcl	equ	0xFF9
  2663                           tblptru	equ	0xFF8
  2664                           tblptrh	equ	0xFF7
  2665                           tblptrl	equ	0xFF6
  2666                           tablat	equ	0xFF5
  2667                           prodh	equ	0xFF4
  2668                           prodl	equ	0xFF3
  2669                           indf0	equ	0xFEF
  2670                           postinc0	equ	0xFEE
  2671                           postdec0	equ	0xFED
  2672                           preinc0	equ	0xFEC
  2673                           plusw0	equ	0xFEB
  2674                           fsr0h	equ	0xFEA
  2675                           fsr0l	equ	0xFE9
  2676                           wreg	equ	0xFE8
  2677                           indf1	equ	0xFE7
  2678                           postinc1	equ	0xFE6
  2679                           postdec1	equ	0xFE5
  2680                           preinc1	equ	0xFE4
  2681                           plusw1	equ	0xFE3
  2682                           fsr1h	equ	0xFE2
  2683                           fsr1l	equ	0xFE1
  2684                           bsr	equ	0xFE0
  2685                           indf2	equ	0xFDF
  2686                           postinc2	equ	0xFDE
  2687                           postdec2	equ	0xFDD
  2688                           preinc2	equ	0xFDC
  2689                           plusw2	equ	0xFDB
  2690                           fsr2h	equ	0xFDA
  2691                           fsr2l	equ	0xFD9
  2692                           status	equ	0xFD8

Data Sizes:
    Strings     0
    Constant    0
    Data        106
    BSS         4
    Persistent  0
    Stack       0

Auto Spaces:
    Space          Size  Autos    Used
    COMRAM           95     78      92
    BANK0           160      0      96
    BANK1           256      0       0
    BANK2           256      0       0
    BANK3           256      0       0
    BANK4           256      0       0
    BANK5           256      0       0

Pointer List with Targets:

    blink_cursor@str	PTR unsigned char  size(1) Largest target is 16
		 -> main@msg(COMRAM[16]), 

    clcd_print@data	PTR const unsigned char  size(1) Largest target is 16
		 -> display@str(COMRAM[16]), failure@str(COMRAM[16]), failure@str2(COMRAM[16]), failure_at_last@str(COMRAM[16]), 
		 -> failure_at_last@str2(COMRAM[16]), main@msg(COMRAM[16]), 

    strcmp@l	PTR const unsigned char  size(1) Largest target is 9
		 -> main@org_pass(COMRAM[9]), 

    strcmp@r	PTR const unsigned char  size(1) Largest target is 9
		 -> main@ent_pass(COMRAM[9]), 


Critical Paths under _main in COMRAM

    _main->_failure
    _init_clcd->_clcd_write
    _failure_at_last->_clcd_print
    _failure->_clcd_print
    _failure->_clcd_putch
    _display->_clcd_print
    _blink_cursor->_clcd_print
    _blink_cursor->_clcd_putch
    _clcd_putch->_clcd_write
    _clcd_print->_clcd_write

Critical Paths under _main in BANK0

    None.

Critical Paths under _main in BANK1

    None.

Critical Paths under _main in BANK2

    None.

Critical Paths under _main in BANK3

    None.

Critical Paths under _main in BANK4

    None.

Critical Paths under _main in BANK5

    None.

Call Graph Tables:

 ---------------------------------------------------------------------------------
 (Depth) Function   	        Calls       Base Space   Used Autos Params    Refs
 ---------------------------------------------------------------------------------
 (0) _main                                                39    39      0    2295
                                             39 COMRAM    39    39      0
                          _LED_blink
                       _blink_cursor
                            _display
                            _failure
                    _failure_at_last
                          _init_clcd
                        _scan_switch
                             _strcmp
                     _switch_trigger
 ---------------------------------------------------------------------------------
 (1) _switch_trigger                                       2     1      1     147
                                              0 COMRAM     2     1      1
 ---------------------------------------------------------------------------------
 (1) _strcmp                                               4     2      2     114
                                              0 COMRAM     4     2      2
 ---------------------------------------------------------------------------------
 (1) _scan_switch                                          0     0      0       0
 ---------------------------------------------------------------------------------
 (1) _init_clcd                                            1     1      0      68
                                              2 COMRAM     1     1      0
                         _clcd_write
 ---------------------------------------------------------------------------------
 (1) _failure_at_last                                     34    34      0     265
                                              4 COMRAM    34    34      0
                         _clcd_print
                         _clcd_write
 ---------------------------------------------------------------------------------
 (1) _failure                                             35    35      0     417
                                              4 COMRAM    35    35      0
                         _clcd_print
                         _clcd_putch
                         _clcd_write
 ---------------------------------------------------------------------------------
 (1) _display                                             18    18      0     240
                                              4 COMRAM    18    18      0
                         _clcd_print
                         _clcd_write
 ---------------------------------------------------------------------------------
 (1) _blink_cursor                                         7     4      3     406
                                              4 COMRAM     7     4      3
                         _clcd_print
                         _clcd_putch
 ---------------------------------------------------------------------------------
 (2) _clcd_putch                                           2     1      1     123
                                              2 COMRAM     2     1      1
                         _clcd_write
 ---------------------------------------------------------------------------------
 (2) _clcd_print                                           2     0      2     147
                                              2 COMRAM     2     0      2
                         _clcd_write
 ---------------------------------------------------------------------------------
 (3) _clcd_write                                           2     1      1      68
                                              0 COMRAM     2     1      1
 ---------------------------------------------------------------------------------
 (1) _LED_blink                                            3     3      0     174
                                              0 COMRAM     3     3      0
 ---------------------------------------------------------------------------------
 Estimated maximum stack depth 3
 ---------------------------------------------------------------------------------

 Call Graph Graphs:

 _main (ROOT)
   _LED_blink
   _blink_cursor
     _clcd_print
       _clcd_write
     _clcd_putch
       _clcd_write
   _display
     _clcd_print
     _clcd_write
   _failure
     _clcd_print
     _clcd_putch
     _clcd_write
   _failure_at_last
     _clcd_print
     _clcd_write
   _init_clcd
     _clcd_write
   _scan_switch
   _strcmp
   _switch_trigger

Address spaces:
Name               Size   Autos  Total    Usage
BIGRAM            1535      0       0      0.0%
BITBIGSFRl         641      0       0      0.0%
BITBANK5           256      0       0      0.0%
BANK5              256      0       0      0.0%
BITBANK4           256      0       0      0.0%
BANK4              256      0       0      0.0%
BITBANK3           256      0       0      0.0%
BANK3              256      0       0      0.0%
BITBANK2           256      0       0      0.0%
BANK2              256      0       0      0.0%
BITBANK1           256      0       0      0.0%
BANK1              256      0       0      0.0%
BITBANK0           160      0       0      0.0%
BANK0              160      0      96     60.0%
BITBIGSFRh         126      0       0      0.0%
BITCOMRAM           95      0       0      0.0%
COMRAM              95     78      92     96.8%
STACK                0      0       0      0.0%
DATA                 0      0     188      0.0%


Microchip Technology PIC18 Macro Assembler V3.10 build 20250813170317 
Symbol Table                                                                                   Tue Mar 24 17:24:07 2026

         clcd_print@addr 0004           clcd_print@data 0003                       l42 0970  
                     l51 0D6C                       l61 0A14                       l38 0CE6  
                     l39 0CEA                       l55 09DC                       l48 0D22  
                     l73 0AF2                       l90 0A88                       l66 0D3E  
                     l83 0CB0                       l67 0D54                      l120 0794  
                    l127 0B5A                      l941 0C18                      _RB0 7C08  
                    _RC0 7C10                      _RC1 7C11                      _RC2 7C12  
                    _RD7 7C1F                      u500 09A0                      u501 099C  
                    u510 09C6                      u511 09C2                      u520 0A14  
                    u521 0A10                      u601 0C7C                      u530 0D38  
                    u611 0A22                      u531 0D34                      u700 06BE  
                    u460 0CC4                      u540 0D4C                      u701 06BA  
                    u461 0CBE                      u621 0A34                      u541 0D48  
                    u710 06D8                      u630 0616                      u550 0A9C  
                    u711 06D4                      u631 0612                      u551 0A98  
                    u720 06EE                      u640 062E                      u480 0CE6  
                    u560 0AB2                      u721 06EA                      u641 062A  
                    u481 0CE2                      u801 0B10                      u561 0AAE  
                    u730 0710                      u650 0650                      u490 0D22  
                    u810 0BE2                      u570 0AC4                      u731 070C  
                    u651 064C                      u475 0CC6                      u491 0D1E  
                    u811 0BDE                      u571 0AC0                      u740 072A  
                    u660 0660                      u820 0BF8                      u580 0AD4  
                    u900 08B8                      u741 0726                      u661 065A  
                    u821 0BF4                      u581 0AD0                      u901 08B4  
                    u750 0740                      u590 0AEC                      u751 073C  
                    u591 0AE8                      u831 07B2                      u760 0762  
                    u680 067C                      u761 075E                      u681 0678  
                    u841 07C4                      u770 077C                      u690 069C  
                    u850 07F2                      u771 0778                      u691 0698  
                    u675 0662                      u851 07EE                      u780 0792  
                    u860 0826                      u781 078E                      u917 08DC  
                    u861 0822                      u870 084C                      u791 0AFE  
                    u927 08F6                      u871 0848                      u880 0862  
                    u937 090C                      u881 085E                      u890 0892  
                    u947 092E                      u891 088E                      u957 0940  
                    u967 0956                      u977 096A                      u987 0B44  
                    u997 0A72           clcd_putch@addr 0003           clcd_putch@data 0004  
                    wreg 0FE8         ?_failure_at_last 0001          blink_cursor@str 0005  
                   l1301 0972                     l1311 09D6                     l1303 097E  
                   l1401 0680                     l1241 0CCC                     l1313 09E6  
                   l1305 09A0                     l1321 0D38                     l1403 068A  
                   l1251 0CD6                     l1243 0CCE                     l1235 0CB4  
                   l1315 09F2                     l1307 09B0                     l1331 0D52  
                   l1421 0714                     l1405 069C                     l1253 0CD8  
                   l1245 0CD0                     l1237 0CC6                     l1261 0D0C  
                   l1317 09F6                     l1309 09C6                     l1341 0AA2  
                   l1415 06DC                     l1247 0CD2                     l1239 0CCA  
                   l1255 0CEC                     l1263 0D58                     l1271 08D6  
                   l1327 0D4C                     l1319 0D24                     l1343 0AB2  
                   l1335 0A8C                     l1511 0874                     l1441 0792  
                   l1433 0766                     l1417 06EE                     l1409 06C2  
                   l1249 0CD4                     l1257 0CFA                     l1281 0912  
                   l1273 08E6                     l1265 08CC                     l1345 0AC4  
                   l1337 0A9C                     l1521 08A6                     l1513 0892  
                   l1505 0850                     l1427 072E                     l1259 0D0A  
                   l1371 0CA6                     l1363 0C68                     l1451 0B3A  
                   l1443 0AF4                     l1291 093E                     l1283 091C  
                   l1275 08F0                     l1267 08CE                     l1347 0AD4  
                   l1355 0ADA                     l1523 08B8                     l1515 0896  
                   l1507 0862                     l1429 0740                     l1365 0C72  
                   l1381 0A5C                     l1373 0A18                     l1453 0B50  
                   l1445 0B18                     l1293 0946                     l1285 0922  
                   l1277 0900                     l1269 08D4                     l1461 0BE2  
                   l1357 0AEC                     l1517 089E                     l1509 086A  
                   l1525 08BE                     l1439 0780                     l1391 061C  
                   l1367 0C84                     l1383 0A68                     l1375 0A3C  
                   l1447 0B22                     l1295 0950                     l1287 092C  
                   l1279 090A                     l1463 0BF8                     l1455 0BBC  
                   l1359 0AF0                     l1519 08A0                     l1471 079E  
                   l1393 062E                     l1369 0C90                     l1385 0A7E  
                   l1377 0A46                     l1449 0B2E                     l1297 095E  
                   l1289 0934                     l1457 0BC0                     l1481 07CC  
                   l1473 07A0                     l1395 0650                     l1387 0604  
                   l1379 0A52                     l1299 0968                     l1459 0BC4  
                   l1491 0808                     l1483 07D2                     l1475 07A6  
                   l1467 0796                     l1397 0666                     l1389 0616  
                   l1493 0814                     l1485 07D6                     l1477 07A8  
                   l1469 079A                     l1495 0826                     l1487 07F2  
                   l1479 07BA                     l1497 0832                     l1489 0802  
                   l1499 083A              main@attempt 004C                     u1007 0C9A  
                   _main 0796                     _once 0058                     fsr1h 0FE2  
                   fsr2h 0FDA                     indf2 0FDF                     fsr1l 0FE1  
                   fsr2l 0FD9                     start 2FFC             ___param_bank 0000  
         clcd_write@byte 0002                    ?_main 0001             main@ent_pass 0041  
                  _PORTB 0F81                    _PORTD 0F83                    _TRISB 0F93  
                  _TRISC 0F94                    _TRISD 0F95       failure_at_last@str 0007  
        __end_of_failure 0A8A          __end_of_display 0CB2                    _delay 005B  
           main@org_pass 0038                    tablat 0FF5                    plusw1 0FE3  
                  plusw2 0FDB                    status 0FD8             ?_scan_switch 0001  
        __initialization 0C1A     __end_of_blink_cursor 0A16             __end_of_main 08CC  
                 ??_main 0028            display@F10990 00B0            __activetblptr 0000  
      blink_cursor@index 0006        __end_of_LED_blink 0796                   _TRISD7 7CAF  
    failure_at_last@str2 0017                ??_failure 0005                   isa$std 0001  
                 _strcmp 0BBC                ??_display 0005             __pdataCOMRAM 004F  
           __mediumconst 0600                   tblptrh 0FF7                   tblptrl 0FF6  
                 tblptru 0FF8               __accesstop 0060  __end_of__initialization 0C62  
          ___rparam_used 0001           failure@attempt 0027           __pcstackCOMRAM 0001  
           __pidataBANK0 0B5C               _clcd_print 0CEC               _clcd_putch 0D56  
             _clcd_write 0CB2                  ?_strcmp 0001             _blink_cursor 0972  
                __Hparam 0000                  __Lparam 0000             __psmallconst 0600  
                __pcinit 0C1A                  __ramtop 0600                  _failure 0A16  
                __ptext0 0796                  __ptext1 0A8A                  __ptext2 0BBC  
                __ptext3 0D24                  __ptext4 08CC                  __ptext5 0AF4  
                __ptext6 0A16                  __ptext7 0C68                  __ptext8 0972  
                __ptext9 0D56                  _display 0C68        __end_of_init_clcd 0972  
                main@key 004A                  main@msg 0028     end_of_initialization 0C62  
              _LED_blink 0602               failure@str 0007              ?_clcd_print 0003  
            ?_clcd_putch 0003              ?_clcd_write 0001                  postdec1 0FE5  
                postinc0 0FEE                  postinc1 0FE6                  postinc2 0FDE  
             main@F11006 0060               main@F11008 004F                  strcmp@l 0001  
                strcmp@r 0002                _PORTBbits 0F81               ?_LED_blink 0001  
             display@str 0007        ??_failure_at_last 0005            __pidataCOMRAM 0D6E  
         __end_of_strcmp 0C1A      start_initialization 0C1A            failure@F10994 00A0  
          failure@F10996 0090           _switch_trigger 0A8A              __pdataBANK0 0060  
               ??_strcmp 0003              __pbssCOMRAM 0059              ??_LED_blink 0001  
 __end_of_switch_trigger 0AF4            ??_scan_switch 0001                 ?_failure 0001  
              _led_delay 0059                 ?_display 0001              __smallconst 0600  
  failure_at_last@F11001 0080    failure_at_last@F11003 0070                _init_clcd 08CC  
        ?_switch_trigger 0001             ??_clcd_print 0005             ??_clcd_putch 0004  
           ??_clcd_write 0002      __end_of_scan_switch 0D56    clcd_write@control_bit 0001  
          blink_cursor@i 000A                main@index 004D                main@value 004B  
     __end_of_clcd_print 0D24       __end_of_clcd_putch 0D6E       __end_of_clcd_write 0CEC  
             ?_init_clcd 0001              _INTCON2bits 0FF1                copy_data0 0C2E  
              copy_data1 0C4E          _failure_at_last 0AF4                 __Hrparam 0000  
               __Lrparam 0000         LED_blink@attempt 0003                 __ptext10 0CEC  
               __ptext11 0CB2                 __ptext12 0602        switch_trigger@key 0001  
            _scan_switch 0D24                 isa$xinst 0000     switch_trigger@detect 0002  
__end_of_failure_at_last 0B5C            ?_blink_cursor 0005              ??_init_clcd 0003  
            failure@str2 0017           ??_blink_cursor 0008         ??_switch_trigger 0002  
