

Microchip MPLAB XC8 Assembler V3.10 build 20250813170317 
                                                                                               Tue Mar 31 11:36:38 2026

Microchip MPLAB XC8 C Compiler v3.10 (Free license) build 20250813170317 Og1 
     1                           	processor	18F4580
     2                           	fnconf	rparam,??,?,0
     3                           	pagewidth 120
     4                           	opt	flic
     5                           	psect	idataCOMRAM,global,class=CODE,space=0,delta=1,noexec
     6                           	psect	cinit,global,reloc=2,class=CODE,space=0,delta=1
     7                           	psect	dataCOMRAM,global,class=COMRAM,space=1,delta=1,lowdata,noexec
     8                           	psect	cstackCOMRAM,global,class=COMRAM,space=1,delta=1,lowdata,noexec
     9                           	psect	text0,global,reloc=2,class=CODE,space=0,delta=1
    10                           	psect	text1,global,reloc=2,class=CODE,space=0,delta=1
    11                           	psect	text2,global,reloc=2,class=CODE,space=0,delta=1
    12                           	psect	text3,global,reloc=2,class=CODE,space=0,delta=1
    13                           	psect	text4,global,reloc=2,class=CODE,space=0,delta=1
    14                           	psect	text5,global,reloc=2,class=CODE,space=0,delta=1
    15                           	psect	text6,global,reloc=2,class=CODE,space=0,delta=1
    16                           	psect	text7,global,reloc=2,class=CODE,space=0,delta=1
    17                           	psect	smallconst,global,reloc=2,class=SMALLCONST,space=0,delta=1,noexec
    18                           	psect	intsave_regs,global,class=BIGRAM,space=1,delta=1,noexec
    19                           	psect	rparam,global,class=COMRAM,space=1,delta=1,noexec
    20                           	psect	idloc,global,abs,ovrld,class=IDLOC,space=5,delta=1,noexec
    21                           	psect	config,global,abs,ovrld,class=CONFIG,space=4,delta=1,noexec
    22   000000                     
    23                           ; Version 2.40
    24                           ; Generated 17/11/2021 GMT
    25                           ; 
    26                           ; Copyright © 2021, Microchip Technology Inc. and its subsidiaries ("Microchip")
    27                           ; All rights reserved.
    28                           ; 
    29                           ; This software is developed by Microchip Technology Inc. and its subsidiaries ("Microch
      +                          ip").
    30                           ; 
    31                           ; Redistribution and use in source and binary forms, with or without modification, are
    32                           ; permitted provided that the following conditions are met:
    33                           ; 
    34                           ;     1. Redistributions of source code must retain the above copyright notice, this lis
      +                          t of
    35                           ;        conditions and the following disclaimer.
    36                           ; 
    37                           ;     2. Redistributions in binary form must reproduce the above copyright notice, this 
      +                          list
    38                           ;        of conditions and the following disclaimer in the documentation and/or other
    39                           ;        materials provided with the distribution. Publication is not required when
    40                           ;        this file is used in an embedded application.
    41                           ; 
    42                           ;     3. Microchip's name may not be used to endorse or promote products derived from th
      +                          is
    43                           ;        software without specific prior written permission.
    44                           ; 
    45                           ; THIS SOFTWARE IS PROVIDED BY MICROCHIP "AS IS" AND ANY EXPRESS OR IMPLIED WARRANTIES,
    46                           ; INCLUDING, BUT NOT LIMITED TO, THE IMPLIED WARRANTIES OF MERCHANTABILITY AND FITNESS F
      +                          OR
    47                           ; PURPOSE ARE DISCLAIMED.  IN NO EVENT SHALL MICROCHIP BE LIABLE FOR ANY DIRECT, INDIREC
      +                          T,
    48                           ; INCIDENTAL, SPECIAL, EXEMPLARY, OR CONSEQUENTIAL DAMAGES (INCLUDING BUT NOT LIMITED TO
    49                           ; PROCUREMENT OF SUBSTITUTE GOODS OR SERVICES; LOSS OF USE, DATA OR PROFITS; OR BUSINESS
    50                           ; INTERRUPTION) HOWSOEVER CAUSED AND ON ANY THEORY OF LIABILITY, WHETHER IN CONTRACT, ST
      +                          RICT
    51                           ; LIABILITY, OR TORT (INCLUDING NEGLIGENCE OR OTHERWISE) ARISING IN ANY WAY OUT OF THE U
      +                          SE OF
    52                           ; THIS SOFTWARE, EVEN IF ADVISED OF THE POSSIBILITY OF SUCH DAMAGE.
    53                           ; 
    54                           ; 
    55                           ; Code-generator required, PIC18F4580 Definitions
    56                           ; 
    57                           ; SFR Addresses
    58   000FE0                     bsr             equ	4064
    59   000FE9                     fsr0            equ	4073
    60   000FEA                     fsr0h           equ	4074
    61   000FE9                     fsr0l           equ	4073
    62   000FE1                     fsr1            equ	4065
    63   000FE2                     fsr1h           equ	4066
    64   000FE1                     fsr1l           equ	4065
    65   000FD9                     fsr2            equ	4057
    66   000FDA                     fsr2h           equ	4058
    67   000FD9                     fsr2l           equ	4057
    68   000FEF                     indf0           equ	4079
    69   000FE7                     indf1           equ	4071
    70   000FDF                     indf2           equ	4063
    71   000FF2                     intcon          equ	4082
    72   000000                     nvmcon          equ	0
    73   000FF9                     pcl             equ	4089
    74   000FFA                     pclath          equ	4090
    75   000FFB                     pclatu          equ	4091
    76   000FEB                     plusw0          equ	4075
    77   000FE3                     plusw1          equ	4067
    78   000FDB                     plusw2          equ	4059
    79   000FED                     postdec0        equ	4077
    80   000FE5                     postdec1        equ	4069
    81   000FDD                     postdec2        equ	4061
    82   000FEE                     postinc0        equ	4078
    83   000FE6                     postinc1        equ	4070
    84   000FDE                     postinc2        equ	4062
    85   000FEC                     preinc0         equ	4076
    86   000FE4                     preinc1         equ	4068
    87   000FDC                     preinc2         equ	4060
    88   000FF3                     prod            equ	4083
    89   000FF4                     prodh           equ	4084
    90   000FF3                     prodl           equ	4083
    91   000FD8                     status          equ	4056
    92   000FF5                     tablat          equ	4085
    93   000FF6                     tblptr          equ	4086
    94   000FF7                     tblptrh         equ	4087
    95   000FF6                     tblptrl         equ	4086
    96   000FF8                     tblptru         equ	4088
    97   000FFD                     tosl            equ	4093
    98   000FE8                     wreg            equ	4072
    99   000D60                     RXF6SIDH        equ	3424	;# 
   100   000D61                     RXF6SIDL        equ	3425	;# 
   101   000D62                     RXF6EIDH        equ	3426	;# 
   102   000D63                     RXF6EIDL        equ	3427	;# 
   103   000D64                     RXF7SIDH        equ	3428	;# 
   104   000D65                     RXF7SIDL        equ	3429	;# 
   105   000D66                     RXF7EIDH        equ	3430	;# 
   106   000D67                     RXF7EIDL        equ	3431	;# 
   107   000D68                     RXF8SIDH        equ	3432	;# 
   108   000D69                     RXF8SIDL        equ	3433	;# 
   109   000D6A                     RXF8EIDH        equ	3434	;# 
   110   000D6B                     RXF8EIDL        equ	3435	;# 
   111   000D70                     RXF9SIDH        equ	3440	;# 
   112   000D71                     RXF9SIDL        equ	3441	;# 
   113   000D72                     RXF9EIDH        equ	3442	;# 
   114   000D73                     RXF9EIDL        equ	3443	;# 
   115   000D74                     RXF10SIDH       equ	3444	;# 
   116   000D75                     RXF10SIDL       equ	3445	;# 
   117   000D76                     RXF10EIDH       equ	3446	;# 
   118   000D77                     RXF10EIDL       equ	3447	;# 
   119   000D78                     RXF11SIDH       equ	3448	;# 
   120   000D79                     RXF11SIDL       equ	3449	;# 
   121   000D7A                     RXF11EIDH       equ	3450	;# 
   122   000D7B                     RXF11EIDL       equ	3451	;# 
   123   000D80                     RXF12SIDH       equ	3456	;# 
   124   000D81                     RXF12SIDL       equ	3457	;# 
   125   000D82                     RXF12EIDH       equ	3458	;# 
   126   000D83                     RXF12EIDL       equ	3459	;# 
   127   000D84                     RXF13SIDH       equ	3460	;# 
   128   000D85                     RXF13SIDL       equ	3461	;# 
   129   000D86                     RXF13EIDH       equ	3462	;# 
   130   000D87                     RXF13EIDL       equ	3463	;# 
   131   000D88                     RXF14SIDH       equ	3464	;# 
   132   000D89                     RXF14SIDL       equ	3465	;# 
   133   000D8A                     RXF14EIDH       equ	3466	;# 
   134   000D8B                     RXF14EIDL       equ	3467	;# 
   135   000D90                     RXF15SIDH       equ	3472	;# 
   136   000D91                     RXF15SIDL       equ	3473	;# 
   137   000D92                     RXF15EIDH       equ	3474	;# 
   138   000D93                     RXF15EIDL       equ	3475	;# 
   139   000DD4                     RXFCON0         equ	3540	;# 
   140   000DD5                     RXFCON1         equ	3541	;# 
   141   000DD8                     SDFLC           equ	3544	;# 
   142   000DE0                     RXFBCON0        equ	3552	;# 
   143   000DE1                     RXFBCON1        equ	3553	;# 
   144   000DE2                     RXFBCON2        equ	3554	;# 
   145   000DE3                     RXFBCON3        equ	3555	;# 
   146   000DE4                     RXFBCON4        equ	3556	;# 
   147   000DE5                     RXFBCON5        equ	3557	;# 
   148   000DE6                     RXFBCON6        equ	3558	;# 
   149   000DE7                     RXFBCON7        equ	3559	;# 
   150   000DF0                     MSEL0           equ	3568	;# 
   151   000DF1                     MSEL1           equ	3569	;# 
   152   000DF2                     MSEL2           equ	3570	;# 
   153   000DF3                     MSEL3           equ	3571	;# 
   154   000DF8                     BSEL0           equ	3576	;# 
   155   000DFA                     BIE0            equ	3578	;# 
   156   000DFC                     TXBIE           equ	3580	;# 
   157   000E20                     B0CON           equ	3616	;# 
   158   000E21                     B0SIDH          equ	3617	;# 
   159   000E22                     B0SIDL          equ	3618	;# 
   160   000E23                     B0EIDH          equ	3619	;# 
   161   000E24                     B0EIDL          equ	3620	;# 
   162   000E25                     B0DLC           equ	3621	;# 
   163   000E26                     B0D0            equ	3622	;# 
   164   000E27                     B0D1            equ	3623	;# 
   165   000E28                     B0D2            equ	3624	;# 
   166   000E29                     B0D3            equ	3625	;# 
   167   000E2A                     B0D4            equ	3626	;# 
   168   000E2B                     B0D5            equ	3627	;# 
   169   000E2C                     B0D6            equ	3628	;# 
   170   000E2D                     B0D7            equ	3629	;# 
   171   000E2E                     CANSTAT_RO9     equ	3630	;# 
   172   000E2F                     CANCON_RO9      equ	3631	;# 
   173   000E30                     B1CON           equ	3632	;# 
   174   000E31                     B1SIDH          equ	3633	;# 
   175   000E32                     B1SIDL          equ	3634	;# 
   176   000E33                     B1EIDH          equ	3635	;# 
   177   000E34                     B1EIDL          equ	3636	;# 
   178   000E35                     B1DLC           equ	3637	;# 
   179   000E36                     B1D0            equ	3638	;# 
   180   000E37                     B1D1            equ	3639	;# 
   181   000E38                     B1D2            equ	3640	;# 
   182   000E39                     B1D3            equ	3641	;# 
   183   000E3A                     B1D4            equ	3642	;# 
   184   000E3B                     B1D5            equ	3643	;# 
   185   000E3C                     B1D6            equ	3644	;# 
   186   000E3D                     B1D7            equ	3645	;# 
   187   000E3E                     CANSTAT_RO8     equ	3646	;# 
   188   000E3F                     CANCON_RO8      equ	3647	;# 
   189   000E40                     B2CON           equ	3648	;# 
   190   000E41                     B2SIDH          equ	3649	;# 
   191   000E42                     B2SIDL          equ	3650	;# 
   192   000E43                     B2EIDH          equ	3651	;# 
   193   000E44                     B2EIDL          equ	3652	;# 
   194   000E45                     B2DLC           equ	3653	;# 
   195   000E46                     B2D0            equ	3654	;# 
   196   000E47                     B2D1            equ	3655	;# 
   197   000E48                     B2D2            equ	3656	;# 
   198   000E49                     B2D3            equ	3657	;# 
   199   000E4A                     B2D4            equ	3658	;# 
   200   000E4B                     B2D5            equ	3659	;# 
   201   000E4C                     B2D6            equ	3660	;# 
   202   000E4D                     B2D7            equ	3661	;# 
   203   000E4E                     CANSTAT_RO7     equ	3662	;# 
   204   000E4F                     CANCON_RO7      equ	3663	;# 
   205   000E50                     B3CON           equ	3664	;# 
   206   000E51                     B3SIDH          equ	3665	;# 
   207   000E52                     B3SIDL          equ	3666	;# 
   208   000E53                     B3EIDH          equ	3667	;# 
   209   000E54                     B3EIDL          equ	3668	;# 
   210   000E55                     B3DLC           equ	3669	;# 
   211   000E56                     B3D0            equ	3670	;# 
   212   000E57                     B3D1            equ	3671	;# 
   213   000E58                     B3D2            equ	3672	;# 
   214   000E59                     B3D3            equ	3673	;# 
   215   000E5A                     B3D4            equ	3674	;# 
   216   000E5B                     B3D5            equ	3675	;# 
   217   000E5C                     B3D6            equ	3676	;# 
   218   000E5D                     B3D7            equ	3677	;# 
   219   000E5E                     CANSTAT_RO6     equ	3678	;# 
   220   000E5F                     CANCON_RO6      equ	3679	;# 
   221   000E60                     B4CON           equ	3680	;# 
   222   000E61                     B4SIDH          equ	3681	;# 
   223   000E62                     B4SIDL          equ	3682	;# 
   224   000E63                     B4EIDH          equ	3683	;# 
   225   000E64                     B4EIDL          equ	3684	;# 
   226   000E65                     B4DLC           equ	3685	;# 
   227   000E66                     B4D0            equ	3686	;# 
   228   000E67                     B4D1            equ	3687	;# 
   229   000E68                     B4D2            equ	3688	;# 
   230   000E69                     B4D3            equ	3689	;# 
   231   000E6A                     B4D4            equ	3690	;# 
   232   000E6B                     B4D5            equ	3691	;# 
   233   000E6C                     B4D6            equ	3692	;# 
   234   000E6D                     B4D7            equ	3693	;# 
   235   000E6E                     CANSTAT_RO5     equ	3694	;# 
   236   000E6F                     CANCON_RO5      equ	3695	;# 
   237   000E70                     B5CON           equ	3696	;# 
   238   000E71                     B5SIDH          equ	3697	;# 
   239   000E72                     B5SIDL          equ	3698	;# 
   240   000E73                     B5EIDH          equ	3699	;# 
   241   000E74                     B5EIDL          equ	3700	;# 
   242   000E75                     B5DLC           equ	3701	;# 
   243   000E76                     B5D0            equ	3702	;# 
   244   000E77                     B5D1            equ	3703	;# 
   245   000E78                     B5D2            equ	3704	;# 
   246   000E79                     B5D3            equ	3705	;# 
   247   000E7A                     B5D4            equ	3706	;# 
   248   000E7B                     B5D5            equ	3707	;# 
   249   000E7C                     B5D6            equ	3708	;# 
   250   000E7D                     B5D7            equ	3709	;# 
   251   000E7E                     CANSTAT_RO4     equ	3710	;# 
   252   000E7F                     CANCON_RO4      equ	3711	;# 
   253   000F00                     RXF0SIDH        equ	3840	;# 
   254   000F01                     RXF0SIDL        equ	3841	;# 
   255   000F02                     RXF0EIDH        equ	3842	;# 
   256   000F03                     RXF0EIDL        equ	3843	;# 
   257   000F04                     RXF1SIDH        equ	3844	;# 
   258   000F05                     RXF1SIDL        equ	3845	;# 
   259   000F06                     RXF1EIDH        equ	3846	;# 
   260   000F07                     RXF1EIDL        equ	3847	;# 
   261   000F08                     RXF2SIDH        equ	3848	;# 
   262   000F09                     RXF2SIDL        equ	3849	;# 
   263   000F0A                     RXF2EIDH        equ	3850	;# 
   264   000F0B                     RXF2EIDL        equ	3851	;# 
   265   000F0C                     RXF3SIDH        equ	3852	;# 
   266   000F0D                     RXF3SIDL        equ	3853	;# 
   267   000F0E                     RXF3EIDH        equ	3854	;# 
   268   000F0F                     RXF3EIDL        equ	3855	;# 
   269   000F10                     RXF4SIDH        equ	3856	;# 
   270   000F11                     RXF4SIDL        equ	3857	;# 
   271   000F12                     RXF4EIDH        equ	3858	;# 
   272   000F13                     RXF4EIDL        equ	3859	;# 
   273   000F14                     RXF5SIDH        equ	3860	;# 
   274   000F15                     RXF5SIDL        equ	3861	;# 
   275   000F16                     RXF5EIDH        equ	3862	;# 
   276   000F17                     RXF5EIDL        equ	3863	;# 
   277   000F18                     RXM0SIDH        equ	3864	;# 
   278   000F19                     RXM0SIDL        equ	3865	;# 
   279   000F1A                     RXM0EIDH        equ	3866	;# 
   280   000F1B                     RXM0EIDL        equ	3867	;# 
   281   000F1C                     RXM1SIDH        equ	3868	;# 
   282   000F1D                     RXM1SIDL        equ	3869	;# 
   283   000F1E                     RXM1EIDH        equ	3870	;# 
   284   000F1F                     RXM1EIDL        equ	3871	;# 
   285   000F20                     TXB2CON         equ	3872	;# 
   286   000F21                     TXB2SIDH        equ	3873	;# 
   287   000F22                     TXB2SIDL        equ	3874	;# 
   288   000F23                     TXB2EIDH        equ	3875	;# 
   289   000F24                     TXB2EIDL        equ	3876	;# 
   290   000F25                     TXB2DLC         equ	3877	;# 
   291   000F26                     TXB2D0          equ	3878	;# 
   292   000F27                     TXB2D1          equ	3879	;# 
   293   000F28                     TXB2D2          equ	3880	;# 
   294   000F29                     TXB2D3          equ	3881	;# 
   295   000F2A                     TXB2D4          equ	3882	;# 
   296   000F2B                     TXB2D5          equ	3883	;# 
   297   000F2C                     TXB2D6          equ	3884	;# 
   298   000F2D                     TXB2D7          equ	3885	;# 
   299   000F2E                     CANSTAT_RO3     equ	3886	;# 
   300   000F2F                     CANCON_RO3      equ	3887	;# 
   301   000F30                     TXB1CON         equ	3888	;# 
   302   000F31                     TXB1SIDH        equ	3889	;# 
   303   000F32                     TXB1SIDL        equ	3890	;# 
   304   000F33                     TXB1EIDH        equ	3891	;# 
   305   000F34                     TXB1EIDL        equ	3892	;# 
   306   000F35                     TXB1DLC         equ	3893	;# 
   307   000F36                     TXB1D0          equ	3894	;# 
   308   000F37                     TXB1D1          equ	3895	;# 
   309   000F38                     TXB1D2          equ	3896	;# 
   310   000F39                     TXB1D3          equ	3897	;# 
   311   000F3A                     TXB1D4          equ	3898	;# 
   312   000F3B                     TXB1D5          equ	3899	;# 
   313   000F3C                     TXB1D6          equ	3900	;# 
   314   000F3D                     TXB1D7          equ	3901	;# 
   315   000F3E                     CANSTAT_RO2     equ	3902	;# 
   316   000F3F                     CANCON_RO2      equ	3903	;# 
   317   000F40                     TXB0CON         equ	3904	;# 
   318   000F41                     TXB0SIDH        equ	3905	;# 
   319   000F42                     TXB0SIDL        equ	3906	;# 
   320   000F43                     TXB0EIDH        equ	3907	;# 
   321   000F44                     TXB0EIDL        equ	3908	;# 
   322   000F45                     TXB0DLC         equ	3909	;# 
   323   000F46                     TXB0D0          equ	3910	;# 
   324   000F47                     TXB0D1          equ	3911	;# 
   325   000F48                     TXB0D2          equ	3912	;# 
   326   000F49                     TXB0D3          equ	3913	;# 
   327   000F4A                     TXB0D4          equ	3914	;# 
   328   000F4B                     TXB0D5          equ	3915	;# 
   329   000F4C                     TXB0D6          equ	3916	;# 
   330   000F4D                     TXB0D7          equ	3917	;# 
   331   000F4E                     CANSTAT_RO1     equ	3918	;# 
   332   000F4F                     CANCON_RO1      equ	3919	;# 
   333   000F50                     RXB1CON         equ	3920	;# 
   334   000F51                     RXB1SIDH        equ	3921	;# 
   335   000F52                     RXB1SIDL        equ	3922	;# 
   336   000F53                     RXB1EIDH        equ	3923	;# 
   337   000F54                     RXB1EIDL        equ	3924	;# 
   338   000F55                     RXB1DLC         equ	3925	;# 
   339   000F56                     RXB1D0          equ	3926	;# 
   340   000F57                     RXB1D1          equ	3927	;# 
   341   000F58                     RXB1D2          equ	3928	;# 
   342   000F59                     RXB1D3          equ	3929	;# 
   343   000F5A                     RXB1D4          equ	3930	;# 
   344   000F5B                     RXB1D5          equ	3931	;# 
   345   000F5C                     RXB1D6          equ	3932	;# 
   346   000F5D                     RXB1D7          equ	3933	;# 
   347   000F5E                     CANSTAT_RO0     equ	3934	;# 
   348   000F5F                     CANCON_RO0      equ	3935	;# 
   349   000F60                     RXB0CON         equ	3936	;# 
   350   000F61                     RXB0SIDH        equ	3937	;# 
   351   000F62                     RXB0SIDL        equ	3938	;# 
   352   000F63                     RXB0EIDH        equ	3939	;# 
   353   000F64                     RXB0EIDL        equ	3940	;# 
   354   000F65                     RXB0DLC         equ	3941	;# 
   355   000F66                     RXB0D0          equ	3942	;# 
   356   000F67                     RXB0D1          equ	3943	;# 
   357   000F68                     RXB0D2          equ	3944	;# 
   358   000F69                     RXB0D3          equ	3945	;# 
   359   000F6A                     RXB0D4          equ	3946	;# 
   360   000F6B                     RXB0D5          equ	3947	;# 
   361   000F6C                     RXB0D6          equ	3948	;# 
   362   000F6D                     RXB0D7          equ	3949	;# 
   363   000F6E                     CANSTAT         equ	3950	;# 
   364   000F6F                     CANCON          equ	3951	;# 
   365   000F70                     BRGCON1         equ	3952	;# 
   366   000F71                     BRGCON2         equ	3953	;# 
   367   000F72                     BRGCON3         equ	3954	;# 
   368   000F73                     CIOCON          equ	3955	;# 
   369   000F74                     COMSTAT         equ	3956	;# 
   370   000F75                     RXERRCNT        equ	3957	;# 
   371   000F76                     TXERRCNT        equ	3958	;# 
   372   000F77                     ECANCON         equ	3959	;# 
   373   000F80                     PORTA           equ	3968	;# 
   374   000F81                     PORTB           equ	3969	;# 
   375   000F82                     PORTC           equ	3970	;# 
   376   000F83                     PORTD           equ	3971	;# 
   377   000F84                     PORTE           equ	3972	;# 
   378   000F89                     LATA            equ	3977	;# 
   379   000F8A                     LATB            equ	3978	;# 
   380   000F8B                     LATC            equ	3979	;# 
   381   000F8C                     LATD            equ	3980	;# 
   382   000F8D                     LATE            equ	3981	;# 
   383   000F92                     TRISA           equ	3986	;# 
   384   000F92                     DDRA            equ	3986	;# 
   385   000F93                     TRISB           equ	3987	;# 
   386   000F93                     DDRB            equ	3987	;# 
   387   000F94                     TRISC           equ	3988	;# 
   388   000F94                     DDRC            equ	3988	;# 
   389   000F95                     TRISD           equ	3989	;# 
   390   000F95                     DDRD            equ	3989	;# 
   391   000F96                     TRISE           equ	3990	;# 
   392   000F96                     DDRE            equ	3990	;# 
   393   000F9B                     OSCTUNE         equ	3995	;# 
   394   000F9D                     PIE1            equ	3997	;# 
   395   000F9E                     PIR1            equ	3998	;# 
   396   000F9F                     IPR1            equ	3999	;# 
   397   000FA0                     PIE2            equ	4000	;# 
   398   000FA1                     PIR2            equ	4001	;# 
   399   000FA2                     IPR2            equ	4002	;# 
   400   000FA3                     PIE3            equ	4003	;# 
   401   000FA4                     PIR3            equ	4004	;# 
   402   000FA5                     IPR3            equ	4005	;# 
   403   000FA6                     EECON1          equ	4006	;# 
   404   000FA7                     EECON2          equ	4007	;# 
   405   000FA8                     EEDATA          equ	4008	;# 
   406   000FA9                     EEADR           equ	4009	;# 
   407   000FAB                     RCSTA           equ	4011	;# 
   408   000FAB                     RCSTA1          equ	4011	;# 
   409   000FAC                     TXSTA           equ	4012	;# 
   410   000FAC                     TXSTA1          equ	4012	;# 
   411   000FAD                     TXREG           equ	4013	;# 
   412   000FAD                     TXREG1          equ	4013	;# 
   413   000FAE                     RCREG           equ	4014	;# 
   414   000FAE                     RCREG1          equ	4014	;# 
   415   000FAF                     SPBRG           equ	4015	;# 
   416   000FAF                     SPBRG1          equ	4015	;# 
   417   000FB0                     SPBRGH          equ	4016	;# 
   418   000FB1                     T3CON           equ	4017	;# 
   419   000FB2                     TMR3            equ	4018	;# 
   420   000FB2                     TMR3L           equ	4018	;# 
   421   000FB3                     TMR3H           equ	4019	;# 
   422   000FB4                     CMCON           equ	4020	;# 
   423   000FB5                     CVRCON          equ	4021	;# 
   424   000FB6                     ECCP1AS         equ	4022	;# 
   425   000FB7                     ECCP1DEL        equ	4023	;# 
   426   000FB8                     BAUDCON         equ	4024	;# 
   427   000FB8                     BAUDCTL         equ	4024	;# 
   428   000FBA                     ECCP1CON        equ	4026	;# 
   429   000FBB                     ECCPR1          equ	4027	;# 
   430   000FBB                     ECCPR1L         equ	4027	;# 
   431   000FBC                     ECCPR1H         equ	4028	;# 
   432   000FBD                     CCP1CON         equ	4029	;# 
   433   000FBE                     CCPR1           equ	4030	;# 
   434   000FBE                     CCPR1L          equ	4030	;# 
   435   000FBF                     CCPR1H          equ	4031	;# 
   436   000FC0                     ADCON2          equ	4032	;# 
   437   000FC1                     ADCON1          equ	4033	;# 
   438   000FC2                     ADCON0          equ	4034	;# 
   439   000FC3                     ADRES           equ	4035	;# 
   440   000FC3                     ADRESL          equ	4035	;# 
   441   000FC4                     ADRESH          equ	4036	;# 
   442   000FC5                     SSPCON2         equ	4037	;# 
   443   000FC6                     SSPCON1         equ	4038	;# 
   444   000FC7                     SSPSTAT         equ	4039	;# 
   445   000FC8                     SSPADD          equ	4040	;# 
   446   000FC9                     SSPBUF          equ	4041	;# 
   447   000FCA                     T2CON           equ	4042	;# 
   448   000FCB                     PR2             equ	4043	;# 
   449   000FCB                     MEMCON          equ	4043	;# 
   450   000FCC                     TMR2            equ	4044	;# 
   451   000FCD                     T1CON           equ	4045	;# 
   452   000FCE                     TMR1            equ	4046	;# 
   453   000FCE                     TMR1L           equ	4046	;# 
   454   000FCF                     TMR1H           equ	4047	;# 
   455   000FD0                     RCON            equ	4048	;# 
   456   000FD1                     WDTCON          equ	4049	;# 
   457   000FD2                     HLVDCON         equ	4050	;# 
   458   000FD2                     LVDCON          equ	4050	;# 
   459   000FD3                     OSCCON          equ	4051	;# 
   460   000FD5                     T0CON           equ	4053	;# 
   461   000FD6                     TMR0            equ	4054	;# 
   462   000FD6                     TMR0L           equ	4054	;# 
   463   000FD7                     TMR0H           equ	4055	;# 
   464   000FD8                     STATUS          equ	4056	;# 
   465   000FD9                     FSR2            equ	4057	;# 
   466   000FD9                     FSR2L           equ	4057	;# 
   467   000FDA                     FSR2H           equ	4058	;# 
   468   000FDB                     PLUSW2          equ	4059	;# 
   469   000FDC                     PREINC2         equ	4060	;# 
   470   000FDD                     POSTDEC2        equ	4061	;# 
   471   000FDE                     POSTINC2        equ	4062	;# 
   472   000FDF                     INDF2           equ	4063	;# 
   473   000FE0                     BSR             equ	4064	;# 
   474   000FE1                     FSR1            equ	4065	;# 
   475   000FE1                     FSR1L           equ	4065	;# 
   476   000FE2                     FSR1H           equ	4066	;# 
   477   000FE3                     PLUSW1          equ	4067	;# 
   478   000FE4                     PREINC1         equ	4068	;# 
   479   000FE5                     POSTDEC1        equ	4069	;# 
   480   000FE6                     POSTINC1        equ	4070	;# 
   481   000FE7                     INDF1           equ	4071	;# 
   482   000FE8                     WREG            equ	4072	;# 
   483   000FE9                     FSR0            equ	4073	;# 
   484   000FE9                     FSR0L           equ	4073	;# 
   485   000FEA                     FSR0H           equ	4074	;# 
   486   000FEB                     PLUSW0          equ	4075	;# 
   487   000FEC                     PREINC0         equ	4076	;# 
   488   000FED                     POSTDEC0        equ	4077	;# 
   489   000FEE                     POSTINC0        equ	4078	;# 
   490   000FEF                     INDF0           equ	4079	;# 
   491   000FF0                     INTCON3         equ	4080	;# 
   492   000FF1                     INTCON2         equ	4081	;# 
   493   000FF2                     INTCON          equ	4082	;# 
   494   000FF3                     PROD            equ	4083	;# 
   495   000FF3                     PRODL           equ	4083	;# 
   496   000FF4                     PRODH           equ	4084	;# 
   497   000FF5                     TABLAT          equ	4085	;# 
   498   000FF6                     TBLPTR          equ	4086	;# 
   499   000FF6                     TBLPTRL         equ	4086	;# 
   500   000FF7                     TBLPTRH         equ	4087	;# 
   501   000FF8                     TBLPTRU         equ	4088	;# 
   502   000FF9                     PCLAT           equ	4089	;# 
   503   000FF9                     PC              equ	4089	;# 
   504   000FF9                     PCL             equ	4089	;# 
   505   000FFA                     PCLATH          equ	4090	;# 
   506   000FFB                     PCLATU          equ	4091	;# 
   507   000FFC                     STKPTR          equ	4092	;# 
   508   000FFD                     TOS             equ	4093	;# 
   509   000FFD                     TOSL            equ	4093	;# 
   510   000FFE                     TOSH            equ	4094	;# 
   511   000FFF                     TOSU            equ	4095	;# 
   512   000D60                     RXF6SIDH        equ	3424	;# 
   513   000D61                     RXF6SIDL        equ	3425	;# 
   514   000D62                     RXF6EIDH        equ	3426	;# 
   515   000D63                     RXF6EIDL        equ	3427	;# 
   516   000D64                     RXF7SIDH        equ	3428	;# 
   517   000D65                     RXF7SIDL        equ	3429	;# 
   518   000D66                     RXF7EIDH        equ	3430	;# 
   519   000D67                     RXF7EIDL        equ	3431	;# 
   520   000D68                     RXF8SIDH        equ	3432	;# 
   521   000D69                     RXF8SIDL        equ	3433	;# 
   522   000D6A                     RXF8EIDH        equ	3434	;# 
   523   000D6B                     RXF8EIDL        equ	3435	;# 
   524   000D70                     RXF9SIDH        equ	3440	;# 
   525   000D71                     RXF9SIDL        equ	3441	;# 
   526   000D72                     RXF9EIDH        equ	3442	;# 
   527   000D73                     RXF9EIDL        equ	3443	;# 
   528   000D74                     RXF10SIDH       equ	3444	;# 
   529   000D75                     RXF10SIDL       equ	3445	;# 
   530   000D76                     RXF10EIDH       equ	3446	;# 
   531   000D77                     RXF10EIDL       equ	3447	;# 
   532   000D78                     RXF11SIDH       equ	3448	;# 
   533   000D79                     RXF11SIDL       equ	3449	;# 
   534   000D7A                     RXF11EIDH       equ	3450	;# 
   535   000D7B                     RXF11EIDL       equ	3451	;# 
   536   000D80                     RXF12SIDH       equ	3456	;# 
   537   000D81                     RXF12SIDL       equ	3457	;# 
   538   000D82                     RXF12EIDH       equ	3458	;# 
   539   000D83                     RXF12EIDL       equ	3459	;# 
   540   000D84                     RXF13SIDH       equ	3460	;# 
   541   000D85                     RXF13SIDL       equ	3461	;# 
   542   000D86                     RXF13EIDH       equ	3462	;# 
   543   000D87                     RXF13EIDL       equ	3463	;# 
   544   000D88                     RXF14SIDH       equ	3464	;# 
   545   000D89                     RXF14SIDL       equ	3465	;# 
   546   000D8A                     RXF14EIDH       equ	3466	;# 
   547   000D8B                     RXF14EIDL       equ	3467	;# 
   548   000D90                     RXF15SIDH       equ	3472	;# 
   549   000D91                     RXF15SIDL       equ	3473	;# 
   550   000D92                     RXF15EIDH       equ	3474	;# 
   551   000D93                     RXF15EIDL       equ	3475	;# 
   552   000DD4                     RXFCON0         equ	3540	;# 
   553   000DD5                     RXFCON1         equ	3541	;# 
   554   000DD8                     SDFLC           equ	3544	;# 
   555   000DE0                     RXFBCON0        equ	3552	;# 
   556   000DE1                     RXFBCON1        equ	3553	;# 
   557   000DE2                     RXFBCON2        equ	3554	;# 
   558   000DE3                     RXFBCON3        equ	3555	;# 
   559   000DE4                     RXFBCON4        equ	3556	;# 
   560   000DE5                     RXFBCON5        equ	3557	;# 
   561   000DE6                     RXFBCON6        equ	3558	;# 
   562   000DE7                     RXFBCON7        equ	3559	;# 
   563   000DF0                     MSEL0           equ	3568	;# 
   564   000DF1                     MSEL1           equ	3569	;# 
   565   000DF2                     MSEL2           equ	3570	;# 
   566   000DF3                     MSEL3           equ	3571	;# 
   567   000DF8                     BSEL0           equ	3576	;# 
   568   000DFA                     BIE0            equ	3578	;# 
   569   000DFC                     TXBIE           equ	3580	;# 
   570   000E20                     B0CON           equ	3616	;# 
   571   000E21                     B0SIDH          equ	3617	;# 
   572   000E22                     B0SIDL          equ	3618	;# 
   573   000E23                     B0EIDH          equ	3619	;# 
   574   000E24                     B0EIDL          equ	3620	;# 
   575   000E25                     B0DLC           equ	3621	;# 
   576   000E26                     B0D0            equ	3622	;# 
   577   000E27                     B0D1            equ	3623	;# 
   578   000E28                     B0D2            equ	3624	;# 
   579   000E29                     B0D3            equ	3625	;# 
   580   000E2A                     B0D4            equ	3626	;# 
   581   000E2B                     B0D5            equ	3627	;# 
   582   000E2C                     B0D6            equ	3628	;# 
   583   000E2D                     B0D7            equ	3629	;# 
   584   000E2E                     CANSTAT_RO9     equ	3630	;# 
   585   000E2F                     CANCON_RO9      equ	3631	;# 
   586   000E30                     B1CON           equ	3632	;# 
   587   000E31                     B1SIDH          equ	3633	;# 
   588   000E32                     B1SIDL          equ	3634	;# 
   589   000E33                     B1EIDH          equ	3635	;# 
   590   000E34                     B1EIDL          equ	3636	;# 
   591   000E35                     B1DLC           equ	3637	;# 
   592   000E36                     B1D0            equ	3638	;# 
   593   000E37                     B1D1            equ	3639	;# 
   594   000E38                     B1D2            equ	3640	;# 
   595   000E39                     B1D3            equ	3641	;# 
   596   000E3A                     B1D4            equ	3642	;# 
   597   000E3B                     B1D5            equ	3643	;# 
   598   000E3C                     B1D6            equ	3644	;# 
   599   000E3D                     B1D7            equ	3645	;# 
   600   000E3E                     CANSTAT_RO8     equ	3646	;# 
   601   000E3F                     CANCON_RO8      equ	3647	;# 
   602   000E40                     B2CON           equ	3648	;# 
   603   000E41                     B2SIDH          equ	3649	;# 
   604   000E42                     B2SIDL          equ	3650	;# 
   605   000E43                     B2EIDH          equ	3651	;# 
   606   000E44                     B2EIDL          equ	3652	;# 
   607   000E45                     B2DLC           equ	3653	;# 
   608   000E46                     B2D0            equ	3654	;# 
   609   000E47                     B2D1            equ	3655	;# 
   610   000E48                     B2D2            equ	3656	;# 
   611   000E49                     B2D3            equ	3657	;# 
   612   000E4A                     B2D4            equ	3658	;# 
   613   000E4B                     B2D5            equ	3659	;# 
   614   000E4C                     B2D6            equ	3660	;# 
   615   000E4D                     B2D7            equ	3661	;# 
   616   000E4E                     CANSTAT_RO7     equ	3662	;# 
   617   000E4F                     CANCON_RO7      equ	3663	;# 
   618   000E50                     B3CON           equ	3664	;# 
   619   000E51                     B3SIDH          equ	3665	;# 
   620   000E52                     B3SIDL          equ	3666	;# 
   621   000E53                     B3EIDH          equ	3667	;# 
   622   000E54                     B3EIDL          equ	3668	;# 
   623   000E55                     B3DLC           equ	3669	;# 
   624   000E56                     B3D0            equ	3670	;# 
   625   000E57                     B3D1            equ	3671	;# 
   626   000E58                     B3D2            equ	3672	;# 
   627   000E59                     B3D3            equ	3673	;# 
   628   000E5A                     B3D4            equ	3674	;# 
   629   000E5B                     B3D5            equ	3675	;# 
   630   000E5C                     B3D6            equ	3676	;# 
   631   000E5D                     B3D7            equ	3677	;# 
   632   000E5E                     CANSTAT_RO6     equ	3678	;# 
   633   000E5F                     CANCON_RO6      equ	3679	;# 
   634   000E60                     B4CON           equ	3680	;# 
   635   000E61                     B4SIDH          equ	3681	;# 
   636   000E62                     B4SIDL          equ	3682	;# 
   637   000E63                     B4EIDH          equ	3683	;# 
   638   000E64                     B4EIDL          equ	3684	;# 
   639   000E65                     B4DLC           equ	3685	;# 
   640   000E66                     B4D0            equ	3686	;# 
   641   000E67                     B4D1            equ	3687	;# 
   642   000E68                     B4D2            equ	3688	;# 
   643   000E69                     B4D3            equ	3689	;# 
   644   000E6A                     B4D4            equ	3690	;# 
   645   000E6B                     B4D5            equ	3691	;# 
   646   000E6C                     B4D6            equ	3692	;# 
   647   000E6D                     B4D7            equ	3693	;# 
   648   000E6E                     CANSTAT_RO5     equ	3694	;# 
   649   000E6F                     CANCON_RO5      equ	3695	;# 
   650   000E70                     B5CON           equ	3696	;# 
   651   000E71                     B5SIDH          equ	3697	;# 
   652   000E72                     B5SIDL          equ	3698	;# 
   653   000E73                     B5EIDH          equ	3699	;# 
   654   000E74                     B5EIDL          equ	3700	;# 
   655   000E75                     B5DLC           equ	3701	;# 
   656   000E76                     B5D0            equ	3702	;# 
   657   000E77                     B5D1            equ	3703	;# 
   658   000E78                     B5D2            equ	3704	;# 
   659   000E79                     B5D3            equ	3705	;# 
   660   000E7A                     B5D4            equ	3706	;# 
   661   000E7B                     B5D5            equ	3707	;# 
   662   000E7C                     B5D6            equ	3708	;# 
   663   000E7D                     B5D7            equ	3709	;# 
   664   000E7E                     CANSTAT_RO4     equ	3710	;# 
   665   000E7F                     CANCON_RO4      equ	3711	;# 
   666   000F00                     RXF0SIDH        equ	3840	;# 
   667   000F01                     RXF0SIDL        equ	3841	;# 
   668   000F02                     RXF0EIDH        equ	3842	;# 
   669   000F03                     RXF0EIDL        equ	3843	;# 
   670   000F04                     RXF1SIDH        equ	3844	;# 
   671   000F05                     RXF1SIDL        equ	3845	;# 
   672   000F06                     RXF1EIDH        equ	3846	;# 
   673   000F07                     RXF1EIDL        equ	3847	;# 
   674   000F08                     RXF2SIDH        equ	3848	;# 
   675   000F09                     RXF2SIDL        equ	3849	;# 
   676   000F0A                     RXF2EIDH        equ	3850	;# 
   677   000F0B                     RXF2EIDL        equ	3851	;# 
   678   000F0C                     RXF3SIDH        equ	3852	;# 
   679   000F0D                     RXF3SIDL        equ	3853	;# 
   680   000F0E                     RXF3EIDH        equ	3854	;# 
   681   000F0F                     RXF3EIDL        equ	3855	;# 
   682   000F10                     RXF4SIDH        equ	3856	;# 
   683   000F11                     RXF4SIDL        equ	3857	;# 
   684   000F12                     RXF4EIDH        equ	3858	;# 
   685   000F13                     RXF4EIDL        equ	3859	;# 
   686   000F14                     RXF5SIDH        equ	3860	;# 
   687   000F15                     RXF5SIDL        equ	3861	;# 
   688   000F16                     RXF5EIDH        equ	3862	;# 
   689   000F17                     RXF5EIDL        equ	3863	;# 
   690   000F18                     RXM0SIDH        equ	3864	;# 
   691   000F19                     RXM0SIDL        equ	3865	;# 
   692   000F1A                     RXM0EIDH        equ	3866	;# 
   693   000F1B                     RXM0EIDL        equ	3867	;# 
   694   000F1C                     RXM1SIDH        equ	3868	;# 
   695   000F1D                     RXM1SIDL        equ	3869	;# 
   696   000F1E                     RXM1EIDH        equ	3870	;# 
   697   000F1F                     RXM1EIDL        equ	3871	;# 
   698   000F20                     TXB2CON         equ	3872	;# 
   699   000F21                     TXB2SIDH        equ	3873	;# 
   700   000F22                     TXB2SIDL        equ	3874	;# 
   701   000F23                     TXB2EIDH        equ	3875	;# 
   702   000F24                     TXB2EIDL        equ	3876	;# 
   703   000F25                     TXB2DLC         equ	3877	;# 
   704   000F26                     TXB2D0          equ	3878	;# 
   705   000F27                     TXB2D1          equ	3879	;# 
   706   000F28                     TXB2D2          equ	3880	;# 
   707   000F29                     TXB2D3          equ	3881	;# 
   708   000F2A                     TXB2D4          equ	3882	;# 
   709   000F2B                     TXB2D5          equ	3883	;# 
   710   000F2C                     TXB2D6          equ	3884	;# 
   711   000F2D                     TXB2D7          equ	3885	;# 
   712   000F2E                     CANSTAT_RO3     equ	3886	;# 
   713   000F2F                     CANCON_RO3      equ	3887	;# 
   714   000F30                     TXB1CON         equ	3888	;# 
   715   000F31                     TXB1SIDH        equ	3889	;# 
   716   000F32                     TXB1SIDL        equ	3890	;# 
   717   000F33                     TXB1EIDH        equ	3891	;# 
   718   000F34                     TXB1EIDL        equ	3892	;# 
   719   000F35                     TXB1DLC         equ	3893	;# 
   720   000F36                     TXB1D0          equ	3894	;# 
   721   000F37                     TXB1D1          equ	3895	;# 
   722   000F38                     TXB1D2          equ	3896	;# 
   723   000F39                     TXB1D3          equ	3897	;# 
   724   000F3A                     TXB1D4          equ	3898	;# 
   725   000F3B                     TXB1D5          equ	3899	;# 
   726   000F3C                     TXB1D6          equ	3900	;# 
   727   000F3D                     TXB1D7          equ	3901	;# 
   728   000F3E                     CANSTAT_RO2     equ	3902	;# 
   729   000F3F                     CANCON_RO2      equ	3903	;# 
   730   000F40                     TXB0CON         equ	3904	;# 
   731   000F41                     TXB0SIDH        equ	3905	;# 
   732   000F42                     TXB0SIDL        equ	3906	;# 
   733   000F43                     TXB0EIDH        equ	3907	;# 
   734   000F44                     TXB0EIDL        equ	3908	;# 
   735   000F45                     TXB0DLC         equ	3909	;# 
   736   000F46                     TXB0D0          equ	3910	;# 
   737   000F47                     TXB0D1          equ	3911	;# 
   738   000F48                     TXB0D2          equ	3912	;# 
   739   000F49                     TXB0D3          equ	3913	;# 
   740   000F4A                     TXB0D4          equ	3914	;# 
   741   000F4B                     TXB0D5          equ	3915	;# 
   742   000F4C                     TXB0D6          equ	3916	;# 
   743   000F4D                     TXB0D7          equ	3917	;# 
   744   000F4E                     CANSTAT_RO1     equ	3918	;# 
   745   000F4F                     CANCON_RO1      equ	3919	;# 
   746   000F50                     RXB1CON         equ	3920	;# 
   747   000F51                     RXB1SIDH        equ	3921	;# 
   748   000F52                     RXB1SIDL        equ	3922	;# 
   749   000F53                     RXB1EIDH        equ	3923	;# 
   750   000F54                     RXB1EIDL        equ	3924	;# 
   751   000F55                     RXB1DLC         equ	3925	;# 
   752   000F56                     RXB1D0          equ	3926	;# 
   753   000F57                     RXB1D1          equ	3927	;# 
   754   000F58                     RXB1D2          equ	3928	;# 
   755   000F59                     RXB1D3          equ	3929	;# 
   756   000F5A                     RXB1D4          equ	3930	;# 
   757   000F5B                     RXB1D5          equ	3931	;# 
   758   000F5C                     RXB1D6          equ	3932	;# 
   759   000F5D                     RXB1D7          equ	3933	;# 
   760   000F5E                     CANSTAT_RO0     equ	3934	;# 
   761   000F5F                     CANCON_RO0      equ	3935	;# 
   762   000F60                     RXB0CON         equ	3936	;# 
   763   000F61                     RXB0SIDH        equ	3937	;# 
   764   000F62                     RXB0SIDL        equ	3938	;# 
   765   000F63                     RXB0EIDH        equ	3939	;# 
   766   000F64                     RXB0EIDL        equ	3940	;# 
   767   000F65                     RXB0DLC         equ	3941	;# 
   768   000F66                     RXB0D0          equ	3942	;# 
   769   000F67                     RXB0D1          equ	3943	;# 
   770   000F68                     RXB0D2          equ	3944	;# 
   771   000F69                     RXB0D3          equ	3945	;# 
   772   000F6A                     RXB0D4          equ	3946	;# 
   773   000F6B                     RXB0D5          equ	3947	;# 
   774   000F6C                     RXB0D6          equ	3948	;# 
   775   000F6D                     RXB0D7          equ	3949	;# 
   776   000F6E                     CANSTAT         equ	3950	;# 
   777   000F6F                     CANCON          equ	3951	;# 
   778   000F70                     BRGCON1         equ	3952	;# 
   779   000F71                     BRGCON2         equ	3953	;# 
   780   000F72                     BRGCON3         equ	3954	;# 
   781   000F73                     CIOCON          equ	3955	;# 
   782   000F74                     COMSTAT         equ	3956	;# 
   783   000F75                     RXERRCNT        equ	3957	;# 
   784   000F76                     TXERRCNT        equ	3958	;# 
   785   000F77                     ECANCON         equ	3959	;# 
   786   000F80                     PORTA           equ	3968	;# 
   787   000F81                     PORTB           equ	3969	;# 
   788   000F82                     PORTC           equ	3970	;# 
   789   000F83                     PORTD           equ	3971	;# 
   790   000F84                     PORTE           equ	3972	;# 
   791   000F89                     LATA            equ	3977	;# 
   792   000F8A                     LATB            equ	3978	;# 
   793   000F8B                     LATC            equ	3979	;# 
   794   000F8C                     LATD            equ	3980	;# 
   795   000F8D                     LATE            equ	3981	;# 
   796   000F92                     TRISA           equ	3986	;# 
   797   000F92                     DDRA            equ	3986	;# 
   798   000F93                     TRISB           equ	3987	;# 
   799   000F93                     DDRB            equ	3987	;# 
   800   000F94                     TRISC           equ	3988	;# 
   801   000F94                     DDRC            equ	3988	;# 
   802   000F95                     TRISD           equ	3989	;# 
   803   000F95                     DDRD            equ	3989	;# 
   804   000F96                     TRISE           equ	3990	;# 
   805   000F96                     DDRE            equ	3990	;# 
   806   000F9B                     OSCTUNE         equ	3995	;# 
   807   000F9D                     PIE1            equ	3997	;# 
   808   000F9E                     PIR1            equ	3998	;# 
   809   000F9F                     IPR1            equ	3999	;# 
   810   000FA0                     PIE2            equ	4000	;# 
   811   000FA1                     PIR2            equ	4001	;# 
   812   000FA2                     IPR2            equ	4002	;# 
   813   000FA3                     PIE3            equ	4003	;# 
   814   000FA4                     PIR3            equ	4004	;# 
   815   000FA5                     IPR3            equ	4005	;# 
   816   000FA6                     EECON1          equ	4006	;# 
   817   000FA7                     EECON2          equ	4007	;# 
   818   000FA8                     EEDATA          equ	4008	;# 
   819   000FA9                     EEADR           equ	4009	;# 
   820   000FAB                     RCSTA           equ	4011	;# 
   821   000FAB                     RCSTA1          equ	4011	;# 
   822   000FAC                     TXSTA           equ	4012	;# 
   823   000FAC                     TXSTA1          equ	4012	;# 
   824   000FAD                     TXREG           equ	4013	;# 
   825   000FAD                     TXREG1          equ	4013	;# 
   826   000FAE                     RCREG           equ	4014	;# 
   827   000FAE                     RCREG1          equ	4014	;# 
   828   000FAF                     SPBRG           equ	4015	;# 
   829   000FAF                     SPBRG1          equ	4015	;# 
   830   000FB0                     SPBRGH          equ	4016	;# 
   831   000FB1                     T3CON           equ	4017	;# 
   832   000FB2                     TMR3            equ	4018	;# 
   833   000FB2                     TMR3L           equ	4018	;# 
   834   000FB3                     TMR3H           equ	4019	;# 
   835   000FB4                     CMCON           equ	4020	;# 
   836   000FB5                     CVRCON          equ	4021	;# 
   837   000FB6                     ECCP1AS         equ	4022	;# 
   838   000FB7                     ECCP1DEL        equ	4023	;# 
   839   000FB8                     BAUDCON         equ	4024	;# 
   840   000FB8                     BAUDCTL         equ	4024	;# 
   841   000FBA                     ECCP1CON        equ	4026	;# 
   842   000FBB                     ECCPR1          equ	4027	;# 
   843   000FBB                     ECCPR1L         equ	4027	;# 
   844   000FBC                     ECCPR1H         equ	4028	;# 
   845   000FBD                     CCP1CON         equ	4029	;# 
   846   000FBE                     CCPR1           equ	4030	;# 
   847   000FBE                     CCPR1L          equ	4030	;# 
   848   000FBF                     CCPR1H          equ	4031	;# 
   849   000FC0                     ADCON2          equ	4032	;# 
   850   000FC1                     ADCON1          equ	4033	;# 
   851   000FC2                     ADCON0          equ	4034	;# 
   852   000FC3                     ADRES           equ	4035	;# 
   853   000FC3                     ADRESL          equ	4035	;# 
   854   000FC4                     ADRESH          equ	4036	;# 
   855   000FC5                     SSPCON2         equ	4037	;# 
   856   000FC6                     SSPCON1         equ	4038	;# 
   857   000FC7                     SSPSTAT         equ	4039	;# 
   858   000FC8                     SSPADD          equ	4040	;# 
   859   000FC9                     SSPBUF          equ	4041	;# 
   860   000FCA                     T2CON           equ	4042	;# 
   861   000FCB                     PR2             equ	4043	;# 
   862   000FCB                     MEMCON          equ	4043	;# 
   863   000FCC                     TMR2            equ	4044	;# 
   864   000FCD                     T1CON           equ	4045	;# 
   865   000FCE                     TMR1            equ	4046	;# 
   866   000FCE                     TMR1L           equ	4046	;# 
   867   000FCF                     TMR1H           equ	4047	;# 
   868   000FD0                     RCON            equ	4048	;# 
   869   000FD1                     WDTCON          equ	4049	;# 
   870   000FD2                     HLVDCON         equ	4050	;# 
   871   000FD2                     LVDCON          equ	4050	;# 
   872   000FD3                     OSCCON          equ	4051	;# 
   873   000FD5                     T0CON           equ	4053	;# 
   874   000FD6                     TMR0            equ	4054	;# 
   875   000FD6                     TMR0L           equ	4054	;# 
   876   000FD7                     TMR0H           equ	4055	;# 
   877   000FD8                     STATUS          equ	4056	;# 
   878   000FD9                     FSR2            equ	4057	;# 
   879   000FD9                     FSR2L           equ	4057	;# 
   880   000FDA                     FSR2H           equ	4058	;# 
   881   000FDB                     PLUSW2          equ	4059	;# 
   882   000FDC                     PREINC2         equ	4060	;# 
   883   000FDD                     POSTDEC2        equ	4061	;# 
   884   000FDE                     POSTINC2        equ	4062	;# 
   885   000FDF                     INDF2           equ	4063	;# 
   886   000FE0                     BSR             equ	4064	;# 
   887   000FE1                     FSR1            equ	4065	;# 
   888   000FE1                     FSR1L           equ	4065	;# 
   889   000FE2                     FSR1H           equ	4066	;# 
   890   000FE3                     PLUSW1          equ	4067	;# 
   891   000FE4                     PREINC1         equ	4068	;# 
   892   000FE5                     POSTDEC1        equ	4069	;# 
   893   000FE6                     POSTINC1        equ	4070	;# 
   894   000FE7                     INDF1           equ	4071	;# 
   895   000FE8                     WREG            equ	4072	;# 
   896   000FE9                     FSR0            equ	4073	;# 
   897   000FE9                     FSR0L           equ	4073	;# 
   898   000FEA                     FSR0H           equ	4074	;# 
   899   000FEB                     PLUSW0          equ	4075	;# 
   900   000FEC                     PREINC0         equ	4076	;# 
   901   000FED                     POSTDEC0        equ	4077	;# 
   902   000FEE                     POSTINC0        equ	4078	;# 
   903   000FEF                     INDF0           equ	4079	;# 
   904   000FF0                     INTCON3         equ	4080	;# 
   905   000FF1                     INTCON2         equ	4081	;# 
   906   000FF2                     INTCON          equ	4082	;# 
   907   000FF3                     PROD            equ	4083	;# 
   908   000FF3                     PRODL           equ	4083	;# 
   909   000FF4                     PRODH           equ	4084	;# 
   910   000FF5                     TABLAT          equ	4085	;# 
   911   000FF6                     TBLPTR          equ	4086	;# 
   912   000FF6                     TBLPTRL         equ	4086	;# 
   913   000FF7                     TBLPTRH         equ	4087	;# 
   914   000FF8                     TBLPTRU         equ	4088	;# 
   915   000FF9                     PCLAT           equ	4089	;# 
   916   000FF9                     PC              equ	4089	;# 
   917   000FF9                     PCL             equ	4089	;# 
   918   000FFA                     PCLATH          equ	4090	;# 
   919   000FFB                     PCLATU          equ	4091	;# 
   920   000FFC                     STKPTR          equ	4092	;# 
   921   000FFD                     TOS             equ	4093	;# 
   922   000FFD                     TOSL            equ	4093	;# 
   923   000FFE                     TOSH            equ	4094	;# 
   924   000FFF                     TOSU            equ	4095	;# 
   925                           
   926                           	psect	idataCOMRAM
   927   000950                     __pidataCOMRAM:
   928                           	callstack 0
   929                           
   930                           ;initializer for main@F10499
   931   000950  4A                 	db	74
   932   000951  61                 	db	97
   933   000952  69                 	db	105
   934   000953  20                 	db	32
   935   000954  4D                 	db	77
   936   000955  61                 	db	97
   937   000956  68                 	db	104
   938   000957  61                 	db	97
   939   000958  72                 	db	114
   940   000959  61                 	db	97
   941   00095A  73                 	db	115
   942   00095B  68                 	db	104
   943   00095C  74                 	db	116
   944   00095D  72                 	db	114
   945   00095E  61                 	db	97
   946   00095F  21                 	db	33
   947   000960  00                 	db	0
   948                           
   949                           ;initializer for _once
   950   000961  01                 	db	1
   951   000F94                     _TRISC          set	3988
   952   000F95                     _TRISD          set	3989
   953   000F83                     _PORTD          set	3971
   954   000F82                     _PORTC          set	3970
   955   007C1F                     _RD7            set	31775
   956   007C10                     _RC0            set	31760
   957   007CAF                     _TRISD7         set	31919
   958   007C12                     _RC2            set	31762
   959   007C11                     _RC1            set	31761
   960                           
   961                           ; #config settings
   962                           
   963                           	psect	cinit
   964   00092A                     __pcinit:
   965                           	callstack 0
   966   00092A                     start_initialization:
   967                           	callstack 0
   968   00092A                     __initialization:
   969                           	callstack 0
   970                           
   971                           ; Initialize objects allocated to COMRAM (18 bytes)
   972                           ; load TBLPTR registers with __pidataCOMRAM
   973   00092A  0E50               	movlw	low __pidataCOMRAM
   974   00092C  6EF6               	movwf	tblptrl,c
   975   00092E  0E09               	movlw	high __pidataCOMRAM
   976   000930  6EF7               	movwf	tblptrh,c
   977   000932  0E00               	movlw	low (__pidataCOMRAM shr (0+16))
   978   000934  6EF8               	movwf	tblptru,c
   979   000936  EE00  F01D         	lfsr	0,__pdataCOMRAM
   980   00093A  EE10 F012          	lfsr	1,18
   981   00093E                     copy_data0:
   982   00093E  0009               	tblrd		*+
   983   000940  CFF5 FFEE          	movff	tablat,postinc0
   984   000944  50E5               	movf	postdec1,w,c
   985   000946  50E1               	movf	fsr1l,w,c
   986   000948  E1FA               	bnz	copy_data0
   987   00094A                     end_of_initialization:
   988                           	callstack 0
   989   00094A                     __end_of__initialization:
   990                           	callstack 0
   991   00094A  0100               	movlb	0
   992   00094C  EF01  F003         	goto	_main	;jump to C main() function
   993                           
   994                           	psect	dataCOMRAM
   995   00001D                     __pdataCOMRAM:
   996                           	callstack 0
   997   00001D                     main@F10499:
   998                           	callstack 0
   999   00001D                     	ds	17
  1000   00002E                     _once:
  1001                           	callstack 0
  1002   00002E                     	ds	1
  1003                           
  1004                           	psect	cstackCOMRAM
  1005   000001                     __pcstackCOMRAM:
  1006                           	callstack 0
  1007   000001                     read_digit_keypad@detect_type:
  1008                           	callstack 0
  1009   000001                     towardsRight@str:
  1010                           	callstack 0
  1011   000001                     towardsLeft@str:
  1012                           	callstack 0
  1013   000001                     clcd_write@control_bit:
  1014                           	callstack 0
  1015   000001                     
  1016                           ; 1 bytes @ 0x0
  1017   000001                     	ds	1
  1018   000002                     towardsRight@last:
  1019                           	callstack 0
  1020   000002                     towardsLeft@first:
  1021                           	callstack 0
  1022   000002                     clcd_write@byte:
  1023                           	callstack 0
  1024   000002                     
  1025                           ; 1 bytes @ 0x1
  1026   000002                     	ds	1
  1027   000003                     clcd_print@data:
  1028                           	callstack 0
  1029   000003                     towardsRight@i:
  1030                           	callstack 0
  1031   000003                     towardsLeft@i:
  1032                           	callstack 0
  1033   000003                     ??_init_clcd:
  1034                           
  1035                           ; 1 bytes @ 0x2
  1036   000003                     	ds	1
  1037   000004                     clcd_print@addr:
  1038                           	callstack 0
  1039   000004                     
  1040                           ; 1 bytes @ 0x3
  1041   000004                     	ds	1
  1042   000005                     ??_main:
  1043                           
  1044                           ; 1 bytes @ 0x4
  1045   000005                     	ds	2
  1046   000007                     main@str:
  1047                           	callstack 0
  1048                           
  1049                           ; 17 bytes @ 0x6
  1050   000007                     	ds	17
  1051   000018                     main@mode:
  1052                           	callstack 0
  1053                           
  1054                           ; 2 bytes @ 0x17
  1055   000018                     	ds	2
  1056   00001A                     main@status:
  1057                           	callstack 0
  1058                           
  1059                           ; 2 bytes @ 0x19
  1060   00001A                     	ds	2
  1061   00001C                     main@key:
  1062                           	callstack 0
  1063                           
  1064                           ; 1 bytes @ 0x1B
  1065   00001C                     	ds	1
  1066                           
  1067 ;;
  1068 ;;Main: autosize = 0, tempsize = 2, incstack = 0, save=0
  1069 ;;
  1070 ;; *************** function _main *****************
  1071 ;; Defined at:
  1072 ;;		line 30 in file "main.c"
  1073 ;; Parameters:    Size  Location     Type
  1074 ;;		None
  1075 ;; Auto vars:     Size  Location     Type
  1076 ;;  str            17    6[COMRAM] unsigned char [17]
  1077 ;;  status          2   25[COMRAM] int 
  1078 ;;  mode            2   23[COMRAM] int 
  1079 ;;  key             1   27[COMRAM] unsigned char 
  1080 ;; Return value:  Size  Location     Type
  1081 ;;                  1    wreg      void 
  1082 ;; Registers used:
  1083 ;;		wreg, fsr1l, fsr1h, fsr2l, fsr2h, status,2, status,0, cstack
  1084 ;; Tracked objects:
  1085 ;;		On entry : 0/0
  1086 ;;		On exit  : 0/0
  1087 ;;		Unchanged: 0/0
  1088 ;; Data sizes:     COMRAM   BANK0   BANK1   BANK2   BANK3   BANK4   BANK5
  1089 ;;      Params:         0       0       0       0       0       0       0
  1090 ;;      Locals:        22       0       0       0       0       0       0
  1091 ;;      Temps:          2       0       0       0       0       0       0
  1092 ;;      Totals:        24       0       0       0       0       0       0
  1093 ;;Total ram usage:       24 bytes
  1094 ;; Hardware stack levels required when called: 3
  1095 ;; This function calls:
  1096 ;;		_clcd_print
  1097 ;;		_init_config
  1098 ;;		_read_digit_keypad
  1099 ;;		_towardsLeft
  1100 ;;		_towardsRight
  1101 ;; This function is called by:
  1102 ;;		Startup code after reset
  1103 ;; This function uses a non-reentrant model
  1104 ;;
  1105                           
  1106                           	psect	text0
  1107   000602                     __ptext0:
  1108                           	callstack 0
  1109   000602                     _main:
  1110                           	callstack 28
  1111   000602                     
  1112                           ;main.c: 31:     init_config();
  1113   000602  ECB1  F004         	call	_init_config	;wreg free
  1114   000606                     
  1115                           ;main.c: 33:     char str[17] = "Jai Maharashtra!";
  1116   000606  EE20  F01D         	lfsr	2,main@F10499
  1117   00060A  EE10  F007         	lfsr	1,main@str
  1118   00060E  0E10               	movlw	16
  1119   000610                     u261:
  1120   000610  CFDB FFE3          	movff	plusw2,plusw1
  1121   000614  06E8               	decf	wreg,f,c
  1122   000616  E2FC               	bc	u261
  1123   000618                     
  1124                           ;main.c: 35:     int status = 1;
  1125   000618  6A1B               	clrf	(main@status+1)^0,c
  1126   00061A  0E01               	movlw	1
  1127   00061C  6E1A               	movwf	main@status^0,c
  1128   00061E                     
  1129                           ;main.c: 36:     int mode = 0;
  1130   00061E  6A19               	clrf	(main@mode+1)^0,c
  1131   000620  0E00               	movlw	0
  1132   000622  6E18               	movwf	main@mode^0,c
  1133   000624                     l1153:
  1134                           
  1135                           ;main.c: 39:         key = read_digit_keypad(0);
  1136   000624  0E00               	movlw	0
  1137   000626  ECCC  F003         	call	_read_digit_keypad
  1138   00062A  6E1C               	movwf	main@key^0,c
  1139   00062C                     
  1140                           ;main.c: 40:         if (key == 0x0E) {
  1141   00062C  0E0E               	movlw	14
  1142   00062E  181C               	xorwf	main@key^0,w,c
  1143   000630  A4D8               	btfss	status,2,c
  1144   000632  EF1D  F003         	goto	u271
  1145   000636  EF1F  F003         	goto	u270
  1146   00063A                     u271:
  1147   00063A  EF28  F003         	goto	l1161
  1148   00063E                     u270:
  1149   00063E                     
  1150                           ;main.c: 41:             towardsLeft(str);
  1151   00063E  0E07               	movlw	low main@str
  1152   000640  6E01               	movwf	towardsLeft@str^0,c
  1153   000642  EC30  F004         	call	_towardsLeft	;wreg free
  1154   000646                     
  1155                           ;main.c: 42:             mode = 0;
  1156   000646  6A19               	clrf	(main@mode+1)^0,c
  1157   000648  0E00               	movlw	0
  1158   00064A  6E18               	movwf	main@mode^0,c
  1159                           
  1160                           ;main.c: 43:         } else if (key == 0x0D) {
  1161   00064C  EF64  F003         	goto	l1177
  1162   000650                     l1161:
  1163   000650  0E0D               	movlw	13
  1164   000652  181C               	xorwf	main@key^0,w,c
  1165   000654  A4D8               	btfss	status,2,c
  1166   000656  EF2F  F003         	goto	u281
  1167   00065A  EF31  F003         	goto	u280
  1168   00065E                     u281:
  1169   00065E  EF3A  F003         	goto	l1167
  1170   000662                     u280:
  1171   000662                     
  1172                           ;main.c: 44:             towardsRight(str);
  1173   000662  0E07               	movlw	low main@str
  1174   000664  6E01               	movwf	towardsRight@str^0,c
  1175   000666  EC04  F004         	call	_towardsRight	;wreg free
  1176   00066A                     
  1177                           ;main.c: 45:             mode = 1;
  1178   00066A  6A19               	clrf	(main@mode+1)^0,c
  1179   00066C  0E01               	movlw	1
  1180   00066E  6E18               	movwf	main@mode^0,c
  1181                           
  1182                           ;main.c: 46:         } else if (key == 0x0B) {
  1183   000670  EF64  F003         	goto	l1177
  1184   000674                     l1167:
  1185   000674  0E0B               	movlw	11
  1186   000676  181C               	xorwf	main@key^0,w,c
  1187   000678  A4D8               	btfss	status,2,c
  1188   00067A  EF41  F003         	goto	u291
  1189   00067E  EF43  F003         	goto	u290
  1190   000682                     u291:
  1191   000682  EF64  F003         	goto	l1177
  1192   000686                     u290:
  1193   000686                     
  1194                           ;main.c: 47:             status = !status;
  1195   000686  501A               	movf	main@status^0,w,c
  1196   000688  101B               	iorwf	(main@status+1)^0,w,c
  1197   00068A  B4D8               	btfsc	status,2,c
  1198   00068C  EF4A  F003         	goto	u301
  1199   000690  EF4D  F003         	goto	u300
  1200   000694                     u301:
  1201   000694  0E01               	movlw	1
  1202   000696  EF4E  F003         	goto	u310
  1203   00069A                     u300:
  1204   00069A  0E00               	movlw	0
  1205   00069C                     u310:
  1206   00069C  6E1A               	movwf	main@status^0,c
  1207   00069E  6A1B               	clrf	(main@status+1)^0,c
  1208                           
  1209                           ;main.c: 48:             if(status)
  1210   0006A0  501A               	movf	main@status^0,w,c
  1211   0006A2  101B               	iorwf	(main@status+1)^0,w,c
  1212   0006A4  B4D8               	btfsc	status,2,c
  1213   0006A6  EF57  F003         	goto	u321
  1214   0006AA  EF59  F003         	goto	u320
  1215   0006AE                     u321:
  1216   0006AE  EF64  F003         	goto	l1177
  1217   0006B2                     u320:
  1218   0006B2                     
  1219                           ;main.c: 49:             {;main.c: 50:                 if(mode)
  1220   0006B2  5018               	movf	main@mode^0,w,c
  1221   0006B4  1019               	iorwf	(main@mode+1)^0,w,c
  1222   0006B6  B4D8               	btfsc	status,2,c
  1223   0006B8  EF60  F003         	goto	u331
  1224   0006BC  EF62  F003         	goto	u330
  1225   0006C0                     u331:
  1226   0006C0  EF64  F003         	goto	l1175
  1227   0006C4                     u330:
  1228   0006C4  EF64  F003         	goto	l1177
  1229   0006C8                     l1175:
  1230   0006C8                     l1177:
  1231                           
  1232                           ;main.c: 57:         clcd_print(str, (0x80 + (0)));
  1233   0006C8  0E07               	movlw	low main@str
  1234   0006CA  6E03               	movwf	clcd_print@data^0,c
  1235   0006CC  0E80               	movlw	128
  1236   0006CE  6E04               	movwf	clcd_print@addr^0,c
  1237   0006D0  EC79  F004         	call	_clcd_print	;wreg free
  1238   0006D4                     
  1239                           ;main.c: 58:         _delay((unsigned long)((2000)*(20000000/4000.0)));
  1240   0006D4  0E33               	movlw	51
  1241   0006D6  6E06               	movwf	(??_main+1)^0,c
  1242   0006D8  0EBB               	movlw	187
  1243   0006DA  6E05               	movwf	??_main^0,c
  1244   0006DC  0EE0               	movlw	224
  1245   0006DE                     u347:
  1246   0006DE  2EE8               	decfsz	wreg,f,c
  1247   0006E0  D7FE               	bra	u347
  1248   0006E2  2E05               	decfsz	??_main^0,f,c
  1249   0006E4  D7FC               	bra	u347
  1250   0006E6  2E06               	decfsz	(??_main+1)^0,f,c
  1251   0006E8  D7FA               	bra	u347
  1252   0006EA  EF12  F003         	goto	l1153
  1253   0006EE  EFFE  F03F         	goto	start
  1254   0006F2                     __end_of_main:
  1255                           	callstack 0
  1256                           
  1257 ;; *************** function _towardsRight *****************
  1258 ;; Defined at:
  1259 ;;		line 76 in file "main.c"
  1260 ;; Parameters:    Size  Location     Type
  1261 ;;  str             1    0[COMRAM] PTR unsigned char 
  1262 ;;		 -> main@str(17), 
  1263 ;; Auto vars:     Size  Location     Type
  1264 ;;  i               2    2[COMRAM] int 
  1265 ;;  last            1    1[COMRAM] unsigned char 
  1266 ;; Return value:  Size  Location     Type
  1267 ;;                  1    wreg      void 
  1268 ;; Registers used:
  1269 ;;		wreg, fsr1l, fsr1h, fsr2l, fsr2h, status,2, status,0
  1270 ;; Tracked objects:
  1271 ;;		On entry : 0/0
  1272 ;;		On exit  : 0/0
  1273 ;;		Unchanged: 0/0
  1274 ;; Data sizes:     COMRAM   BANK0   BANK1   BANK2   BANK3   BANK4   BANK5
  1275 ;;      Params:         1       0       0       0       0       0       0
  1276 ;;      Locals:         3       0       0       0       0       0       0
  1277 ;;      Temps:          0       0       0       0       0       0       0
  1278 ;;      Totals:         4       0       0       0       0       0       0
  1279 ;;Total ram usage:        4 bytes
  1280 ;; Hardware stack levels used: 1
  1281 ;; This function calls:
  1282 ;;		Nothing
  1283 ;; This function is called by:
  1284 ;;		_main
  1285 ;; This function uses a non-reentrant model
  1286 ;;
  1287                           
  1288                           	psect	text1
  1289   000808                     __ptext1:
  1290                           	callstack 0
  1291   000808                     _towardsRight:
  1292                           	callstack 30
  1293   000808                     
  1294                           ;main.c: 78:     char last = str[15];
  1295   000808  5001               	movf	towardsRight@str^0,w,c
  1296   00080A  6ED9               	movwf	fsr2l,c
  1297   00080C  6ADA               	clrf	fsr2h,c
  1298   00080E  0E0F               	movlw	15
  1299   000810  26D9               	addwf	fsr2l,f,c
  1300   000812  50DF               	movf	indf2,w,c
  1301   000814  6E02               	movwf	towardsRight@last^0,c
  1302   000816                     
  1303                           ;main.c: 79:     for (int i = 15; i > 0; i--) {
  1304   000816  6A04               	clrf	(towardsRight@i+1)^0,c
  1305   000818  0E0F               	movlw	15
  1306   00081A  6E03               	movwf	towardsRight@i^0,c
  1307   00081C                     l1127:
  1308                           
  1309                           ;main.c: 80:         str[i] = str[i - 1];
  1310   00081C  5001               	movf	towardsRight@str^0,w,c
  1311   00081E  2403               	addwf	towardsRight@i^0,w,c
  1312   000820  6ED9               	movwf	fsr2l,c
  1313   000822  6ADA               	clrf	fsr2h,c
  1314   000824  0EFF               	movlw	255
  1315   000826  26D9               	addwf	fsr2l,f,c
  1316   000828  5001               	movf	towardsRight@str^0,w,c
  1317   00082A  2403               	addwf	towardsRight@i^0,w,c
  1318   00082C  6EE1               	movwf	fsr1l,c
  1319   00082E  6AE2               	clrf	fsr1h,c
  1320   000830  CFDF FFE7          	movff	indf2,indf1
  1321   000834                     
  1322                           ;main.c: 81:     }
  1323   000834  0603               	decf	towardsRight@i^0,f,c
  1324   000836  A0D8               	btfss	status,0,c
  1325   000838  0604               	decf	(towardsRight@i+1)^0,f,c
  1326   00083A  BE04               	btfsc	(towardsRight@i+1)^0,7,c
  1327   00083C  EF2A  F004         	goto	u240
  1328   000840  5004               	movf	(towardsRight@i+1)^0,w,c
  1329   000842  E106               	bnz	u241
  1330   000844  0403               	decf	towardsRight@i^0,w,c
  1331   000846  B0D8               	btfsc	status,0,c
  1332   000848  EF28  F004         	goto	u241
  1333   00084C  EF2A  F004         	goto	u240
  1334   000850                     u241:
  1335   000850  EF0E  F004         	goto	l1127
  1336   000854                     u240:
  1337   000854                     
  1338                           ;main.c: 82:     str[0] = last;
  1339   000854  5001               	movf	towardsRight@str^0,w,c
  1340   000856  6ED9               	movwf	fsr2l,c
  1341   000858  6ADA               	clrf	fsr2h,c
  1342   00085A  C002  FFDF         	movff	towardsRight@last,indf2
  1343   00085E  0012               	return		;funcret
  1344   000860                     __end_of_towardsRight:
  1345                           	callstack 0
  1346                           
  1347 ;; *************** function _towardsLeft *****************
  1348 ;; Defined at:
  1349 ;;		line 85 in file "main.c"
  1350 ;; Parameters:    Size  Location     Type
  1351 ;;  str             1    0[COMRAM] PTR unsigned char 
  1352 ;;		 -> main@str(17), 
  1353 ;; Auto vars:     Size  Location     Type
  1354 ;;  i               2    2[COMRAM] int 
  1355 ;;  first           1    1[COMRAM] unsigned char 
  1356 ;; Return value:  Size  Location     Type
  1357 ;;                  1    wreg      void 
  1358 ;; Registers used:
  1359 ;;		wreg, fsr1l, fsr1h, fsr2l, fsr2h, status,2, status,0
  1360 ;; Tracked objects:
  1361 ;;		On entry : 0/0
  1362 ;;		On exit  : 0/0
  1363 ;;		Unchanged: 0/0
  1364 ;; Data sizes:     COMRAM   BANK0   BANK1   BANK2   BANK3   BANK4   BANK5
  1365 ;;      Params:         1       0       0       0       0       0       0
  1366 ;;      Locals:         3       0       0       0       0       0       0
  1367 ;;      Temps:          0       0       0       0       0       0       0
  1368 ;;      Totals:         4       0       0       0       0       0       0
  1369 ;;Total ram usage:        4 bytes
  1370 ;; Hardware stack levels used: 1
  1371 ;; This function calls:
  1372 ;;		Nothing
  1373 ;; This function is called by:
  1374 ;;		_main
  1375 ;; This function uses a non-reentrant model
  1376 ;;
  1377                           
  1378                           	psect	text2
  1379   000860                     __ptext2:
  1380                           	callstack 0
  1381   000860                     _towardsLeft:
  1382                           	callstack 30
  1383   000860                     
  1384                           ;main.c: 87:     char first = str[0];
  1385   000860  5001               	movf	towardsLeft@str^0,w,c
  1386   000862  6ED9               	movwf	fsr2l,c
  1387   000864  6ADA               	clrf	fsr2h,c
  1388   000866  50DF               	movf	indf2,w,c
  1389   000868  6E02               	movwf	towardsLeft@first^0,c
  1390   00086A                     
  1391                           ;main.c: 88:     for (int i = 0; i < 15; i++) {
  1392   00086A  6A04               	clrf	(towardsLeft@i+1)^0,c
  1393   00086C  0E00               	movlw	0
  1394   00086E  6E03               	movwf	towardsLeft@i^0,c
  1395   000870                     l1111:
  1396                           
  1397                           ;main.c: 89:         str[i] = str[i + 1];
  1398   000870  5001               	movf	towardsLeft@str^0,w,c
  1399   000872  2403               	addwf	towardsLeft@i^0,w,c
  1400   000874  6ED9               	movwf	fsr2l,c
  1401   000876  6ADA               	clrf	fsr2h,c
  1402   000878  0E01               	movlw	1
  1403   00087A  26D9               	addwf	fsr2l,f,c
  1404   00087C  5001               	movf	towardsLeft@str^0,w,c
  1405   00087E  2403               	addwf	towardsLeft@i^0,w,c
  1406   000880  6EE1               	movwf	fsr1l,c
  1407   000882  6AE2               	clrf	fsr1h,c
  1408   000884  CFDF FFE7          	movff	indf2,indf1
  1409   000888                     
  1410                           ;main.c: 90:     }
  1411   000888  4A03               	infsnz	towardsLeft@i^0,f,c
  1412   00088A  2A04               	incf	(towardsLeft@i+1)^0,f,c
  1413   00088C  BE04               	btfsc	(towardsLeft@i+1)^0,7,c
  1414   00088E  EF52  F004         	goto	u231
  1415   000892  5004               	movf	(towardsLeft@i+1)^0,w,c
  1416   000894  E109               	bnz	u230
  1417   000896  0E0F               	movlw	15
  1418   000898  5C03               	subwf	towardsLeft@i^0,w,c
  1419   00089A  A0D8               	btfss	status,0,c
  1420   00089C  EF52  F004         	goto	u231
  1421   0008A0  EF54  F004         	goto	u230
  1422   0008A4                     u231:
  1423   0008A4  EF38  F004         	goto	l1111
  1424   0008A8                     u230:
  1425   0008A8                     
  1426                           ;main.c: 91:     str[15] = first;
  1427   0008A8  5001               	movf	towardsLeft@str^0,w,c
  1428   0008AA  6ED9               	movwf	fsr2l,c
  1429   0008AC  6ADA               	clrf	fsr2h,c
  1430   0008AE  0E0F               	movlw	15
  1431   0008B0  26D9               	addwf	fsr2l,f,c
  1432   0008B2  C002  FFDF         	movff	towardsLeft@first,indf2
  1433   0008B6  0012               	return		;funcret
  1434   0008B8                     __end_of_towardsLeft:
  1435                           	callstack 0
  1436                           
  1437 ;; *************** function _read_digit_keypad *****************
  1438 ;; Defined at:
  1439 ;;		line 62 in file "main.c"
  1440 ;; Parameters:    Size  Location     Type
  1441 ;;  detect_type     1    wreg     unsigned char 
  1442 ;; Auto vars:     Size  Location     Type
  1443 ;;  detect_type     1    0[COMRAM] unsigned char 
  1444 ;; Return value:  Size  Location     Type
  1445 ;;                  1    wreg      unsigned char 
  1446 ;; Registers used:
  1447 ;;		wreg, status,2, status,0
  1448 ;; Tracked objects:
  1449 ;;		On entry : 0/0
  1450 ;;		On exit  : 0/0
  1451 ;;		Unchanged: 0/0
  1452 ;; Data sizes:     COMRAM   BANK0   BANK1   BANK2   BANK3   BANK4   BANK5
  1453 ;;      Params:         0       0       0       0       0       0       0
  1454 ;;      Locals:         1       0       0       0       0       0       0
  1455 ;;      Temps:          0       0       0       0       0       0       0
  1456 ;;      Totals:         1       0       0       0       0       0       0
  1457 ;;Total ram usage:        1 bytes
  1458 ;; Hardware stack levels used: 1
  1459 ;; This function calls:
  1460 ;;		Nothing
  1461 ;; This function is called by:
  1462 ;;		_main
  1463 ;; This function uses a non-reentrant model
  1464 ;;
  1465                           
  1466                           	psect	text3
  1467   000798                     __ptext3:
  1468                           	callstack 0
  1469   000798                     _read_digit_keypad:
  1470                           	callstack 30
  1471                           
  1472                           ;incstack = 0
  1473                           ;read_digit_keypad@detect_type stored from wreg
  1474   000798  6E01               	movwf	read_digit_keypad@detect_type^0,c
  1475   00079A                     
  1476                           ;main.c: 63:     if (detect_type == 0) {
  1477   00079A  5001               	movf	read_digit_keypad@detect_type^0,w,c
  1478   00079C  A4D8               	btfss	status,2,c
  1479   00079E  EFD3  F003         	goto	u41
  1480   0007A2  EFD5  F003         	goto	u40
  1481   0007A6                     u41:
  1482   0007A6  EFD9  F003         	goto	l943
  1483   0007AA                     u40:
  1484   0007AA                     l937:
  1485                           
  1486                           ;main.c: 64:         return PORTC & 0X0F;
  1487   0007AA  5082               	movf	130,w,c	;volatile
  1488   0007AC  0B0F               	andlw	15
  1489   0007AE  EF03  F004         	goto	l41
  1490   0007B2                     l943:
  1491   0007B2  0401               	decf	read_digit_keypad@detect_type^0,w,c
  1492   0007B4  A4D8               	btfss	status,2,c
  1493   0007B6  EFDF  F003         	goto	u51
  1494   0007BA  EFE1  F003         	goto	u50
  1495   0007BE                     u51:
  1496   0007BE  EF02  F004         	goto	l961
  1497   0007C2                     u50:
  1498   0007C2                     
  1499                           ;main.c: 66:         if ((PORTC & 0X0F) != 0XF0 && once) {
  1500   0007C2  5082               	movf	130,w,c	;volatile
  1501   0007C4  0B0F               	andlw	15
  1502   0007C6  0AF0               	xorlw	240
  1503   0007C8  B4D8               	btfsc	status,2,c
  1504   0007CA  EFE9  F003         	goto	u61
  1505   0007CE  EFEB  F003         	goto	u60
  1506   0007D2                     u61:
  1507   0007D2  EFF6  F003         	goto	l957
  1508   0007D6                     u60:
  1509   0007D6  502E               	movf	_once^0,w,c
  1510   0007D8  B4D8               	btfsc	status,2,c
  1511   0007DA  EFF1  F003         	goto	u71
  1512   0007DE  EFF3  F003         	goto	u70
  1513   0007E2                     u71:
  1514   0007E2  EFF6  F003         	goto	l957
  1515   0007E6                     u70:
  1516   0007E6                     
  1517                           ;main.c: 67:             once = 0;
  1518   0007E6  6A2E               	clrf	_once^0,c
  1519   0007E8  EFD5  F003         	goto	l937
  1520   0007EC                     l957:
  1521   0007EC  5082               	movf	130,w,c	;volatile
  1522   0007EE  0B0F               	andlw	15
  1523   0007F0  0A0F               	xorlw	15
  1524   0007F2  A4D8               	btfss	status,2,c
  1525   0007F4  EFFE  F003         	goto	u81
  1526   0007F8  EF00  F004         	goto	u80
  1527   0007FC                     u81:
  1528   0007FC  EF02  F004         	goto	l961
  1529   000800                     u80:
  1530   000800                     
  1531                           ;main.c: 70:             once = 1;
  1532   000800  0E01               	movlw	1
  1533   000802  6E2E               	movwf	_once^0,c
  1534   000804                     l961:
  1535                           
  1536                           ;main.c: 73:     return 0x0F;
  1537   000804  0E0F               	movlw	15
  1538   000806                     l41:
  1539   000806  0012               	return		;funcret
  1540   000808                     __end_of_read_digit_keypad:
  1541                           	callstack 0
  1542                           
  1543 ;; *************** function _init_config *****************
  1544 ;; Defined at:
  1545 ;;		line 26 in file "main.c"
  1546 ;; Parameters:    Size  Location     Type
  1547 ;;		None
  1548 ;; Auto vars:     Size  Location     Type
  1549 ;;		None
  1550 ;; Return value:  Size  Location     Type
  1551 ;;                  1    wreg      void 
  1552 ;; Registers used:
  1553 ;;		wreg, status,2, status,0, cstack
  1554 ;; Tracked objects:
  1555 ;;		On entry : 0/0
  1556 ;;		On exit  : 0/0
  1557 ;;		Unchanged: 0/0
  1558 ;; Data sizes:     COMRAM   BANK0   BANK1   BANK2   BANK3   BANK4   BANK5
  1559 ;;      Params:         0       0       0       0       0       0       0
  1560 ;;      Locals:         0       0       0       0       0       0       0
  1561 ;;      Temps:          0       0       0       0       0       0       0
  1562 ;;      Totals:         0       0       0       0       0       0       0
  1563 ;;Total ram usage:        0 bytes
  1564 ;; Hardware stack levels used: 1
  1565 ;; Hardware stack levels required when called: 2
  1566 ;; This function calls:
  1567 ;;		_init_clcd
  1568 ;; This function is called by:
  1569 ;;		_main
  1570 ;; This function uses a non-reentrant model
  1571 ;;
  1572                           
  1573                           	psect	text4
  1574   000962                     __ptext4:
  1575                           	callstack 0
  1576   000962                     _init_config:
  1577                           	callstack 28
  1578   000962                     
  1579                           ;main.c: 27:     init_clcd();
  1580   000962  EC79  F003         	call	_init_clcd	;wreg free
  1581   000966  0012               	return		;funcret
  1582   000968                     __end_of_init_config:
  1583                           	callstack 0
  1584                           
  1585 ;; *************** function _init_clcd *****************
  1586 ;; Defined at:
  1587 ;;		line 27 in file "clcd.c"
  1588 ;; Parameters:    Size  Location     Type
  1589 ;;		None
  1590 ;; Auto vars:     Size  Location     Type
  1591 ;;		None
  1592 ;; Return value:  Size  Location     Type
  1593 ;;                  1    wreg      void 
  1594 ;; Registers used:
  1595 ;;		wreg, status,2, status,0, cstack
  1596 ;; Tracked objects:
  1597 ;;		On entry : 0/0
  1598 ;;		On exit  : 0/0
  1599 ;;		Unchanged: 0/0
  1600 ;; Data sizes:     COMRAM   BANK0   BANK1   BANK2   BANK3   BANK4   BANK5
  1601 ;;      Params:         0       0       0       0       0       0       0
  1602 ;;      Locals:         0       0       0       0       0       0       0
  1603 ;;      Temps:          1       0       0       0       0       0       0
  1604 ;;      Totals:         1       0       0       0       0       0       0
  1605 ;;Total ram usage:        1 bytes
  1606 ;; Hardware stack levels used: 1
  1607 ;; Hardware stack levels required when called: 1
  1608 ;; This function calls:
  1609 ;;		_clcd_write
  1610 ;; This function is called by:
  1611 ;;		_init_config
  1612 ;; This function uses a non-reentrant model
  1613 ;;
  1614                           
  1615                           	psect	text5
  1616   0006F2                     __ptext5:
  1617                           	callstack 0
  1618   0006F2                     _init_clcd:
  1619                           	callstack 28
  1620   0006F2                     
  1621                           ;clcd.c: 30:  TRISD = 0x00;
  1622   0006F2  6A95               	clrf	149,c	;volatile
  1623   0006F4                     
  1624                           ;clcd.c: 32:  TRISC = TRISC & 0xF8;
  1625   0006F4  5094               	movf	148,w,c	;volatile
  1626   0006F6  0BF8               	andlw	248
  1627   0006F8  6E94               	movwf	148,c	;volatile
  1628   0006FA                     
  1629                           ;clcd.c: 34:  RC0 = 0;
  1630   0006FA  9082               	bcf	3970,0,c	;volatile
  1631   0006FC                     
  1632                           ;clcd.c: 38:     _delay((unsigned long)((30)*(20000000/4000.0)));
  1633   0006FC  0EC3               	movlw	195
  1634   0006FE  6E03               	movwf	??_init_clcd^0,c
  1635   000700  0ECD               	movlw	205
  1636   000702                     u357:
  1637   000702  2EE8               	decfsz	wreg,f,c
  1638   000704  D7FE               	bra	u357
  1639   000706  2E03               	decfsz	??_init_clcd^0,f,c
  1640   000708  D7FC               	bra	u357
  1641   00070A  0000               	nop	
  1642   00070C                     
  1643                           ;clcd.c: 41:     clcd_write(0x33, 0 );
  1644   00070C  0E00               	movlw	0
  1645   00070E  6E01               	movwf	clcd_write@control_bit^0,c
  1646   000710  0E33               	movlw	51
  1647   000712  EC5C  F004         	call	_clcd_write
  1648   000716                     
  1649                           ;clcd.c: 42:     _delay((unsigned long)((4100)*(20000000/4000000.0)));
  1650   000716  0E1B               	movlw	27
  1651   000718  6E03               	movwf	??_init_clcd^0,c
  1652   00071A  0E9E               	movlw	158
  1653   00071C                     u367:
  1654   00071C  2EE8               	decfsz	wreg,f,c
  1655   00071E  D7FE               	bra	u367
  1656   000720  2E03               	decfsz	??_init_clcd^0,f,c
  1657   000722  D7FC               	bra	u367
  1658   000724  D000               	nop2	
  1659   000726                     
  1660                           ;clcd.c: 43:     clcd_write(0x33, 0 );
  1661   000726  0E00               	movlw	0
  1662   000728  6E01               	movwf	clcd_write@control_bit^0,c
  1663   00072A  0E33               	movlw	51
  1664   00072C  EC5C  F004         	call	_clcd_write
  1665   000730                     
  1666                           ;clcd.c: 44:     _delay((unsigned long)((100)*(20000000/4000000.0)));
  1667   000730  0EA6               	movlw	166
  1668   000732                     u377:
  1669   000732  2EE8               	decfsz	wreg,f,c
  1670   000734  D7FE               	bra	u377
  1671   000736  D000               	nop2	
  1672   000738                     
  1673                           ;clcd.c: 45:     clcd_write(0x33, 0 );
  1674   000738  0E00               	movlw	0
  1675   00073A  6E01               	movwf	clcd_write@control_bit^0,c
  1676   00073C  0E33               	movlw	51
  1677   00073E  EC5C  F004         	call	_clcd_write
  1678   000742                     
  1679                           ;clcd.c: 46:     _delay((unsigned long)((1)*(20000000/4000000.0)));
  1680   000742  D000               	nop2		;2 cycle nop
  1681   000744  D000               	nop2		;2 cycle nop
  1682   000746  0000               	nop	
  1683   000748                     
  1684                           ;clcd.c: 48:     clcd_write(0x02, 0);
  1685   000748  0E00               	movlw	0
  1686   00074A  6E01               	movwf	clcd_write@control_bit^0,c
  1687   00074C  0E02               	movlw	2
  1688   00074E  EC5C  F004         	call	_clcd_write
  1689   000752                     
  1690                           ;clcd.c: 49:     _delay((unsigned long)((100)*(20000000/4000000.0)));
  1691   000752  0EA6               	movlw	166
  1692   000754                     u387:
  1693   000754  2EE8               	decfsz	wreg,f,c
  1694   000756  D7FE               	bra	u387
  1695   000758  D000               	nop2	
  1696   00075A                     
  1697                           ;clcd.c: 50:     clcd_write(0x38, 0);
  1698   00075A  0E00               	movlw	0
  1699   00075C  6E01               	movwf	clcd_write@control_bit^0,c
  1700   00075E  0E38               	movlw	56
  1701   000760  EC5C  F004         	call	_clcd_write
  1702   000764                     
  1703                           ;clcd.c: 51:     _delay((unsigned long)((100)*(20000000/4000000.0)));
  1704   000764  0EA6               	movlw	166
  1705   000766                     u397:
  1706   000766  2EE8               	decfsz	wreg,f,c
  1707   000768  D7FE               	bra	u397
  1708   00076A  D000               	nop2	
  1709   00076C                     
  1710                           ;clcd.c: 52:     clcd_write(0x01, 0);
  1711   00076C  0E00               	movlw	0
  1712   00076E  6E01               	movwf	clcd_write@control_bit^0,c
  1713   000770  0E01               	movlw	1
  1714   000772  EC5C  F004         	call	_clcd_write
  1715   000776                     
  1716                           ;clcd.c: 53:     _delay((unsigned long)((500)*(20000000/4000000.0)));
  1717   000776  0E04               	movlw	4
  1718   000778  6E03               	movwf	??_init_clcd^0,c
  1719   00077A  0E3E               	movlw	62
  1720   00077C                     u407:
  1721   00077C  2EE8               	decfsz	wreg,f,c
  1722   00077E  D7FE               	bra	u407
  1723   000780  2E03               	decfsz	??_init_clcd^0,f,c
  1724   000782  D7FC               	bra	u407
  1725   000784                     
  1726                           ;clcd.c: 54:     clcd_write(0x0C, 0);
  1727   000784  0E00               	movlw	0
  1728   000786  6E01               	movwf	clcd_write@control_bit^0,c
  1729   000788  0E0C               	movlw	12
  1730   00078A  EC5C  F004         	call	_clcd_write
  1731   00078E                     
  1732                           ;clcd.c: 55:     _delay((unsigned long)((100)*(20000000/4000000.0)));
  1733   00078E  0EA6               	movlw	166
  1734   000790                     u417:
  1735   000790  2EE8               	decfsz	wreg,f,c
  1736   000792  D7FE               	bra	u417
  1737   000794  D000               	nop2	
  1738   000796  0012               	return		;funcret
  1739   000798                     __end_of_init_clcd:
  1740                           	callstack 0
  1741                           
  1742 ;; *************** function _clcd_print *****************
  1743 ;; Defined at:
  1744 ;;		line 58 in file "clcd.c"
  1745 ;; Parameters:    Size  Location     Type
  1746 ;;  data            1    2[COMRAM] PTR const unsigned char 
  1747 ;;		 -> main@str(17), 
  1748 ;;  addr            1    3[COMRAM] unsigned char 
  1749 ;; Auto vars:     Size  Location     Type
  1750 ;;		None
  1751 ;; Return value:  Size  Location     Type
  1752 ;;                  1    wreg      void 
  1753 ;; Registers used:
  1754 ;;		wreg, fsr2l, fsr2h, status,2, status,0, cstack
  1755 ;; Tracked objects:
  1756 ;;		On entry : 0/0
  1757 ;;		On exit  : 0/0
  1758 ;;		Unchanged: 0/0
  1759 ;; Data sizes:     COMRAM   BANK0   BANK1   BANK2   BANK3   BANK4   BANK5
  1760 ;;      Params:         2       0       0       0       0       0       0
  1761 ;;      Locals:         0       0       0       0       0       0       0
  1762 ;;      Temps:          0       0       0       0       0       0       0
  1763 ;;      Totals:         2       0       0       0       0       0       0
  1764 ;;Total ram usage:        2 bytes
  1765 ;; Hardware stack levels used: 1
  1766 ;; Hardware stack levels required when called: 1
  1767 ;; This function calls:
  1768 ;;		_clcd_write
  1769 ;; This function is called by:
  1770 ;;		_main
  1771 ;; This function uses a non-reentrant model
  1772 ;;
  1773                           
  1774                           	psect	text6
  1775   0008F2                     __ptext6:
  1776                           	callstack 0
  1777   0008F2                     _clcd_print:
  1778                           	callstack 29
  1779   0008F2                     
  1780                           ;clcd.c: 58: void clcd_print(const unsigned char *data, unsigned char addr);clcd.c: 59: 
      +                          {;clcd.c: 60:  clcd_write(addr, 0);
  1781   0008F2  0E00               	movlw	0
  1782   0008F4  6E01               	movwf	clcd_write@control_bit^0,c
  1783   0008F6  5004               	movf	clcd_print@addr^0,w,c
  1784   0008F8  EC5C  F004         	call	_clcd_write
  1785                           
  1786                           ;clcd.c: 61:  while (*data != '\0')
  1787   0008FC  EF89  F004         	goto	l1141
  1788   000900                     l1137:
  1789                           
  1790                           ;clcd.c: 62:  {;clcd.c: 63:   clcd_write(*data++, 1);
  1791   000900  0E01               	movlw	1
  1792   000902  6E01               	movwf	clcd_write@control_bit^0,c
  1793   000904  5003               	movf	clcd_print@data^0,w,c
  1794   000906  6ED9               	movwf	fsr2l,c
  1795   000908  6ADA               	clrf	fsr2h,c
  1796   00090A  50DF               	movf	indf2,w,c
  1797   00090C  EC5C  F004         	call	_clcd_write
  1798   000910  2A03               	incf	clcd_print@data^0,f,c
  1799   000912                     l1141:
  1800                           
  1801                           ;clcd.c: 61:  while (*data != '\0')
  1802   000912  5003               	movf	clcd_print@data^0,w,c
  1803   000914  6ED9               	movwf	fsr2l,c
  1804   000916  6ADA               	clrf	fsr2h,c
  1805   000918  50DF               	movf	indf2,w,c
  1806   00091A  A4D8               	btfss	status,2,c
  1807   00091C  EF92  F004         	goto	u251
  1808   000920  EF94  F004         	goto	u250
  1809   000924                     u251:
  1810   000924  EF80  F004         	goto	l1137
  1811   000928                     u250:
  1812   000928  0012               	return		;funcret
  1813   00092A                     __end_of_clcd_print:
  1814                           	callstack 0
  1815                           
  1816 ;; *************** function _clcd_write *****************
  1817 ;; Defined at:
  1818 ;;		line 4 in file "clcd.c"
  1819 ;; Parameters:    Size  Location     Type
  1820 ;;  byte            1    wreg     unsigned char 
  1821 ;;  control_bit     1    0[COMRAM] unsigned char 
  1822 ;; Auto vars:     Size  Location     Type
  1823 ;;  byte            1    1[COMRAM] unsigned char 
  1824 ;; Return value:  Size  Location     Type
  1825 ;;                  1    wreg      void 
  1826 ;; Registers used:
  1827 ;;		wreg
  1828 ;; Tracked objects:
  1829 ;;		On entry : 0/0
  1830 ;;		On exit  : 0/0
  1831 ;;		Unchanged: 0/0
  1832 ;; Data sizes:     COMRAM   BANK0   BANK1   BANK2   BANK3   BANK4   BANK5
  1833 ;;      Params:         1       0       0       0       0       0       0
  1834 ;;      Locals:         1       0       0       0       0       0       0
  1835 ;;      Temps:          0       0       0       0       0       0       0
  1836 ;;      Totals:         2       0       0       0       0       0       0
  1837 ;;Total ram usage:        2 bytes
  1838 ;; Hardware stack levels used: 1
  1839 ;; This function calls:
  1840 ;;		Nothing
  1841 ;; This function is called by:
  1842 ;;		_init_clcd
  1843 ;;		_clcd_print
  1844 ;;		_clcd_putch
  1845 ;; This function uses a non-reentrant model
  1846 ;;
  1847                           
  1848                           	psect	text7
  1849   0008B8                     __ptext7:
  1850                           	callstack 0
  1851   0008B8                     _clcd_write:
  1852                           	callstack 28
  1853                           
  1854                           ;incstack = 0
  1855                           ;clcd_write@byte stored from wreg
  1856   0008B8  6E02               	movwf	clcd_write@byte^0,c
  1857   0008BA                     
  1858                           ;clcd.c: 4: void clcd_write(unsigned char byte, unsigned char control_bit);clcd.c: 5: {;
      +                          clcd.c: 6:  RC1 = control_bit;
  1859   0008BA  B001               	btfsc	clcd_write@control_bit^0,0,c
  1860   0008BC  EF62  F004         	goto	u201
  1861   0008C0  EF65  F004         	goto	u200
  1862   0008C4                     u201:
  1863   0008C4  8282               	bsf	3970,1,c	;volatile
  1864   0008C6  EF66  F004         	goto	u215
  1865   0008CA                     u200:
  1866   0008CA  9282               	bcf	3970,1,c	;volatile
  1867   0008CC                     u215:
  1868   0008CC                     
  1869                           ;clcd.c: 7:  PORTD = byte;
  1870   0008CC  C002  FF83         	movff	clcd_write@byte,3971	;volatile
  1871   0008D0                     
  1872                           ;clcd.c: 10:  RC2 = 1;
  1873   0008D0  8482               	bsf	3970,2,c	;volatile
  1874   0008D2                     
  1875                           ;clcd.c: 11:  RC2 = 0;
  1876   0008D2  9482               	bcf	3970,2,c	;volatile
  1877   0008D4                     
  1878                           ;clcd.c: 13:  TRISD7 = 0xFF;
  1879   0008D4  8E95               	bsf	3989,7,c	;volatile
  1880   0008D6                     
  1881                           ;clcd.c: 14:  RC0 = 1;
  1882   0008D6  8082               	bsf	3970,0,c	;volatile
  1883   0008D8                     
  1884                           ;clcd.c: 15:  RC1 = 0;
  1885   0008D8  9282               	bcf	3970,1,c	;volatile
  1886   0008DA                     l1059:
  1887                           
  1888                           ;clcd.c: 18:  {;clcd.c: 19:   RC2 = 1;
  1889   0008DA  8482               	bsf	3970,2,c	;volatile
  1890   0008DC                     
  1891                           ;clcd.c: 20:   RC2 = 0;
  1892   0008DC  9482               	bcf	3970,2,c	;volatile
  1893   0008DE                     
  1894                           ;clcd.c: 21:  } while (RD7);
  1895   0008DE  BE83               	btfsc	3971,7,c	;volatile
  1896   0008E0  EF74  F004         	goto	u221
  1897   0008E4  EF76  F004         	goto	u220
  1898   0008E8                     u221:
  1899   0008E8  EF6D  F004         	goto	l1059
  1900   0008EC                     u220:
  1901   0008EC                     
  1902                           ;clcd.c: 23:  RC0 = 0;
  1903   0008EC  9082               	bcf	3970,0,c	;volatile
  1904                           
  1905                           ;clcd.c: 24:  TRISD7 = 0x00;
  1906   0008EE  9E95               	bcf	3989,7,c	;volatile
  1907   0008F0  0012               	return		;funcret
  1908   0008F2                     __end_of_clcd_write:
  1909                           	callstack 0
  1910                           
  1911                           	psect	smallconst
  1912   000600                     __psmallconst:
  1913                           	callstack 0
  1914   000600  00                 	db	0
  1915   000601  00                 	db	0	; dummy byte at the end
  1916   000600                     __smallconst    set	__psmallconst
  1917   000600                     __mediumconst   set	__psmallconst
  1918   000000                     __activetblptr  equ	0
  1919                           
  1920                           	psect	rparam
  1921   000001                     ___rparam_used  equ	1
  1922   000000                     ___param_bank   equ	0
  1923   000000                     __Lparam        equ	__Lrparam
  1924   000000                     __Hparam        equ	__Hrparam
  1925                           
  1926                           	psect	idloc
  1927                           
  1928                           ;Config register IDLOC0 @ 0x200000
  1929                           ;	unspecified, using default values
  1930   200000                     	org	2097152
  1931   200000  FF                 	db	255
  1932                           
  1933                           ;Config register IDLOC1 @ 0x200001
  1934                           ;	unspecified, using default values
  1935   200001                     	org	2097153
  1936   200001  FF                 	db	255
  1937                           
  1938                           ;Config register IDLOC2 @ 0x200002
  1939                           ;	unspecified, using default values
  1940   200002                     	org	2097154
  1941   200002  FF                 	db	255
  1942                           
  1943                           ;Config register IDLOC3 @ 0x200003
  1944                           ;	unspecified, using default values
  1945   200003                     	org	2097155
  1946   200003  FF                 	db	255
  1947                           
  1948                           ;Config register IDLOC4 @ 0x200004
  1949                           ;	unspecified, using default values
  1950   200004                     	org	2097156
  1951   200004  FF                 	db	255
  1952                           
  1953                           ;Config register IDLOC5 @ 0x200005
  1954                           ;	unspecified, using default values
  1955   200005                     	org	2097157
  1956   200005  FF                 	db	255
  1957                           
  1958                           ;Config register IDLOC6 @ 0x200006
  1959                           ;	unspecified, using default values
  1960   200006                     	org	2097158
  1961   200006  FF                 	db	255
  1962                           
  1963                           ;Config register IDLOC7 @ 0x200007
  1964                           ;	unspecified, using default values
  1965   200007                     	org	2097159
  1966   200007  FF                 	db	255
  1967                           
  1968                           	psect	config
  1969                           
  1970                           ; Padding undefined space
  1971   300000                     	org	3145728
  1972   300000  FF                 	db	255
  1973                           
  1974                           ;Config register CONFIG1H @ 0x300001
  1975                           ;	unspecified, using default values
  1976                           ;	Oscillator Selection bits
  1977                           ;	OSC = 0x7, unprogrammed default
  1978                           ;	Fail-Safe Clock Monitor Enable bit
  1979                           ;	FCMEN = 0x0, unprogrammed default
  1980                           ;	Internal/External Oscillator Switchover bit
  1981                           ;	IESO = 0x0, unprogrammed default
  1982   300001                     	org	3145729
  1983   300001  07                 	db	7
  1984                           
  1985                           ;Config register CONFIG2L @ 0x300002
  1986                           ;	unspecified, using default values
  1987                           ;	Power-up Timer Enable bit
  1988                           ;	PWRT = 0x1, unprogrammed default
  1989                           ;	Brown-out Reset Enable bits
  1990                           ;	BOREN = 0x3, unprogrammed default
  1991                           ;	Brown-out Reset Voltage bits
  1992                           ;	BORV = 0x3, unprogrammed default
  1993   300002                     	org	3145730
  1994   300002  1F                 	db	31
  1995                           
  1996                           ;Config register CONFIG2H @ 0x300003
  1997                           ;	unspecified, using default values
  1998                           ;	Watchdog Timer Enable bit
  1999                           ;	WDT = 0x1, unprogrammed default
  2000                           ;	Watchdog Timer Postscale Select bits
  2001                           ;	WDTPS = 0xF, unprogrammed default
  2002   300003                     	org	3145731
  2003   300003  1F                 	db	31
  2004                           
  2005                           ; Padding undefined space
  2006   300004                     	org	3145732
  2007   300004  FF                 	db	255
  2008                           
  2009                           ;Config register CONFIG3H @ 0x300005
  2010                           ;	unspecified, using default values
  2011                           ;	PORTB A/D Enable bit
  2012                           ;	PBADEN = 0x1, unprogrammed default
  2013                           ;	Low-Power Timer 1 Oscillator Enable bit
  2014                           ;	LPT1OSC = 0x0, unprogrammed default
  2015                           ;	MCLR Pin Enable bit
  2016                           ;	MCLRE = 0x1, unprogrammed default
  2017   300005                     	org	3145733
  2018   300005  82                 	db	130
  2019                           
  2020                           ;Config register CONFIG4L @ 0x300006
  2021                           ;	unspecified, using default values
  2022                           ;	Stack Full/Underflow Reset Enable bit
  2023                           ;	STVREN = 0x1, unprogrammed default
  2024                           ;	Single-Supply ICSP Enable bit
  2025                           ;	LVP = 0x1, unprogrammed default
  2026                           ;	Boot Block Size Select bit
  2027                           ;	BBSIZ = 0x0, unprogrammed default
  2028                           ;	Extended Instruction Set Enable bit
  2029                           ;	XINST = 0x0, unprogrammed default
  2030                           ;	Background Debugger Enable bit
  2031                           ;	DEBUG = 0x1, unprogrammed default
  2032   300006                     	org	3145734
  2033   300006  85                 	db	133
  2034                           
  2035                           ; Padding undefined space
  2036   300007                     	org	3145735
  2037   300007  FF                 	db	255
  2038                           
  2039                           ;Config register CONFIG5L @ 0x300008
  2040                           ;	unspecified, using default values
  2041                           ;	Code Protection bit
  2042                           ;	CP0 = 0x1, unprogrammed default
  2043                           ;	Code Protection bit
  2044                           ;	CP1 = 0x1, unprogrammed default
  2045                           ;	Code Protection bit
  2046                           ;	CP2 = 0x1, unprogrammed default
  2047                           ;	Code Protection bit
  2048                           ;	CP3 = 0x1, unprogrammed default
  2049   300008                     	org	3145736
  2050   300008  0F                 	db	15
  2051                           
  2052                           ;Config register CONFIG5H @ 0x300009
  2053                           ;	unspecified, using default values
  2054                           ;	Boot Block Code Protection bit
  2055                           ;	CPB = 0x1, unprogrammed default
  2056                           ;	Data EEPROM Code Protection bit
  2057                           ;	CPD = 0x1, unprogrammed default
  2058   300009                     	org	3145737
  2059   300009  C0                 	db	192
  2060                           
  2061                           ;Config register CONFIG6L @ 0x30000A
  2062                           ;	unspecified, using default values
  2063                           ;	Write Protection bit
  2064                           ;	WRT0 = 0x1, unprogrammed default
  2065                           ;	Write Protection bit
  2066                           ;	WRT1 = 0x1, unprogrammed default
  2067                           ;	Write Protection bit
  2068                           ;	WRT2 = 0x1, unprogrammed default
  2069                           ;	Write Protection bit
  2070                           ;	WRT3 = 0x1, unprogrammed default
  2071   30000A                     	org	3145738
  2072   30000A  0F                 	db	15
  2073                           
  2074                           ;Config register CONFIG6H @ 0x30000B
  2075                           ;	unspecified, using default values
  2076                           ;	Configuration Register Write Protection bit
  2077                           ;	WRTC = 0x1, unprogrammed default
  2078                           ;	Boot Block Write Protection bit
  2079                           ;	WRTB = 0x1, unprogrammed default
  2080                           ;	Data EEPROM Write Protection bit
  2081                           ;	WRTD = 0x1, unprogrammed default
  2082   30000B                     	org	3145739
  2083   30000B  E0                 	db	224
  2084                           
  2085                           ;Config register CONFIG7L @ 0x30000C
  2086                           ;	unspecified, using default values
  2087                           ;	Table Read Protection bit
  2088                           ;	EBTR0 = 0x1, unprogrammed default
  2089                           ;	Table Read Protection bit
  2090                           ;	EBTR1 = 0x1, unprogrammed default
  2091                           ;	Table Read Protection bit
  2092                           ;	EBTR2 = 0x1, unprogrammed default
  2093                           ;	Table Read Protection bit
  2094                           ;	EBTR3 = 0x1, unprogrammed default
  2095   30000C                     	org	3145740
  2096   30000C  0F                 	db	15
  2097                           
  2098                           ;Config register CONFIG7H @ 0x30000D
  2099                           ;	unspecified, using default values
  2100                           ;	Boot Block Table Read Protection bit
  2101                           ;	EBTRB = 0x1, unprogrammed default
  2102   30000D                     	org	3145741
  2103   30000D  40                 	db	64
  2104                           tosu	equ	0xFFF
  2105                           tosh	equ	0xFFE
  2106                           tosl	equ	0xFFD
  2107                           stkptr	equ	0xFFC
  2108                           pclatu	equ	0xFFB
  2109                           pclath	equ	0xFFA
  2110                           pcl	equ	0xFF9
  2111                           tblptru	equ	0xFF8
  2112                           tblptrh	equ	0xFF7
  2113                           tblptrl	equ	0xFF6
  2114                           tablat	equ	0xFF5
  2115                           prodh	equ	0xFF4
  2116                           prodl	equ	0xFF3
  2117                           indf0	equ	0xFEF
  2118                           postinc0	equ	0xFEE
  2119                           postdec0	equ	0xFED
  2120                           preinc0	equ	0xFEC
  2121                           plusw0	equ	0xFEB
  2122                           fsr0h	equ	0xFEA
  2123                           fsr0l	equ	0xFE9
  2124                           wreg	equ	0xFE8
  2125                           indf1	equ	0xFE7
  2126                           postinc1	equ	0xFE6
  2127                           postdec1	equ	0xFE5
  2128                           preinc1	equ	0xFE4
  2129                           plusw1	equ	0xFE3
  2130                           fsr1h	equ	0xFE2
  2131                           fsr1l	equ	0xFE1
  2132                           bsr	equ	0xFE0
  2133                           indf2	equ	0xFDF
  2134                           postinc2	equ	0xFDE
  2135                           postdec2	equ	0xFDD
  2136                           preinc2	equ	0xFDC
  2137                           plusw2	equ	0xFDB
  2138                           fsr2h	equ	0xFDA
  2139                           fsr2l	equ	0xFD9
  2140                           status	equ	0xFD8

Data Sizes:
    Strings     0
    Constant    0
    Data        18
    BSS         0
    Persistent  0
    Stack       0

Auto Spaces:
    Space          Size  Autos    Used
    COMRAM           95     28      46
    BANK0           160      0       0
    BANK1           256      0       0
    BANK2           256      0       0
    BANK3           256      0       0
    BANK4           256      0       0
    BANK5           256      0       0

Pointer List with Targets:

    clcd_print@data	PTR const unsigned char  size(1) Largest target is 17
		 -> main@str(COMRAM[17]), 

    towardsLeft@str	PTR unsigned char  size(1) Largest target is 17
		 -> main@str(COMRAM[17]), 

    towardsRight@str	PTR unsigned char  size(1) Largest target is 17
		 -> main@str(COMRAM[17]), 


Critical Paths under _main in COMRAM

    _main->_clcd_print
    _main->_towardsLeft
    _main->_towardsRight
    _init_config->_init_clcd
    _init_clcd->_clcd_write
    _clcd_print->_clcd_write

Critical Paths under _main in BANK0

    None.

Critical Paths under _main in BANK1

    None.

Critical Paths under _main in BANK2

    None.

Critical Paths under _main in BANK3

    None.

Critical Paths under _main in BANK4

    None.

Critical Paths under _main in BANK5

    None.

Call Graph Tables:

 ---------------------------------------------------------------------------------
 (Depth) Function   	        Calls       Base Space   Used Autos Params    Refs
 ---------------------------------------------------------------------------------
 (0) _main                                                24    24      0     849
                                              4 COMRAM    24    24      0
                         _clcd_print
                        _init_config
                  _read_digit_keypad
                        _towardsLeft
                       _towardsRight
 ---------------------------------------------------------------------------------
 (1) _towardsRight                                         4     3      1     202
                                              0 COMRAM     4     3      1
 ---------------------------------------------------------------------------------
 (1) _towardsLeft                                          4     3      1     202
                                              0 COMRAM     4     3      1
 ---------------------------------------------------------------------------------
 (1) _read_digit_keypad                                    1     1      0      30
                                              0 COMRAM     1     1      0
 ---------------------------------------------------------------------------------
 (1) _init_config                                          0     0      0      62
                          _init_clcd
 ---------------------------------------------------------------------------------
 (2) _init_clcd                                            1     1      0      62
                                              2 COMRAM     1     1      0
                         _clcd_write
 ---------------------------------------------------------------------------------
 (1) _clcd_print                                           2     0      2     131
                                              2 COMRAM     2     0      2
                         _clcd_write
 ---------------------------------------------------------------------------------
 (3) _clcd_write                                           2     1      1      62
                                              0 COMRAM     2     1      1
 ---------------------------------------------------------------------------------
 Estimated maximum stack depth 3
 ---------------------------------------------------------------------------------

 Call Graph Graphs:

 _main (ROOT)
   _clcd_print
     _clcd_write
   _init_config
     _init_clcd
       _clcd_write
   _read_digit_keypad
   _towardsLeft
   _towardsRight

Address spaces:
Name               Size   Autos  Total    Usage
BIGRAM            1535      0       0      0.0%
BITBIGSFRl         642      0       0      0.0%
BITBANK5           256      0       0      0.0%
BANK5              256      0       0      0.0%
BITBANK4           256      0       0      0.0%
BANK4              256      0       0      0.0%
BITBANK3           256      0       0      0.0%
BANK3              256      0       0      0.0%
BITBANK2           256      0       0      0.0%
BANK2              256      0       0      0.0%
BITBANK1           256      0       0      0.0%
BANK1              256      0       0      0.0%
BITBANK0           160      0       0      0.0%
BANK0              160      0       0      0.0%
BITBIGSFRh         125      0       0      0.0%
BITCOMRAM           95      0       0      0.0%
COMRAM              95     28      46     48.4%
STACK                0      0       0      0.0%
DATA                 0      0      46      0.0%


Microchip Technology PIC18 Macro Assembler V3.10 build 20250813170317 
Symbol Table                                                                                   Tue Mar 31 11:36:38 2026

              clcd_print@addr 0004                clcd_print@data 0003                            l41 0806  
                          l19 0966                            l51 085E                            l56 08B6  
                          l82 0796                            l78 08EC                            l79 08F0  
                          l88 0928                            u40 07AA                            u41 07A6  
                          u50 07C2                            u51 07BE                            u60 07D6  
                          u61 07D2                            u70 07E6                            u71 07E2  
                          u80 0800                            u81 07FC                           l943 07B2  
                         l935 079A                           l945 07C2                           l961 0804  
                         l937 07AA                           l947 07D6                           l949 07E6  
                         l957 07EC                           l959 0800                           _RC0 7C10  
                         _RC1 7C11                           _RC2 7C12                           _RD7 7C1F  
                         u200 08CA                           u201 08C4                           u220 08EC  
                         u300 069A                           u221 08E8                           u301 0694  
                         u230 08A8                           u310 069C                           u215 08CC  
                         u231 08A4                           u240 0854                           u320 06B2  
                         u241 0850                           u321 06AE                           u250 0928  
                         u330 06C4                           u251 0924                           u331 06C0  
                         u261 0610                           u270 063E                           u407 077C  
                         u271 063A                           u280 0662                           u417 0790  
                         u281 065E                           u290 0686                           u347 06DE  
                         u291 0682                           u357 0702                           u367 071C  
                         u377 0732                           u387 0754                           u397 0766  
                         wreg 0FE8                          l1101 0962                          l1111 0870  
                        l1103 0860                          l1113 0888                          l1105 086A  
                        l1121 0816                          l1051 08D2                          l1115 088C  
                        l1131 083A                          l1061 08DC                          l1053 08D4  
                        l1045 08BA                          l1141 0912                          l1117 08A8  
                        l1133 0854                          l1063 08DE                          l1055 08D6  
                        l1047 08CC                          l1135 08F2                          l1071 06FC  
                        l1127 081C                          l1119 0808                          l1151 061E  
                        l1143 0602                          l1057 08D8                          l1049 08D0  
                        l1137 0900                          l1081 0738                          l1073 070C  
                        l1065 06F2                          l1129 0834                          l1161 0650  
                        l1153 0624                          l1145 0606                          l1059 08DA  
                        l1139 0910                          l1091 0764                          l1083 0742  
                        l1075 0716                          l1067 06F4                          l1171 06B2  
                        l1163 0662                          l1155 062C                          l1147 0618  
                        l1093 076C                          l1085 0748                          l1077 0726  
                        l1069 06FA                          l1173 06C4                          l1165 066A  
                        l1157 063E                          l1149 0618                          l1095 0776  
                        l1087 0752                          l1079 0730                          l1175 06C8  
                        l1167 0674                          l1159 0646                          l1097 0784  
                        l1089 075A                          l1169 0686                          l1177 06C8  
                        l1099 078E                          l1179 06D4                          _main 0602  
                        _once 002E                          fsr1h 0FE2                          fsr2h 0FDA  
                        indf1 0FE7                          indf2 0FDF                          fsr1l 0FE1  
                        fsr2l 0FD9                   _towardsLeft 0860                          start 7FFC  
                ___param_bank 0000                clcd_write@byte 0002                         ?_main 0001  
                ?_init_config 0001                         _PORTC 0F82                         _PORTD 0F83  
                       _TRISC 0F94                         _TRISD 0F95                  _towardsRight 0808  
                       tablat 0FF5                         plusw1 0FE3                         plusw2 0FDB  
                       status 0FD8               __initialization 092A                  __end_of_main 06F2  
                      ??_main 0005                 __activetblptr 0000                        _TRISD7 7CAF  
                      isa$std 0001                  __pdataCOMRAM 001D                  __mediumconst 0600  
                      tblptrh 0FF7                        tblptrl 0FF6                        tblptru 0FF8  
           _read_digit_keypad 0798            ?_read_digit_keypad 0001                    __accesstop 0060  
     __end_of__initialization 094A                 ___rparam_used 0001           ??_read_digit_keypad 0001  
              __pcstackCOMRAM 0001     __end_of_read_digit_keypad 0808                  ?_towardsLeft 0001  
                  _clcd_print 08F2                    _clcd_write 08B8                  towardsLeft@i 0003  
                     __Hparam 0000  read_digit_keypad@detect_type 0001                       __Lparam 0000  
                __psmallconst 0600                       __pcinit 092A                       __ramtop 0600  
                     __ptext0 0602                       __ptext1 0808                       __ptext2 0860  
                     __ptext3 0798                       __ptext4 0962                       __ptext5 06F2  
                     __ptext6 08F2                       __ptext7 08B8             __end_of_init_clcd 0798  
              towardsLeft@str 0001                       main@key 001C                       main@str 0007  
        end_of_initialization 094A                   ?_clcd_print 0003                   ?_clcd_write 0001  
                     postdec1 0FE5                       postinc0 0FEE                    main@F10499 001D  
                  main@status 001A                 __pidataCOMRAM 0950           start_initialization 092A  
               ??_init_config 0004                 ?_towardsRight 0001                   __smallconst 0600  
                   _init_clcd 06F2           __end_of_init_config 0968                ??_towardsRight 0002  
            towardsLeft@first 0002                 towardsRight@i 0003                  ??_clcd_print 0005  
                ??_clcd_write 0002         clcd_write@control_bit 0001            __end_of_clcd_print 092A  
          __end_of_clcd_write 08F2                    ?_init_clcd 0001                     copy_data0 093E  
            towardsRight@last 0002                      __Hrparam 0000                      __Lrparam 0000  
                 _init_config 0962                 ??_towardsLeft 0002                      isa$xinst 0000  
        __end_of_towardsRight 0860                      main@mode 0018               towardsRight@str 0001  
                 ??_init_clcd 0003           __end_of_towardsLeft 08B8  
