

Microchip MPLAB XC8 Assembler V3.10 build 20250813170317 
                                                                                               Tue Mar 31 10:14:58 2026

Microchip MPLAB XC8 C Compiler v3.10 (Free license) build 20250813170317 Og1 
     1                           	processor	18F4580
     2                           	fnconf	rparam,??,?,0
     3                           	pagewidth 120
     4                           	opt	flic
     5                           	psect	idataCOMRAM,global,class=CODE,space=0,delta=1,noexec
     6                           	psect	cinit,global,reloc=2,class=CODE,space=0,delta=1
     7                           	psect	bssCOMRAM,global,class=COMRAM,space=1,delta=1,lowdata,noexec
     8                           	psect	dataCOMRAM,global,class=COMRAM,space=1,delta=1,lowdata,noexec
     9                           	psect	cstackCOMRAM,global,class=COMRAM,space=1,delta=1,lowdata,noexec
    10                           	psect	text0,global,reloc=2,class=CODE,space=0,delta=1
    11                           	psect	text1,global,reloc=2,class=CODE,space=0,delta=1
    12                           	psect	text2,global,reloc=2,class=CODE,space=0,delta=1
    13                           	psect	text3,global,reloc=2,class=CODE,space=0,delta=1,group=1
    14                           	psect	text4,global,reloc=2,class=CODE,space=0,delta=1,group=1
    15                           	psect	intcode,global,reloc=2,class=CODE,space=0,delta=1
    16                           	psect	intcode_body,global,reloc=2,class=CODE,space=0,delta=1
    17                           	psect	smallconst,global,reloc=2,class=SMALLCONST,space=0,delta=1,noexec
    18                           	psect	intsave_regs,global,class=BIGRAM,space=1,delta=1,noexec
    19                           	psect	rparam,global,class=COMRAM,space=1,delta=1,noexec
    20                           	psect	idloc,global,abs,ovrld,class=IDLOC,space=5,delta=1,noexec
    21                           	psect	config,global,abs,ovrld,class=CONFIG,space=4,delta=1,noexec
    22                           	dabs	1,0x1,1
    23   000000                     
    24                           ; Version 2.40
    25                           ; Generated 17/11/2021 GMT
    26                           ; 
    27                           ; Copyright © 2021, Microchip Technology Inc. and its subsidiaries ("Microchip")
    28                           ; All rights reserved.
    29                           ; 
    30                           ; This software is developed by Microchip Technology Inc. and its subsidiaries ("Microch
      +                          ip").
    31                           ; 
    32                           ; Redistribution and use in source and binary forms, with or without modification, are
    33                           ; permitted provided that the following conditions are met:
    34                           ; 
    35                           ;     1. Redistributions of source code must retain the above copyright notice, this lis
      +                          t of
    36                           ;        conditions and the following disclaimer.
    37                           ; 
    38                           ;     2. Redistributions in binary form must reproduce the above copyright notice, this 
      +                          list
    39                           ;        of conditions and the following disclaimer in the documentation and/or other
    40                           ;        materials provided with the distribution. Publication is not required when
    41                           ;        this file is used in an embedded application.
    42                           ; 
    43                           ;     3. Microchip's name may not be used to endorse or promote products derived from th
      +                          is
    44                           ;        software without specific prior written permission.
    45                           ; 
    46                           ; THIS SOFTWARE IS PROVIDED BY MICROCHIP "AS IS" AND ANY EXPRESS OR IMPLIED WARRANTIES,
    47                           ; INCLUDING, BUT NOT LIMITED TO, THE IMPLIED WARRANTIES OF MERCHANTABILITY AND FITNESS F
      +                          OR
    48                           ; PURPOSE ARE DISCLAIMED.  IN NO EVENT SHALL MICROCHIP BE LIABLE FOR ANY DIRECT, INDIREC
      +                          T,
    49                           ; INCIDENTAL, SPECIAL, EXEMPLARY, OR CONSEQUENTIAL DAMAGES (INCLUDING BUT NOT LIMITED TO
    50                           ; PROCUREMENT OF SUBSTITUTE GOODS OR SERVICES; LOSS OF USE, DATA OR PROFITS; OR BUSINESS
    51                           ; INTERRUPTION) HOWSOEVER CAUSED AND ON ANY THEORY OF LIABILITY, WHETHER IN CONTRACT, ST
      +                          RICT
    52                           ; LIABILITY, OR TORT (INCLUDING NEGLIGENCE OR OTHERWISE) ARISING IN ANY WAY OUT OF THE U
      +                          SE OF
    53                           ; THIS SOFTWARE, EVEN IF ADVISED OF THE POSSIBILITY OF SUCH DAMAGE.
    54                           ; 
    55                           ; 
    56                           ; Code-generator required, PIC18F4580 Definitions
    57                           ; 
    58                           ; SFR Addresses
    59   000FE0                     bsr             equ	4064
    60   000FE9                     fsr0            equ	4073
    61   000FEA                     fsr0h           equ	4074
    62   000FE9                     fsr0l           equ	4073
    63   000FE1                     fsr1            equ	4065
    64   000FE2                     fsr1h           equ	4066
    65   000FE1                     fsr1l           equ	4065
    66   000FD9                     fsr2            equ	4057
    67   000FDA                     fsr2h           equ	4058
    68   000FD9                     fsr2l           equ	4057
    69   000FEF                     indf0           equ	4079
    70   000FE7                     indf1           equ	4071
    71   000FDF                     indf2           equ	4063
    72   000FF2                     intcon          equ	4082
    73   000000                     nvmcon          equ	0
    74   000FF9                     pcl             equ	4089
    75   000FFA                     pclath          equ	4090
    76   000FFB                     pclatu          equ	4091
    77   000FEB                     plusw0          equ	4075
    78   000FE3                     plusw1          equ	4067
    79   000FDB                     plusw2          equ	4059
    80   000FED                     postdec0        equ	4077
    81   000FE5                     postdec1        equ	4069
    82   000FDD                     postdec2        equ	4061
    83   000FEE                     postinc0        equ	4078
    84   000FE6                     postinc1        equ	4070
    85   000FDE                     postinc2        equ	4062
    86   000FEC                     preinc0         equ	4076
    87   000FE4                     preinc1         equ	4068
    88   000FDC                     preinc2         equ	4060
    89   000FF3                     prod            equ	4083
    90   000FF4                     prodh           equ	4084
    91   000FF3                     prodl           equ	4083
    92   000FD8                     status          equ	4056
    93   000FF5                     tablat          equ	4085
    94   000FF6                     tblptr          equ	4086
    95   000FF7                     tblptrh         equ	4087
    96   000FF6                     tblptrl         equ	4086
    97   000FF8                     tblptru         equ	4088
    98   000FFD                     tosl            equ	4093
    99   000FE8                     wreg            equ	4072
   100   000D60                     RXF6SIDH        equ	3424	;# 
   101   000D61                     RXF6SIDL        equ	3425	;# 
   102   000D62                     RXF6EIDH        equ	3426	;# 
   103   000D63                     RXF6EIDL        equ	3427	;# 
   104   000D64                     RXF7SIDH        equ	3428	;# 
   105   000D65                     RXF7SIDL        equ	3429	;# 
   106   000D66                     RXF7EIDH        equ	3430	;# 
   107   000D67                     RXF7EIDL        equ	3431	;# 
   108   000D68                     RXF8SIDH        equ	3432	;# 
   109   000D69                     RXF8SIDL        equ	3433	;# 
   110   000D6A                     RXF8EIDH        equ	3434	;# 
   111   000D6B                     RXF8EIDL        equ	3435	;# 
   112   000D70                     RXF9SIDH        equ	3440	;# 
   113   000D71                     RXF9SIDL        equ	3441	;# 
   114   000D72                     RXF9EIDH        equ	3442	;# 
   115   000D73                     RXF9EIDL        equ	3443	;# 
   116   000D74                     RXF10SIDH       equ	3444	;# 
   117   000D75                     RXF10SIDL       equ	3445	;# 
   118   000D76                     RXF10EIDH       equ	3446	;# 
   119   000D77                     RXF10EIDL       equ	3447	;# 
   120   000D78                     RXF11SIDH       equ	3448	;# 
   121   000D79                     RXF11SIDL       equ	3449	;# 
   122   000D7A                     RXF11EIDH       equ	3450	;# 
   123   000D7B                     RXF11EIDL       equ	3451	;# 
   124   000D80                     RXF12SIDH       equ	3456	;# 
   125   000D81                     RXF12SIDL       equ	3457	;# 
   126   000D82                     RXF12EIDH       equ	3458	;# 
   127   000D83                     RXF12EIDL       equ	3459	;# 
   128   000D84                     RXF13SIDH       equ	3460	;# 
   129   000D85                     RXF13SIDL       equ	3461	;# 
   130   000D86                     RXF13EIDH       equ	3462	;# 
   131   000D87                     RXF13EIDL       equ	3463	;# 
   132   000D88                     RXF14SIDH       equ	3464	;# 
   133   000D89                     RXF14SIDL       equ	3465	;# 
   134   000D8A                     RXF14EIDH       equ	3466	;# 
   135   000D8B                     RXF14EIDL       equ	3467	;# 
   136   000D90                     RXF15SIDH       equ	3472	;# 
   137   000D91                     RXF15SIDL       equ	3473	;# 
   138   000D92                     RXF15EIDH       equ	3474	;# 
   139   000D93                     RXF15EIDL       equ	3475	;# 
   140   000DD4                     RXFCON0         equ	3540	;# 
   141   000DD5                     RXFCON1         equ	3541	;# 
   142   000DD8                     SDFLC           equ	3544	;# 
   143   000DE0                     RXFBCON0        equ	3552	;# 
   144   000DE1                     RXFBCON1        equ	3553	;# 
   145   000DE2                     RXFBCON2        equ	3554	;# 
   146   000DE3                     RXFBCON3        equ	3555	;# 
   147   000DE4                     RXFBCON4        equ	3556	;# 
   148   000DE5                     RXFBCON5        equ	3557	;# 
   149   000DE6                     RXFBCON6        equ	3558	;# 
   150   000DE7                     RXFBCON7        equ	3559	;# 
   151   000DF0                     MSEL0           equ	3568	;# 
   152   000DF1                     MSEL1           equ	3569	;# 
   153   000DF2                     MSEL2           equ	3570	;# 
   154   000DF3                     MSEL3           equ	3571	;# 
   155   000DF8                     BSEL0           equ	3576	;# 
   156   000DFA                     BIE0            equ	3578	;# 
   157   000DFC                     TXBIE           equ	3580	;# 
   158   000E20                     B0CON           equ	3616	;# 
   159   000E21                     B0SIDH          equ	3617	;# 
   160   000E22                     B0SIDL          equ	3618	;# 
   161   000E23                     B0EIDH          equ	3619	;# 
   162   000E24                     B0EIDL          equ	3620	;# 
   163   000E25                     B0DLC           equ	3621	;# 
   164   000E26                     B0D0            equ	3622	;# 
   165   000E27                     B0D1            equ	3623	;# 
   166   000E28                     B0D2            equ	3624	;# 
   167   000E29                     B0D3            equ	3625	;# 
   168   000E2A                     B0D4            equ	3626	;# 
   169   000E2B                     B0D5            equ	3627	;# 
   170   000E2C                     B0D6            equ	3628	;# 
   171   000E2D                     B0D7            equ	3629	;# 
   172   000E2E                     CANSTAT_RO9     equ	3630	;# 
   173   000E2F                     CANCON_RO9      equ	3631	;# 
   174   000E30                     B1CON           equ	3632	;# 
   175   000E31                     B1SIDH          equ	3633	;# 
   176   000E32                     B1SIDL          equ	3634	;# 
   177   000E33                     B1EIDH          equ	3635	;# 
   178   000E34                     B1EIDL          equ	3636	;# 
   179   000E35                     B1DLC           equ	3637	;# 
   180   000E36                     B1D0            equ	3638	;# 
   181   000E37                     B1D1            equ	3639	;# 
   182   000E38                     B1D2            equ	3640	;# 
   183   000E39                     B1D3            equ	3641	;# 
   184   000E3A                     B1D4            equ	3642	;# 
   185   000E3B                     B1D5            equ	3643	;# 
   186   000E3C                     B1D6            equ	3644	;# 
   187   000E3D                     B1D7            equ	3645	;# 
   188   000E3E                     CANSTAT_RO8     equ	3646	;# 
   189   000E3F                     CANCON_RO8      equ	3647	;# 
   190   000E40                     B2CON           equ	3648	;# 
   191   000E41                     B2SIDH          equ	3649	;# 
   192   000E42                     B2SIDL          equ	3650	;# 
   193   000E43                     B2EIDH          equ	3651	;# 
   194   000E44                     B2EIDL          equ	3652	;# 
   195   000E45                     B2DLC           equ	3653	;# 
   196   000E46                     B2D0            equ	3654	;# 
   197   000E47                     B2D1            equ	3655	;# 
   198   000E48                     B2D2            equ	3656	;# 
   199   000E49                     B2D3            equ	3657	;# 
   200   000E4A                     B2D4            equ	3658	;# 
   201   000E4B                     B2D5            equ	3659	;# 
   202   000E4C                     B2D6            equ	3660	;# 
   203   000E4D                     B2D7            equ	3661	;# 
   204   000E4E                     CANSTAT_RO7     equ	3662	;# 
   205   000E4F                     CANCON_RO7      equ	3663	;# 
   206   000E50                     B3CON           equ	3664	;# 
   207   000E51                     B3SIDH          equ	3665	;# 
   208   000E52                     B3SIDL          equ	3666	;# 
   209   000E53                     B3EIDH          equ	3667	;# 
   210   000E54                     B3EIDL          equ	3668	;# 
   211   000E55                     B3DLC           equ	3669	;# 
   212   000E56                     B3D0            equ	3670	;# 
   213   000E57                     B3D1            equ	3671	;# 
   214   000E58                     B3D2            equ	3672	;# 
   215   000E59                     B3D3            equ	3673	;# 
   216   000E5A                     B3D4            equ	3674	;# 
   217   000E5B                     B3D5            equ	3675	;# 
   218   000E5C                     B3D6            equ	3676	;# 
   219   000E5D                     B3D7            equ	3677	;# 
   220   000E5E                     CANSTAT_RO6     equ	3678	;# 
   221   000E5F                     CANCON_RO6      equ	3679	;# 
   222   000E60                     B4CON           equ	3680	;# 
   223   000E61                     B4SIDH          equ	3681	;# 
   224   000E62                     B4SIDL          equ	3682	;# 
   225   000E63                     B4EIDH          equ	3683	;# 
   226   000E64                     B4EIDL          equ	3684	;# 
   227   000E65                     B4DLC           equ	3685	;# 
   228   000E66                     B4D0            equ	3686	;# 
   229   000E67                     B4D1            equ	3687	;# 
   230   000E68                     B4D2            equ	3688	;# 
   231   000E69                     B4D3            equ	3689	;# 
   232   000E6A                     B4D4            equ	3690	;# 
   233   000E6B                     B4D5            equ	3691	;# 
   234   000E6C                     B4D6            equ	3692	;# 
   235   000E6D                     B4D7            equ	3693	;# 
   236   000E6E                     CANSTAT_RO5     equ	3694	;# 
   237   000E6F                     CANCON_RO5      equ	3695	;# 
   238   000E70                     B5CON           equ	3696	;# 
   239   000E71                     B5SIDH          equ	3697	;# 
   240   000E72                     B5SIDL          equ	3698	;# 
   241   000E73                     B5EIDH          equ	3699	;# 
   242   000E74                     B5EIDL          equ	3700	;# 
   243   000E75                     B5DLC           equ	3701	;# 
   244   000E76                     B5D0            equ	3702	;# 
   245   000E77                     B5D1            equ	3703	;# 
   246   000E78                     B5D2            equ	3704	;# 
   247   000E79                     B5D3            equ	3705	;# 
   248   000E7A                     B5D4            equ	3706	;# 
   249   000E7B                     B5D5            equ	3707	;# 
   250   000E7C                     B5D6            equ	3708	;# 
   251   000E7D                     B5D7            equ	3709	;# 
   252   000E7E                     CANSTAT_RO4     equ	3710	;# 
   253   000E7F                     CANCON_RO4      equ	3711	;# 
   254   000F00                     RXF0SIDH        equ	3840	;# 
   255   000F01                     RXF0SIDL        equ	3841	;# 
   256   000F02                     RXF0EIDH        equ	3842	;# 
   257   000F03                     RXF0EIDL        equ	3843	;# 
   258   000F04                     RXF1SIDH        equ	3844	;# 
   259   000F05                     RXF1SIDL        equ	3845	;# 
   260   000F06                     RXF1EIDH        equ	3846	;# 
   261   000F07                     RXF1EIDL        equ	3847	;# 
   262   000F08                     RXF2SIDH        equ	3848	;# 
   263   000F09                     RXF2SIDL        equ	3849	;# 
   264   000F0A                     RXF2EIDH        equ	3850	;# 
   265   000F0B                     RXF2EIDL        equ	3851	;# 
   266   000F0C                     RXF3SIDH        equ	3852	;# 
   267   000F0D                     RXF3SIDL        equ	3853	;# 
   268   000F0E                     RXF3EIDH        equ	3854	;# 
   269   000F0F                     RXF3EIDL        equ	3855	;# 
   270   000F10                     RXF4SIDH        equ	3856	;# 
   271   000F11                     RXF4SIDL        equ	3857	;# 
   272   000F12                     RXF4EIDH        equ	3858	;# 
   273   000F13                     RXF4EIDL        equ	3859	;# 
   274   000F14                     RXF5SIDH        equ	3860	;# 
   275   000F15                     RXF5SIDL        equ	3861	;# 
   276   000F16                     RXF5EIDH        equ	3862	;# 
   277   000F17                     RXF5EIDL        equ	3863	;# 
   278   000F18                     RXM0SIDH        equ	3864	;# 
   279   000F19                     RXM0SIDL        equ	3865	;# 
   280   000F1A                     RXM0EIDH        equ	3866	;# 
   281   000F1B                     RXM0EIDL        equ	3867	;# 
   282   000F1C                     RXM1SIDH        equ	3868	;# 
   283   000F1D                     RXM1SIDL        equ	3869	;# 
   284   000F1E                     RXM1EIDH        equ	3870	;# 
   285   000F1F                     RXM1EIDL        equ	3871	;# 
   286   000F20                     TXB2CON         equ	3872	;# 
   287   000F21                     TXB2SIDH        equ	3873	;# 
   288   000F22                     TXB2SIDL        equ	3874	;# 
   289   000F23                     TXB2EIDH        equ	3875	;# 
   290   000F24                     TXB2EIDL        equ	3876	;# 
   291   000F25                     TXB2DLC         equ	3877	;# 
   292   000F26                     TXB2D0          equ	3878	;# 
   293   000F27                     TXB2D1          equ	3879	;# 
   294   000F28                     TXB2D2          equ	3880	;# 
   295   000F29                     TXB2D3          equ	3881	;# 
   296   000F2A                     TXB2D4          equ	3882	;# 
   297   000F2B                     TXB2D5          equ	3883	;# 
   298   000F2C                     TXB2D6          equ	3884	;# 
   299   000F2D                     TXB2D7          equ	3885	;# 
   300   000F2E                     CANSTAT_RO3     equ	3886	;# 
   301   000F2F                     CANCON_RO3      equ	3887	;# 
   302   000F30                     TXB1CON         equ	3888	;# 
   303   000F31                     TXB1SIDH        equ	3889	;# 
   304   000F32                     TXB1SIDL        equ	3890	;# 
   305   000F33                     TXB1EIDH        equ	3891	;# 
   306   000F34                     TXB1EIDL        equ	3892	;# 
   307   000F35                     TXB1DLC         equ	3893	;# 
   308   000F36                     TXB1D0          equ	3894	;# 
   309   000F37                     TXB1D1          equ	3895	;# 
   310   000F38                     TXB1D2          equ	3896	;# 
   311   000F39                     TXB1D3          equ	3897	;# 
   312   000F3A                     TXB1D4          equ	3898	;# 
   313   000F3B                     TXB1D5          equ	3899	;# 
   314   000F3C                     TXB1D6          equ	3900	;# 
   315   000F3D                     TXB1D7          equ	3901	;# 
   316   000F3E                     CANSTAT_RO2     equ	3902	;# 
   317   000F3F                     CANCON_RO2      equ	3903	;# 
   318   000F40                     TXB0CON         equ	3904	;# 
   319   000F41                     TXB0SIDH        equ	3905	;# 
   320   000F42                     TXB0SIDL        equ	3906	;# 
   321   000F43                     TXB0EIDH        equ	3907	;# 
   322   000F44                     TXB0EIDL        equ	3908	;# 
   323   000F45                     TXB0DLC         equ	3909	;# 
   324   000F46                     TXB0D0          equ	3910	;# 
   325   000F47                     TXB0D1          equ	3911	;# 
   326   000F48                     TXB0D2          equ	3912	;# 
   327   000F49                     TXB0D3          equ	3913	;# 
   328   000F4A                     TXB0D4          equ	3914	;# 
   329   000F4B                     TXB0D5          equ	3915	;# 
   330   000F4C                     TXB0D6          equ	3916	;# 
   331   000F4D                     TXB0D7          equ	3917	;# 
   332   000F4E                     CANSTAT_RO1     equ	3918	;# 
   333   000F4F                     CANCON_RO1      equ	3919	;# 
   334   000F50                     RXB1CON         equ	3920	;# 
   335   000F51                     RXB1SIDH        equ	3921	;# 
   336   000F52                     RXB1SIDL        equ	3922	;# 
   337   000F53                     RXB1EIDH        equ	3923	;# 
   338   000F54                     RXB1EIDL        equ	3924	;# 
   339   000F55                     RXB1DLC         equ	3925	;# 
   340   000F56                     RXB1D0          equ	3926	;# 
   341   000F57                     RXB1D1          equ	3927	;# 
   342   000F58                     RXB1D2          equ	3928	;# 
   343   000F59                     RXB1D3          equ	3929	;# 
   344   000F5A                     RXB1D4          equ	3930	;# 
   345   000F5B                     RXB1D5          equ	3931	;# 
   346   000F5C                     RXB1D6          equ	3932	;# 
   347   000F5D                     RXB1D7          equ	3933	;# 
   348   000F5E                     CANSTAT_RO0     equ	3934	;# 
   349   000F5F                     CANCON_RO0      equ	3935	;# 
   350   000F60                     RXB0CON         equ	3936	;# 
   351   000F61                     RXB0SIDH        equ	3937	;# 
   352   000F62                     RXB0SIDL        equ	3938	;# 
   353   000F63                     RXB0EIDH        equ	3939	;# 
   354   000F64                     RXB0EIDL        equ	3940	;# 
   355   000F65                     RXB0DLC         equ	3941	;# 
   356   000F66                     RXB0D0          equ	3942	;# 
   357   000F67                     RXB0D1          equ	3943	;# 
   358   000F68                     RXB0D2          equ	3944	;# 
   359   000F69                     RXB0D3          equ	3945	;# 
   360   000F6A                     RXB0D4          equ	3946	;# 
   361   000F6B                     RXB0D5          equ	3947	;# 
   362   000F6C                     RXB0D6          equ	3948	;# 
   363   000F6D                     RXB0D7          equ	3949	;# 
   364   000F6E                     CANSTAT         equ	3950	;# 
   365   000F6F                     CANCON          equ	3951	;# 
   366   000F70                     BRGCON1         equ	3952	;# 
   367   000F71                     BRGCON2         equ	3953	;# 
   368   000F72                     BRGCON3         equ	3954	;# 
   369   000F73                     CIOCON          equ	3955	;# 
   370   000F74                     COMSTAT         equ	3956	;# 
   371   000F75                     RXERRCNT        equ	3957	;# 
   372   000F76                     TXERRCNT        equ	3958	;# 
   373   000F77                     ECANCON         equ	3959	;# 
   374   000F80                     PORTA           equ	3968	;# 
   375   000F81                     PORTB           equ	3969	;# 
   376   000F82                     PORTC           equ	3970	;# 
   377   000F83                     PORTD           equ	3971	;# 
   378   000F84                     PORTE           equ	3972	;# 
   379   000F89                     LATA            equ	3977	;# 
   380   000F8A                     LATB            equ	3978	;# 
   381   000F8B                     LATC            equ	3979	;# 
   382   000F8C                     LATD            equ	3980	;# 
   383   000F8D                     LATE            equ	3981	;# 
   384   000F92                     TRISA           equ	3986	;# 
   385   000F92                     DDRA            equ	3986	;# 
   386   000F93                     TRISB           equ	3987	;# 
   387   000F93                     DDRB            equ	3987	;# 
   388   000F94                     TRISC           equ	3988	;# 
   389   000F94                     DDRC            equ	3988	;# 
   390   000F95                     TRISD           equ	3989	;# 
   391   000F95                     DDRD            equ	3989	;# 
   392   000F96                     TRISE           equ	3990	;# 
   393   000F96                     DDRE            equ	3990	;# 
   394   000F9B                     OSCTUNE         equ	3995	;# 
   395   000F9D                     PIE1            equ	3997	;# 
   396   000F9E                     PIR1            equ	3998	;# 
   397   000F9F                     IPR1            equ	3999	;# 
   398   000FA0                     PIE2            equ	4000	;# 
   399   000FA1                     PIR2            equ	4001	;# 
   400   000FA2                     IPR2            equ	4002	;# 
   401   000FA3                     PIE3            equ	4003	;# 
   402   000FA4                     PIR3            equ	4004	;# 
   403   000FA5                     IPR3            equ	4005	;# 
   404   000FA6                     EECON1          equ	4006	;# 
   405   000FA7                     EECON2          equ	4007	;# 
   406   000FA8                     EEDATA          equ	4008	;# 
   407   000FA9                     EEADR           equ	4009	;# 
   408   000FAB                     RCSTA           equ	4011	;# 
   409   000FAB                     RCSTA1          equ	4011	;# 
   410   000FAC                     TXSTA           equ	4012	;# 
   411   000FAC                     TXSTA1          equ	4012	;# 
   412   000FAD                     TXREG           equ	4013	;# 
   413   000FAD                     TXREG1          equ	4013	;# 
   414   000FAE                     RCREG           equ	4014	;# 
   415   000FAE                     RCREG1          equ	4014	;# 
   416   000FAF                     SPBRG           equ	4015	;# 
   417   000FAF                     SPBRG1          equ	4015	;# 
   418   000FB0                     SPBRGH          equ	4016	;# 
   419   000FB1                     T3CON           equ	4017	;# 
   420   000FB2                     TMR3            equ	4018	;# 
   421   000FB2                     TMR3L           equ	4018	;# 
   422   000FB3                     TMR3H           equ	4019	;# 
   423   000FB4                     CMCON           equ	4020	;# 
   424   000FB5                     CVRCON          equ	4021	;# 
   425   000FB6                     ECCP1AS         equ	4022	;# 
   426   000FB7                     ECCP1DEL        equ	4023	;# 
   427   000FB8                     BAUDCON         equ	4024	;# 
   428   000FB8                     BAUDCTL         equ	4024	;# 
   429   000FBA                     ECCP1CON        equ	4026	;# 
   430   000FBB                     ECCPR1          equ	4027	;# 
   431   000FBB                     ECCPR1L         equ	4027	;# 
   432   000FBC                     ECCPR1H         equ	4028	;# 
   433   000FBD                     CCP1CON         equ	4029	;# 
   434   000FBE                     CCPR1           equ	4030	;# 
   435   000FBE                     CCPR1L          equ	4030	;# 
   436   000FBF                     CCPR1H          equ	4031	;# 
   437   000FC0                     ADCON2          equ	4032	;# 
   438   000FC1                     ADCON1          equ	4033	;# 
   439   000FC2                     ADCON0          equ	4034	;# 
   440   000FC3                     ADRES           equ	4035	;# 
   441   000FC3                     ADRESL          equ	4035	;# 
   442   000FC4                     ADRESH          equ	4036	;# 
   443   000FC5                     SSPCON2         equ	4037	;# 
   444   000FC6                     SSPCON1         equ	4038	;# 
   445   000FC7                     SSPSTAT         equ	4039	;# 
   446   000FC8                     SSPADD          equ	4040	;# 
   447   000FC9                     SSPBUF          equ	4041	;# 
   448   000FCA                     T2CON           equ	4042	;# 
   449   000FCB                     PR2             equ	4043	;# 
   450   000FCB                     MEMCON          equ	4043	;# 
   451   000FCC                     TMR2            equ	4044	;# 
   452   000FCD                     T1CON           equ	4045	;# 
   453   000FCE                     TMR1            equ	4046	;# 
   454   000FCE                     TMR1L           equ	4046	;# 
   455   000FCF                     TMR1H           equ	4047	;# 
   456   000FD0                     RCON            equ	4048	;# 
   457   000FD1                     WDTCON          equ	4049	;# 
   458   000FD2                     HLVDCON         equ	4050	;# 
   459   000FD2                     LVDCON          equ	4050	;# 
   460   000FD3                     OSCCON          equ	4051	;# 
   461   000FD5                     T0CON           equ	4053	;# 
   462   000FD6                     TMR0            equ	4054	;# 
   463   000FD6                     TMR0L           equ	4054	;# 
   464   000FD7                     TMR0H           equ	4055	;# 
   465   000FD8                     STATUS          equ	4056	;# 
   466   000FD9                     FSR2            equ	4057	;# 
   467   000FD9                     FSR2L           equ	4057	;# 
   468   000FDA                     FSR2H           equ	4058	;# 
   469   000FDB                     PLUSW2          equ	4059	;# 
   470   000FDC                     PREINC2         equ	4060	;# 
   471   000FDD                     POSTDEC2        equ	4061	;# 
   472   000FDE                     POSTINC2        equ	4062	;# 
   473   000FDF                     INDF2           equ	4063	;# 
   474   000FE0                     BSR             equ	4064	;# 
   475   000FE1                     FSR1            equ	4065	;# 
   476   000FE1                     FSR1L           equ	4065	;# 
   477   000FE2                     FSR1H           equ	4066	;# 
   478   000FE3                     PLUSW1          equ	4067	;# 
   479   000FE4                     PREINC1         equ	4068	;# 
   480   000FE5                     POSTDEC1        equ	4069	;# 
   481   000FE6                     POSTINC1        equ	4070	;# 
   482   000FE7                     INDF1           equ	4071	;# 
   483   000FE8                     WREG            equ	4072	;# 
   484   000FE9                     FSR0            equ	4073	;# 
   485   000FE9                     FSR0L           equ	4073	;# 
   486   000FEA                     FSR0H           equ	4074	;# 
   487   000FEB                     PLUSW0          equ	4075	;# 
   488   000FEC                     PREINC0         equ	4076	;# 
   489   000FED                     POSTDEC0        equ	4077	;# 
   490   000FEE                     POSTINC0        equ	4078	;# 
   491   000FEF                     INDF0           equ	4079	;# 
   492   000FF0                     INTCON3         equ	4080	;# 
   493   000FF1                     INTCON2         equ	4081	;# 
   494   000FF2                     INTCON          equ	4082	;# 
   495   000FF3                     PROD            equ	4083	;# 
   496   000FF3                     PRODL           equ	4083	;# 
   497   000FF4                     PRODH           equ	4084	;# 
   498   000FF5                     TABLAT          equ	4085	;# 
   499   000FF6                     TBLPTR          equ	4086	;# 
   500   000FF6                     TBLPTRL         equ	4086	;# 
   501   000FF7                     TBLPTRH         equ	4087	;# 
   502   000FF8                     TBLPTRU         equ	4088	;# 
   503   000FF9                     PCLAT           equ	4089	;# 
   504   000FF9                     PC              equ	4089	;# 
   505   000FF9                     PCL             equ	4089	;# 
   506   000FFA                     PCLATH          equ	4090	;# 
   507   000FFB                     PCLATU          equ	4091	;# 
   508   000FFC                     STKPTR          equ	4092	;# 
   509   000FFD                     TOS             equ	4093	;# 
   510   000FFD                     TOSL            equ	4093	;# 
   511   000FFE                     TOSH            equ	4094	;# 
   512   000FFF                     TOSU            equ	4095	;# 
   513                           
   514                           	psect	idataCOMRAM
   515   000CBA                     __pidataCOMRAM:
   516                           	callstack 0
   517                           
   518                           ;initializer for main@F10492
   519   000CBA  E7                 	db	231
   520   000CBB  21                 	db	33
   521   000CBC  CB                 	db	203
   522   000CBD  6B                 	db	107
   523   000CBE  2D                 	db	45
   524   000CBF  6E                 	db	110
   525   000CC0  EE                 	db	238
   526   000CC1  23                 	db	35
   527   000CC2  EF                 	db	239
   528   000CC3  6F                 	db	111
   529                           
   530                           ;initializer for _second
   531   000CC4  001E               	dw	30
   532                           
   533                           ;initializer for _once
   534   000CC6  0001               	dw	1
   535   000F80                     _PORTA          set	3968
   536   000F83                     _PORTD          set	3971
   537   000F82                     _PORTC          set	3970
   538   000FCC                     _TMR2           set	4044
   539   000FCB                     _PR2            set	4043
   540   000F92                     _TRISA          set	3986
   541   000F95                     _TRISD          set	3989
   542   007E52                     _TMR2ON         set	32338
   543   007E51                     _T2CKPS1        set	32337
   544   007E50                     _T2CKPS0        set	32336
   545   007CE9                     _TMR2IE         set	31977
   546   007CF1                     _TMR2IF         set	31985
   547   007F96                     _PEIE           set	32662
   548   007F97                     _GIE            set	32663
   549                           
   550                           ; #config settings
   551                           
   552                           	psect	cinit
   553   000C84                     __pcinit:
   554                           	callstack 0
   555   000C84                     start_initialization:
   556                           	callstack 0
   557   000C84                     __initialization:
   558                           	callstack 0
   559                           
   560                           ; Initialize objects allocated to COMRAM (14 bytes)
   561                           ; load TBLPTR registers with __pidataCOMRAM
   562   000C84  0EBA               	movlw	low __pidataCOMRAM
   563   000C86  6EF6               	movwf	tblptrl,c
   564   000C88  0E0C               	movlw	high __pidataCOMRAM
   565   000C8A  6EF7               	movwf	tblptrh,c
   566   000C8C  0E00               	movlw	low (__pidataCOMRAM shr (0+16))
   567   000C8E  6EF8               	movwf	tblptru,c
   568   000C90  EE00  F019         	lfsr	0,__pdataCOMRAM
   569   000C94  EE10 F00E          	lfsr	1,14
   570   000C98                     copy_data0:
   571   000C98  0009               	tblrd		*+
   572   000C9A  CFF5 FFEE          	movff	tablat,postinc0
   573   000C9E  50E5               	movf	postdec1,w,c
   574   000CA0  50E1               	movf	fsr1l,w,c
   575   000CA2  E1FA               	bnz	copy_data0
   576                           
   577                           ; Clear objects allocated to COMRAM (7 bytes)
   578   000CA4  EE00  F027         	lfsr	0,__pbssCOMRAM
   579   000CA8  0E07               	movlw	7
   580   000CAA                     clear_0:
   581   000CAA  6AEE               	clrf	postinc0,c
   582   000CAC  06E8               	decf	wreg,f,c
   583   000CAE  E1FD               	bnz	clear_0
   584   000CB0                     end_of_initialization:
   585                           	callstack 0
   586   000CB0                     __end_of__initialization:
   587                           	callstack 0
   588   000CB0  9001               	bcf	int$flags,0,c	;clear compiler interrupt flag (level 1)
   589   000CB2  9201               	bcf	int$flags,1,c	;clear compiler interrupt flag (level 2)
   590   000CB4  0100               	movlb	0
   591   000CB6  EF01  F003         	goto	_main	;jump to C main() function
   592                           
   593                           	psect	bssCOMRAM
   594   000027                     __pbssCOMRAM:
   595                           	callstack 0
   596   000027                     _field:
   597                           	callstack 0
   598   000027                     	ds	2
   599   000029                     _minute:
   600                           	callstack 0
   601   000029                     	ds	2
   602   00002B                     _count:
   603                           	callstack 0
   604   00002B                     	ds	2
   605   00002D                     _mode:
   606                           	callstack 0
   607   00002D                     	ds	1
   608                           
   609                           	psect	dataCOMRAM
   610   000019                     __pdataCOMRAM:
   611                           	callstack 0
   612   000019                     main@F10492:
   613                           	callstack 0
   614   000019                     	ds	10
   615   000023                     _second:
   616                           	callstack 0
   617   000023                     	ds	2
   618   000025                     _once:
   619                           	callstack 0
   620   000025                     	ds	2
   621                           
   622                           	psect	cstackCOMRAM
   623   000002                     __pcstackCOMRAM:
   624                           	callstack 0
   625   000002                     ?___awdiv:
   626                           	callstack 0
   627   000002                     ?___awmod:
   628                           	callstack 0
   629   000002                     read_switch@detect:
   630                           	callstack 0
   631   000002                     display@ssd:
   632                           	callstack 0
   633   000002                     ___awdiv@dividend:
   634                           	callstack 0
   635   000002                     ___awmod@dividend:
   636                           	callstack 0
   637   000002                     
   638                           ; 1 bytes @ 0x0
   639   000002                     	ds	1
   640   000003                     ??_display:
   641                           
   642                           ; 1 bytes @ 0x1
   643   000003                     	ds	1
   644   000004                     ___awdiv@divisor:
   645                           	callstack 0
   646   000004                     ___awmod@divisor:
   647                           	callstack 0
   648                           
   649                           ; 2 bytes @ 0x2
   650   000004                     	ds	1
   651   000005                     display@i_68:
   652                           	callstack 0
   653                           
   654                           ; 2 bytes @ 0x3
   655   000005                     	ds	1
   656   000006                     ___awdiv@counter:
   657                           	callstack 0
   658   000006                     ___awmod@counter:
   659                           	callstack 0
   660   000006                     
   661                           ; 1 bytes @ 0x4
   662   000006                     	ds	1
   663   000007                     ___awdiv@sign:
   664                           	callstack 0
   665   000007                     ___awmod@sign:
   666                           	callstack 0
   667   000007                     display@i:
   668                           	callstack 0
   669                           
   670                           ; 2 bytes @ 0x5
   671   000007                     	ds	1
   672   000008                     ___awdiv@quotient:
   673                           	callstack 0
   674                           
   675                           ; 2 bytes @ 0x6
   676   000008                     	ds	2
   677   00000A                     main@digit:
   678                           	callstack 0
   679   00000A                     
   680                           ; 1 bytes @ 0x8
   681   00000A                     	ds	10
   682   000014                     main@key:
   683                           	callstack 0
   684                           
   685                           ; 1 bytes @ 0x12
   686   000014                     	ds	1
   687   000015                     main@ssd:
   688                           	callstack 0
   689                           
   690                           ; 4 bytes @ 0x13
   691   000015                     	ds	4
   692                           
   693 ;;
   694 ;;Main: autosize = 0, tempsize = 0, incstack = 0, save=0
   695 ;;
   696 ;; *************** function _main *****************
   697 ;; Defined at:
   698 ;;		line 46 in file "main.c"
   699 ;; Parameters:    Size  Location     Type
   700 ;;		None
   701 ;; Auto vars:     Size  Location     Type
   702 ;;  digit          10    8[COMRAM] unsigned char [10]
   703 ;;  ssd             4   19[COMRAM] unsigned char [4]
   704 ;;  key             1   18[COMRAM] unsigned char 
   705 ;; Return value:  Size  Location     Type
   706 ;;                  1    wreg      void 
   707 ;; Registers used:
   708 ;;		wreg, fsr1l, fsr1h, fsr2l, fsr2h, status,2, status,0, cstack
   709 ;; Tracked objects:
   710 ;;		On entry : 0/0
   711 ;;		On exit  : 0/0
   712 ;;		Unchanged: 0/0
   713 ;; Data sizes:     COMRAM   BANK0   BANK1   BANK2   BANK3   BANK4   BANK5
   714 ;;      Params:         0       0       0       0       0       0       0
   715 ;;      Locals:        15       0       0       0       0       0       0
   716 ;;      Temps:          0       0       0       0       0       0       0
   717 ;;      Totals:        15       0       0       0       0       0       0
   718 ;;Total ram usage:       15 bytes
   719 ;; Hardware stack levels required when called: 2
   720 ;; This function calls:
   721 ;;		___awdiv
   722 ;;		___awmod
   723 ;;		_display
   724 ;;		_read_switch
   725 ;; This function is called by:
   726 ;;		Startup code after reset
   727 ;; This function uses a non-reentrant model
   728 ;;
   729                           
   730                           	psect	text0
   731   000602                     __ptext0:
   732                           	callstack 0
   733   000602                     _main:
   734                           	callstack 29
   735   000602                     
   736                           ;main.c: 49:     TRISD = 0x00;
   737   000602  6A95               	clrf	149,c	;volatile
   738   000604                     
   739                           ;main.c: 50:     TRISA &= 0xF0;
   740   000604  0EF0               	movlw	240
   741   000606  1692               	andwf	146,f,c	;volatile
   742   000608                     
   743                           ;main.c: 52:     char digit[] = {0xE7, 0x21, 0xCB, 0x6B, 0x2D, 0x6E, 0xEE, 0x23, 0xEF, 0
      +                          x6F};
   744   000608  EE20  F019         	lfsr	2,main@F10492
   745   00060C  EE10  F00A         	lfsr	1,main@digit
   746   000610  0E09               	movlw	9
   747   000612                     u611:
   748   000612  CFDB FFE3          	movff	plusw2,plusw1
   749   000616  06E8               	decf	wreg,f,c
   750   000618  E2FC               	bc	u611
   751   00061A                     
   752                           ;main.c: 53:     char ssd[4];;main.c: 54:     char key;;main.c: 57:     GIE = 1;
   753   00061A  8EF2               	bsf	4082,7,c	;volatile
   754   00061C                     
   755                           ;main.c: 58:     PEIE = 1;
   756   00061C  8CF2               	bsf	4082,6,c	;volatile
   757   00061E                     
   758                           ;main.c: 59:     TMR2IF = 0;
   759   00061E  929E               	bcf	3998,1,c	;volatile
   760   000620                     
   761                           ;main.c: 60:     TMR2IE = 1;
   762   000620  829D               	bsf	3997,1,c	;volatile
   763   000622                     
   764                           ;main.c: 63:     T2CKPS0 = 0;
   765   000622  90CA               	bcf	4042,0,c	;volatile
   766   000624                     
   767                           ;main.c: 64:     T2CKPS1 = 0;
   768   000624  92CA               	bcf	4042,1,c	;volatile
   769   000626                     
   770                           ;main.c: 65:     PR2 = 249;
   771   000626  0EF9               	movlw	249
   772   000628  6ECB               	movwf	203,c	;volatile
   773   00062A                     
   774                           ;main.c: 66:     TMR2 = 0;
   775   00062A  6ACC               	clrf	204,c	;volatile
   776   00062C                     
   777                           ;main.c: 68:     TMR2ON = 1;
   778   00062C  84CA               	bsf	4042,2,c	;volatile
   779   00062E                     l1260:
   780                           
   781                           ;main.c: 71:         key = read_switch(1);
   782   00062E  0E01               	movlw	1
   783   000630  EC06  F006         	call	_read_switch
   784   000634  6E14               	movwf	main@key^0,c
   785   000636                     
   786                           ;main.c: 73:         if (key == 0x07) {
   787   000636  0E07               	movlw	7
   788   000638  1814               	xorwf	main@key^0,w,c
   789   00063A  A4D8               	btfss	status,2,c
   790   00063C  EF22  F003         	goto	u621
   791   000640  EF24  F003         	goto	u620
   792   000644                     u621:
   793   000644  EF2F  F003         	goto	l52
   794   000648                     u620:
   795   000648                     
   796                           ;main.c: 74:             mode = !mode;
   797   000648  502D               	movf	_mode^0,w,c
   798   00064A  B4D8               	btfsc	status,2,c
   799   00064C  EF2A  F003         	goto	u631
   800   000650  EF2D  F003         	goto	u630
   801   000654                     u631:
   802   000654  0E01               	movlw	1
   803   000656  EF2E  F003         	goto	u640
   804   00065A                     u630:
   805   00065A  0E00               	movlw	0
   806   00065C                     u640:
   807   00065C  6E2D               	movwf	_mode^0,c
   808   00065E                     l52:
   809                           
   810                           ;main.c: 78:         if (mode == 0) {
   811   00065E  502D               	movf	_mode^0,w,c
   812   000660  A4D8               	btfss	status,2,c
   813   000662  EF35  F003         	goto	u651
   814   000666  EF37  F003         	goto	u650
   815   00066A                     u651:
   816   00066A  EF96  F003         	goto	l1272
   817   00066E                     u650:
   818   00066E                     
   819                           ;main.c: 79:             if (count < 10000)
   820   00066E  0E10               	movlw	16
   821   000670  5C2B               	subwf	_count^0,w,c
   822   000672  0E27               	movlw	39
   823   000674  582C               	subwfb	(_count+1)^0,w,c
   824   000676  B0D8               	btfsc	status,0,c
   825   000678  EF40  F003         	goto	u661
   826   00067C  EF42  F003         	goto	u660
   827   000680                     u661:
   828   000680  EF54  F003         	goto	l1270
   829   000684                     u660:
   830   000684                     
   831                           ;main.c: 80:                 ssd[1] = digit[minute % 10] | 0x10;
   832   000684  C029  F002         	movff	_minute,___awmod@dividend
   833   000688  C02A  F003         	movff	_minute+1,___awmod@dividend+1
   834   00068C  6A05               	clrf	(___awmod@divisor+1)^0,c
   835   00068E  0E0A               	movlw	10
   836   000690  6E04               	movwf	___awmod@divisor^0,c
   837   000692  EC21  F005         	call	___awmod	;wreg free
   838   000696  5002               	movf	?___awmod^0,w,c
   839   000698  0F0A               	addlw	low main@digit
   840   00069A  6ED9               	movwf	fsr2l,c
   841   00069C  6ADA               	clrf	fsr2h,c
   842   00069E  50DF               	movf	indf2,w,c
   843   0006A0  0910               	iorlw	16
   844   0006A2  6E16               	movwf	(main@ssd+1)^0,c
   845   0006A4  EF63  F003         	goto	l55
   846   0006A8                     l1270:
   847                           
   848                           ;main.c: 82:                 ssd[1] = digit[minute % 10];
   849   0006A8  C029  F002         	movff	_minute,___awmod@dividend
   850   0006AC  C02A  F003         	movff	_minute+1,___awmod@dividend+1
   851   0006B0  6A05               	clrf	(___awmod@divisor+1)^0,c
   852   0006B2  0E0A               	movlw	10
   853   0006B4  6E04               	movwf	___awmod@divisor^0,c
   854   0006B6  EC21  F005         	call	___awmod	;wreg free
   855   0006BA  5002               	movf	?___awmod^0,w,c
   856   0006BC  0F0A               	addlw	low main@digit
   857   0006BE  6ED9               	movwf	fsr2l,c
   858   0006C0  6ADA               	clrf	fsr2h,c
   859   0006C2  50DF               	movf	indf2,w,c
   860   0006C4  6E16               	movwf	(main@ssd+1)^0,c
   861   0006C6                     l55:
   862                           
   863                           ;main.c: 84:             ssd[0] = digit[minute / 10];
   864   0006C6  C029  F002         	movff	_minute,___awdiv@dividend
   865   0006CA  C02A  F003         	movff	_minute+1,___awdiv@dividend+1
   866   0006CE  6A05               	clrf	(___awdiv@divisor+1)^0,c
   867   0006D0  0E0A               	movlw	10
   868   0006D2  6E04               	movwf	___awdiv@divisor^0,c
   869   0006D4  ECC1  F004         	call	___awdiv	;wreg free
   870   0006D8  5002               	movf	?___awdiv^0,w,c
   871   0006DA  0F0A               	addlw	low main@digit
   872   0006DC  6ED9               	movwf	fsr2l,c
   873   0006DE  6ADA               	clrf	fsr2h,c
   874   0006E0  50DF               	movf	indf2,w,c
   875   0006E2  6E15               	movwf	main@ssd^0,c
   876                           
   877                           ;main.c: 85:             ssd[2] = digit[second / 10];
   878   0006E4  C023  F002         	movff	_second,___awdiv@dividend
   879   0006E8  C024  F003         	movff	_second+1,___awdiv@dividend+1
   880   0006EC  6A05               	clrf	(___awdiv@divisor+1)^0,c
   881   0006EE  0E0A               	movlw	10
   882   0006F0  6E04               	movwf	___awdiv@divisor^0,c
   883   0006F2  ECC1  F004         	call	___awdiv	;wreg free
   884   0006F6  5002               	movf	?___awdiv^0,w,c
   885   0006F8  0F0A               	addlw	low main@digit
   886   0006FA  6ED9               	movwf	fsr2l,c
   887   0006FC  6ADA               	clrf	fsr2h,c
   888   0006FE  50DF               	movf	indf2,w,c
   889   000700  6E17               	movwf	(main@ssd+2)^0,c
   890                           
   891                           ;main.c: 86:             ssd[3] = digit[second % 10];
   892   000702  C023  F002         	movff	_second,___awmod@dividend
   893   000706  C024  F003         	movff	_second+1,___awmod@dividend+1
   894   00070A  6A05               	clrf	(___awmod@divisor+1)^0,c
   895   00070C  0E0A               	movlw	10
   896   00070E  6E04               	movwf	___awmod@divisor^0,c
   897   000710  EC21  F005         	call	___awmod	;wreg free
   898   000714  5002               	movf	?___awmod^0,w,c
   899   000716  0F0A               	addlw	low main@digit
   900   000718  6ED9               	movwf	fsr2l,c
   901   00071A  6ADA               	clrf	fsr2h,c
   902   00071C  50DF               	movf	indf2,w,c
   903   00071E  6E18               	movwf	(main@ssd+3)^0,c
   904                           
   905                           ;main.c: 88:             display(ssd);
   906   000720  0E15               	movlw	low main@ssd
   907   000722  6E02               	movwf	display@ssd^0,c
   908   000724  ECC9  F005         	call	_display	;wreg free
   909                           
   910                           ;main.c: 101:         } else
   911   000728  EF17  F003         	goto	l1260
   912   00072C                     l1272:
   913                           
   914                           ;main.c: 102:         {;main.c: 103:             if (key == 0x0E) {
   915   00072C  0E0E               	movlw	14
   916   00072E  1814               	xorwf	main@key^0,w,c
   917   000730  A4D8               	btfss	status,2,c
   918   000732  EF9D  F003         	goto	u671
   919   000736  EF9F  F003         	goto	u670
   920   00073A                     u671:
   921   00073A  EFD2  F003         	goto	l1288
   922   00073E                     u670:
   923   00073E                     
   924                           ;main.c: 104:                 if (field) {
   925   00073E  5027               	movf	_field^0,w,c
   926   000740  1028               	iorwf	(_field+1)^0,w,c
   927   000742  B4D8               	btfsc	status,2,c
   928   000744  EFA6  F003         	goto	u681
   929   000748  EFA8  F003         	goto	u680
   930   00074C                     u681:
   931   00074C  EFBD  F003         	goto	l1282
   932   000750                     u680:
   933   000750                     
   934                           ;main.c: 105:                     minute++;
   935   000750  4A29               	infsnz	_minute^0,f,c
   936   000752  2A2A               	incf	(_minute+1)^0,f,c
   937   000754                     
   938                           ;main.c: 106:                     if (minute > 99) {
   939   000754  BE2A               	btfsc	(_minute+1)^0,7,c
   940   000756  EFB6  F003         	goto	u691
   941   00075A  502A               	movf	(_minute+1)^0,w,c
   942   00075C  E109               	bnz	u690
   943   00075E  0E64               	movlw	100
   944   000760  5C29               	subwf	_minute^0,w,c
   945   000762  A0D8               	btfss	status,0,c
   946   000764  EFB6  F003         	goto	u691
   947   000768  EFB8  F003         	goto	u690
   948   00076C                     u691:
   949   00076C  EF18  F004         	goto	l62
   950   000770                     u690:
   951   000770                     
   952                           ;main.c: 107:                         minute = 0;
   953   000770  6A2A               	clrf	(_minute+1)^0,c
   954   000772  0E00               	movlw	0
   955   000774  6E29               	movwf	_minute^0,c
   956   000776  EF18  F004         	goto	l62
   957   00077A                     l1282:
   958                           
   959                           ;main.c: 110:                     second++;
   960   00077A  4A23               	infsnz	_second^0,f,c
   961   00077C  2A24               	incf	(_second+1)^0,f,c
   962   00077E                     
   963                           ;main.c: 111:                     if (second > 59) {
   964   00077E  BE24               	btfsc	(_second+1)^0,7,c
   965   000780  EFCB  F003         	goto	u701
   966   000784  5024               	movf	(_second+1)^0,w,c
   967   000786  E109               	bnz	u700
   968   000788  0E3C               	movlw	60
   969   00078A  5C23               	subwf	_second^0,w,c
   970   00078C  A0D8               	btfss	status,0,c
   971   00078E  EFCB  F003         	goto	u701
   972   000792  EFCD  F003         	goto	u700
   973   000796                     u701:
   974   000796  EF18  F004         	goto	l62
   975   00079A                     u700:
   976   00079A                     
   977                           ;main.c: 112:                         second = 0;
   978   00079A  6A24               	clrf	(_second+1)^0,c
   979   00079C  0E00               	movlw	0
   980   00079E  6E23               	movwf	_second^0,c
   981   0007A0  EF18  F004         	goto	l62
   982   0007A4                     l1288:
   983   0007A4  0E0D               	movlw	13
   984   0007A6  1814               	xorwf	main@key^0,w,c
   985   0007A8  A4D8               	btfss	status,2,c
   986   0007AA  EFD9  F003         	goto	u711
   987   0007AE  EFDB  F003         	goto	u710
   988   0007B2                     u711:
   989   0007B2  EF02  F004         	goto	l1304
   990   0007B6                     u710:
   991   0007B6                     
   992                           ;main.c: 116:                 if (field) {
   993   0007B6  5027               	movf	_field^0,w,c
   994   0007B8  1028               	iorwf	(_field+1)^0,w,c
   995   0007BA  B4D8               	btfsc	status,2,c
   996   0007BC  EFE2  F003         	goto	u721
   997   0007C0  EFE4  F003         	goto	u720
   998   0007C4                     u721:
   999   0007C4  EFF3  F003         	goto	l1298
  1000   0007C8                     u720:
  1001   0007C8                     
  1002                           ;main.c: 117:                     minute--;
  1003   0007C8  0629               	decf	_minute^0,f,c
  1004   0007CA  A0D8               	btfss	status,0,c
  1005   0007CC  062A               	decf	(_minute+1)^0,f,c
  1006   0007CE                     
  1007                           ;main.c: 118:                     if (minute < 0) {
  1008   0007CE  BE2A               	btfsc	(_minute+1)^0,7,c
  1009   0007D0  EFEE  F003         	goto	u730
  1010   0007D4  EFEC  F003         	goto	u731
  1011   0007D8                     u731:
  1012   0007D8  EF18  F004         	goto	l62
  1013   0007DC                     u730:
  1014   0007DC                     
  1015                           ;main.c: 119:                         minute = 99;
  1016   0007DC  6A2A               	clrf	(_minute+1)^0,c
  1017   0007DE  0E63               	movlw	99
  1018   0007E0  6E29               	movwf	_minute^0,c
  1019   0007E2  EF18  F004         	goto	l62
  1020   0007E6                     l1298:
  1021                           
  1022                           ;main.c: 122:                     second--;
  1023   0007E6  0623               	decf	_second^0,f,c
  1024   0007E8  A0D8               	btfss	status,0,c
  1025   0007EA  0624               	decf	(_second+1)^0,f,c
  1026   0007EC                     
  1027                           ;main.c: 123:                     if (second < 0) {
  1028   0007EC  BE24               	btfsc	(_second+1)^0,7,c
  1029   0007EE  EFFD  F003         	goto	u740
  1030   0007F2  EFFB  F003         	goto	u741
  1031   0007F6                     u741:
  1032   0007F6  EF18  F004         	goto	l62
  1033   0007FA                     u740:
  1034   0007FA                     
  1035                           ;main.c: 124:                         second = 59;
  1036   0007FA  6A24               	clrf	(_second+1)^0,c
  1037   0007FC  0E3B               	movlw	59
  1038   0007FE  6E23               	movwf	_second^0,c
  1039   000800  EF18  F004         	goto	l62
  1040   000804                     l1304:
  1041   000804  0E0B               	movlw	11
  1042   000806  1814               	xorwf	main@key^0,w,c
  1043   000808  A4D8               	btfss	status,2,c
  1044   00080A  EF09  F004         	goto	u751
  1045   00080E  EF0B  F004         	goto	u750
  1046   000812                     u751:
  1047   000812  EF18  F004         	goto	l62
  1048   000816                     u750:
  1049   000816                     
  1050                           ;main.c: 128:                 field = !field;
  1051   000816  5027               	movf	_field^0,w,c
  1052   000818  1028               	iorwf	(_field+1)^0,w,c
  1053   00081A  B4D8               	btfsc	status,2,c
  1054   00081C  EF12  F004         	goto	u761
  1055   000820  EF15  F004         	goto	u760
  1056   000824                     u761:
  1057   000824  0E01               	movlw	1
  1058   000826  EF16  F004         	goto	u770
  1059   00082A                     u760:
  1060   00082A  0E00               	movlw	0
  1061   00082C                     u770:
  1062   00082C  6E27               	movwf	_field^0,c
  1063   00082E  6A28               	clrf	(_field+1)^0,c
  1064   000830                     l62:
  1065                           
  1066                           ;main.c: 132:             if (field == 0) {
  1067   000830  5027               	movf	_field^0,w,c
  1068   000832  1028               	iorwf	(_field+1)^0,w,c
  1069   000834  A4D8               	btfss	status,2,c
  1070   000836  EF1F  F004         	goto	u781
  1071   00083A  EF21  F004         	goto	u780
  1072   00083E                     u781:
  1073   00083E  EF6E  F004         	goto	l1314
  1074   000842                     u780:
  1075   000842                     
  1076                           ;main.c: 133:                 if (count < 10000) {
  1077   000842  0E10               	movlw	16
  1078   000844  5C2B               	subwf	_count^0,w,c
  1079   000846  0E27               	movlw	39
  1080   000848  582C               	subwfb	(_count+1)^0,w,c
  1081   00084A  B0D8               	btfsc	status,0,c
  1082   00084C  EF2A  F004         	goto	u791
  1083   000850  EF2C  F004         	goto	u790
  1084   000854                     u791:
  1085   000854  EF4C  F004         	goto	l71
  1086   000858                     u790:
  1087   000858                     
  1088                           ;main.c: 134:                     ssd[2] = digit[second / 10];
  1089   000858  C023  F002         	movff	_second,___awdiv@dividend
  1090   00085C  C024  F003         	movff	_second+1,___awdiv@dividend+1
  1091   000860  6A05               	clrf	(___awdiv@divisor+1)^0,c
  1092   000862  0E0A               	movlw	10
  1093   000864  6E04               	movwf	___awdiv@divisor^0,c
  1094   000866  ECC1  F004         	call	___awdiv	;wreg free
  1095   00086A  5002               	movf	?___awdiv^0,w,c
  1096   00086C  0F0A               	addlw	low main@digit
  1097   00086E  6ED9               	movwf	fsr2l,c
  1098   000870  6ADA               	clrf	fsr2h,c
  1099   000872  50DF               	movf	indf2,w,c
  1100   000874  6E17               	movwf	(main@ssd+2)^0,c
  1101                           
  1102                           ;main.c: 135:                     ssd[3] = digit[second % 10];
  1103   000876  C023  F002         	movff	_second,___awmod@dividend
  1104   00087A  C024  F003         	movff	_second+1,___awmod@dividend+1
  1105   00087E  6A05               	clrf	(___awmod@divisor+1)^0,c
  1106   000880  0E0A               	movlw	10
  1107   000882  6E04               	movwf	___awmod@divisor^0,c
  1108   000884  EC21  F005         	call	___awmod	;wreg free
  1109   000888  5002               	movf	?___awmod^0,w,c
  1110   00088A  0F0A               	addlw	low main@digit
  1111   00088C  6ED9               	movwf	fsr2l,c
  1112   00088E  6ADA               	clrf	fsr2h,c
  1113   000890  50DF               	movf	indf2,w,c
  1114   000892  6E18               	movwf	(main@ssd+3)^0,c
  1115                           
  1116                           ;main.c: 136:                 } else {
  1117   000894  EF4E  F004         	goto	l1312
  1118   000898                     l71:
  1119                           
  1120                           ;main.c: 137:                     ssd[2] = 0x00;
  1121   000898  6A17               	clrf	(main@ssd+2)^0,c
  1122                           
  1123                           ;main.c: 138:                     ssd[3] = 0x00;
  1124   00089A  6A18               	clrf	(main@ssd+3)^0,c
  1125   00089C                     l1312:
  1126                           
  1127                           ;main.c: 141:                 ssd[0] = digit[minute / 10];
  1128   00089C  C029  F002         	movff	_minute,___awdiv@dividend
  1129   0008A0  C02A  F003         	movff	_minute+1,___awdiv@dividend+1
  1130   0008A4  6A05               	clrf	(___awdiv@divisor+1)^0,c
  1131   0008A6  0E0A               	movlw	10
  1132   0008A8  6E04               	movwf	___awdiv@divisor^0,c
  1133   0008AA  ECC1  F004         	call	___awdiv	;wreg free
  1134   0008AE  5002               	movf	?___awdiv^0,w,c
  1135   0008B0  0F0A               	addlw	low main@digit
  1136   0008B2  6ED9               	movwf	fsr2l,c
  1137   0008B4  6ADA               	clrf	fsr2h,c
  1138   0008B6  50DF               	movf	indf2,w,c
  1139   0008B8  6E15               	movwf	main@ssd^0,c
  1140                           
  1141                           ;main.c: 142:                 ssd[1] = digit[minute % 10];
  1142   0008BA  C029  F002         	movff	_minute,___awmod@dividend
  1143   0008BE  C02A  F003         	movff	_minute+1,___awmod@dividend+1
  1144   0008C2  6A05               	clrf	(___awmod@divisor+1)^0,c
  1145   0008C4  0E0A               	movlw	10
  1146   0008C6  6E04               	movwf	___awmod@divisor^0,c
  1147   0008C8  EC21  F005         	call	___awmod	;wreg free
  1148   0008CC  5002               	movf	?___awmod^0,w,c
  1149   0008CE  0F0A               	addlw	low main@digit
  1150   0008D0  6ED9               	movwf	fsr2l,c
  1151   0008D2  6ADA               	clrf	fsr2h,c
  1152   0008D4  50DF               	movf	indf2,w,c
  1153   0008D6  6E16               	movwf	(main@ssd+1)^0,c
  1154                           
  1155                           ;main.c: 144:             } else {
  1156   0008D8  EFB9  F004         	goto	l73
  1157   0008DC                     l1314:
  1158                           
  1159                           ;main.c: 145:                 if (count < 10000) {
  1160   0008DC  0E10               	movlw	16
  1161   0008DE  5C2B               	subwf	_count^0,w,c
  1162   0008E0  0E27               	movlw	39
  1163   0008E2  582C               	subwfb	(_count+1)^0,w,c
  1164   0008E4  B0D8               	btfsc	status,0,c
  1165   0008E6  EF77  F004         	goto	u801
  1166   0008EA  EF79  F004         	goto	u800
  1167   0008EE                     u801:
  1168   0008EE  EF99  F004         	goto	l74
  1169   0008F2                     u800:
  1170   0008F2                     
  1171                           ;main.c: 146:                     ssd[0] = digit[minute / 10];
  1172   0008F2  C029  F002         	movff	_minute,___awdiv@dividend
  1173   0008F6  C02A  F003         	movff	_minute+1,___awdiv@dividend+1
  1174   0008FA  6A05               	clrf	(___awdiv@divisor+1)^0,c
  1175   0008FC  0E0A               	movlw	10
  1176   0008FE  6E04               	movwf	___awdiv@divisor^0,c
  1177   000900  ECC1  F004         	call	___awdiv	;wreg free
  1178   000904  5002               	movf	?___awdiv^0,w,c
  1179   000906  0F0A               	addlw	low main@digit
  1180   000908  6ED9               	movwf	fsr2l,c
  1181   00090A  6ADA               	clrf	fsr2h,c
  1182   00090C  50DF               	movf	indf2,w,c
  1183   00090E  6E15               	movwf	main@ssd^0,c
  1184                           
  1185                           ;main.c: 147:                     ssd[1] = digit[minute % 10];
  1186   000910  C029  F002         	movff	_minute,___awmod@dividend
  1187   000914  C02A  F003         	movff	_minute+1,___awmod@dividend+1
  1188   000918  6A05               	clrf	(___awmod@divisor+1)^0,c
  1189   00091A  0E0A               	movlw	10
  1190   00091C  6E04               	movwf	___awmod@divisor^0,c
  1191   00091E  EC21  F005         	call	___awmod	;wreg free
  1192   000922  5002               	movf	?___awmod^0,w,c
  1193   000924  0F0A               	addlw	low main@digit
  1194   000926  6ED9               	movwf	fsr2l,c
  1195   000928  6ADA               	clrf	fsr2h,c
  1196   00092A  50DF               	movf	indf2,w,c
  1197   00092C  6E16               	movwf	(main@ssd+1)^0,c
  1198                           
  1199                           ;main.c: 149:                 } else {
  1200   00092E  EF9B  F004         	goto	l1318
  1201   000932                     l74:
  1202                           
  1203                           ;main.c: 150:                     ssd[0] = 0x00;
  1204   000932  6A15               	clrf	main@ssd^0,c
  1205                           
  1206                           ;main.c: 151:                     ssd[1] = 0x00;
  1207   000934  6A16               	clrf	(main@ssd+1)^0,c
  1208   000936                     l1318:
  1209                           
  1210                           ;main.c: 154:                 ssd[2] = digit[second / 10];
  1211   000936  C023  F002         	movff	_second,___awdiv@dividend
  1212   00093A  C024  F003         	movff	_second+1,___awdiv@dividend+1
  1213   00093E  6A05               	clrf	(___awdiv@divisor+1)^0,c
  1214   000940  0E0A               	movlw	10
  1215   000942  6E04               	movwf	___awdiv@divisor^0,c
  1216   000944  ECC1  F004         	call	___awdiv	;wreg free
  1217   000948  5002               	movf	?___awdiv^0,w,c
  1218   00094A  0F0A               	addlw	low main@digit
  1219   00094C  6ED9               	movwf	fsr2l,c
  1220   00094E  6ADA               	clrf	fsr2h,c
  1221   000950  50DF               	movf	indf2,w,c
  1222   000952  6E17               	movwf	(main@ssd+2)^0,c
  1223                           
  1224                           ;main.c: 155:                 ssd[3] = digit[second % 10];
  1225   000954  C023  F002         	movff	_second,___awmod@dividend
  1226   000958  C024  F003         	movff	_second+1,___awmod@dividend+1
  1227   00095C  6A05               	clrf	(___awmod@divisor+1)^0,c
  1228   00095E  0E0A               	movlw	10
  1229   000960  6E04               	movwf	___awmod@divisor^0,c
  1230   000962  EC21  F005         	call	___awmod	;wreg free
  1231   000966  5002               	movf	?___awmod^0,w,c
  1232   000968  0F0A               	addlw	low main@digit
  1233   00096A  6ED9               	movwf	fsr2l,c
  1234   00096C  6ADA               	clrf	fsr2h,c
  1235   00096E  50DF               	movf	indf2,w,c
  1236   000970  6E18               	movwf	(main@ssd+3)^0,c
  1237   000972                     l73:
  1238                           
  1239                           ;main.c: 158:             display(ssd);
  1240   000972  0E15               	movlw	low main@ssd
  1241   000974  6E02               	movwf	display@ssd^0,c
  1242   000976  ECC9  F005         	call	_display	;wreg free
  1243   00097A  EF17  F003         	goto	l1260
  1244   00097E  EF07  F000         	goto	start
  1245   000982                     __end_of_main:
  1246                           	callstack 0
  1247                           
  1248 ;; *************** function _read_switch *****************
  1249 ;; Defined at:
  1250 ;;		line 167 in file "main.c"
  1251 ;; Parameters:    Size  Location     Type
  1252 ;;  detect          1    wreg     unsigned char 
  1253 ;; Auto vars:     Size  Location     Type
  1254 ;;  detect          1    0[COMRAM] unsigned char 
  1255 ;; Return value:  Size  Location     Type
  1256 ;;                  1    wreg      unsigned char 
  1257 ;; Registers used:
  1258 ;;		wreg, status,2, status,0
  1259 ;; Tracked objects:
  1260 ;;		On entry : 0/0
  1261 ;;		On exit  : 0/0
  1262 ;;		Unchanged: 0/0
  1263 ;; Data sizes:     COMRAM   BANK0   BANK1   BANK2   BANK3   BANK4   BANK5
  1264 ;;      Params:         0       0       0       0       0       0       0
  1265 ;;      Locals:         1       0       0       0       0       0       0
  1266 ;;      Temps:          0       0       0       0       0       0       0
  1267 ;;      Totals:         1       0       0       0       0       0       0
  1268 ;;Total ram usage:        1 bytes
  1269 ;; Hardware stack levels used: 1
  1270 ;; Hardware stack levels required when called: 1
  1271 ;; This function calls:
  1272 ;;		Nothing
  1273 ;; This function is called by:
  1274 ;;		_main
  1275 ;; This function uses a non-reentrant model
  1276 ;;
  1277                           
  1278                           	psect	text1
  1279   000C0C                     __ptext1:
  1280                           	callstack 0
  1281   000C0C                     _read_switch:
  1282                           	callstack 29
  1283                           
  1284                           ;incstack = 0
  1285                           ;read_switch@detect stored from wreg
  1286   000C0C  6E02               	movwf	read_switch@detect^0,c
  1287   000C0E                     
  1288                           ;main.c: 168:     if (detect == 0)
  1289   000C0E  5002               	movf	read_switch@detect^0,w,c
  1290   000C10  A4D8               	btfss	status,2,c
  1291   000C12  EF0D  F006         	goto	u11
  1292   000C16  EF0F  F006         	goto	u10
  1293   000C1A                     u11:
  1294   000C1A  EF13  F006         	goto	l900
  1295   000C1E                     u10:
  1296   000C1E                     l894:
  1297                           
  1298                           ;main.c: 169:         return PORTC & 0x0F;
  1299   000C1E  5082               	movf	130,w,c	;volatile
  1300   000C20  0B0F               	andlw	15
  1301   000C22  EF41  F006         	goto	l82
  1302   000C26                     l900:
  1303   000C26  0402               	decf	read_switch@detect^0,w,c
  1304   000C28  A4D8               	btfss	status,2,c
  1305   000C2A  EF19  F006         	goto	u21
  1306   000C2E  EF1B  F006         	goto	u20
  1307   000C32                     u21:
  1308   000C32  EF40  F006         	goto	l918
  1309   000C36                     u20:
  1310   000C36                     
  1311                           ;main.c: 172:         if ((PORTC & 0x0F) != 0x0F && once) {
  1312   000C36  5082               	movf	130,w,c	;volatile
  1313   000C38  0B0F               	andlw	15
  1314   000C3A  0A0F               	xorlw	15
  1315   000C3C  B4D8               	btfsc	status,2,c
  1316   000C3E  EF23  F006         	goto	u31
  1317   000C42  EF25  F006         	goto	u30
  1318   000C46                     u31:
  1319   000C46  EF33  F006         	goto	l914
  1320   000C4A                     u30:
  1321   000C4A  5025               	movf	_once^0,w,c
  1322   000C4C  1026               	iorwf	(_once+1)^0,w,c
  1323   000C4E  B4D8               	btfsc	status,2,c
  1324   000C50  EF2C  F006         	goto	u41
  1325   000C54  EF2E  F006         	goto	u40
  1326   000C58                     u41:
  1327   000C58  EF33  F006         	goto	l914
  1328   000C5C                     u40:
  1329   000C5C                     
  1330                           ;main.c: 173:             once = 0;
  1331   000C5C  6A26               	clrf	(_once+1)^0,c
  1332   000C5E  0E00               	movlw	0
  1333   000C60  6E25               	movwf	_once^0,c
  1334   000C62  EF0F  F006         	goto	l894
  1335   000C66                     l914:
  1336   000C66  5082               	movf	130,w,c	;volatile
  1337   000C68  0B0F               	andlw	15
  1338   000C6A  0A0F               	xorlw	15
  1339   000C6C  A4D8               	btfss	status,2,c
  1340   000C6E  EF3B  F006         	goto	u51
  1341   000C72  EF3D  F006         	goto	u50
  1342   000C76                     u51:
  1343   000C76  EF40  F006         	goto	l918
  1344   000C7A                     u50:
  1345   000C7A                     
  1346                           ;main.c: 176:             once = 1;
  1347   000C7A  6A26               	clrf	(_once+1)^0,c
  1348   000C7C  0E01               	movlw	1
  1349   000C7E  6E25               	movwf	_once^0,c
  1350   000C80                     l918:
  1351                           
  1352                           ;main.c: 178:     return 0x0F;
  1353   000C80  0E0F               	movlw	15
  1354   000C82                     l82:
  1355   000C82  0012               	return		;funcret
  1356   000C84                     __end_of_read_switch:
  1357                           	callstack 0
  1358                           
  1359 ;; *************** function _display *****************
  1360 ;; Defined at:
  1361 ;;		line 183 in file "main.c"
  1362 ;; Parameters:    Size  Location     Type
  1363 ;;  ssd             1    0[COMRAM] PTR unsigned char 
  1364 ;;		 -> main@ssd(4), 
  1365 ;; Auto vars:     Size  Location     Type
  1366 ;;  i               2    3[COMRAM] int 
  1367 ;;  i               2    5[COMRAM] int 
  1368 ;; Return value:  Size  Location     Type
  1369 ;;                  1    wreg      void 
  1370 ;; Registers used:
  1371 ;;		wreg, fsr2l, fsr2h, status,2, status,0
  1372 ;; Tracked objects:
  1373 ;;		On entry : 0/0
  1374 ;;		On exit  : 0/0
  1375 ;;		Unchanged: 0/0
  1376 ;; Data sizes:     COMRAM   BANK0   BANK1   BANK2   BANK3   BANK4   BANK5
  1377 ;;      Params:         1       0       0       0       0       0       0
  1378 ;;      Locals:         4       0       0       0       0       0       0
  1379 ;;      Temps:          2       0       0       0       0       0       0
  1380 ;;      Totals:         7       0       0       0       0       0       0
  1381 ;;Total ram usage:        7 bytes
  1382 ;; Hardware stack levels used: 1
  1383 ;; Hardware stack levels required when called: 1
  1384 ;; This function calls:
  1385 ;;		Nothing
  1386 ;; This function is called by:
  1387 ;;		_main
  1388 ;; This function uses a non-reentrant model
  1389 ;;
  1390                           
  1391                           	psect	text2
  1392   000B92                     __ptext2:
  1393                           	callstack 0
  1394   000B92                     _display:
  1395                           	callstack 29
  1396   000B92                     
  1397                           ;main.c: 184:     for (int i = 0; i < 4; i++) {
  1398   000B92  6A08               	clrf	(display@i+1)^0,c
  1399   000B94  0E00               	movlw	0
  1400   000B96  6E07               	movwf	display@i^0,c
  1401   000B98                     l1138:
  1402                           
  1403                           ;main.c: 185:         PORTD = ssd[i];
  1404   000B98  5002               	movf	display@ssd^0,w,c
  1405   000B9A  2407               	addwf	display@i^0,w,c
  1406   000B9C  6ED9               	movwf	fsr2l,c
  1407   000B9E  6ADA               	clrf	fsr2h,c
  1408   000BA0  50DF               	movf	indf2,w,c
  1409   000BA2  6E83               	movwf	131,c	;volatile
  1410   000BA4                     
  1411                           ;main.c: 186:         PORTA = (PORTA & 0xF0) | (1 << i);
  1412   000BA4  C007  F003         	movff	display@i,??_display
  1413   000BA8  0E01               	movlw	1
  1414   000BAA  6E04               	movwf	(??_display+1)^0,c
  1415   000BAC  2A03               	incf	??_display^0,f,c
  1416   000BAE  EFDB  F005         	goto	u464
  1417   000BB2                     u465:
  1418   000BB2  90D8               	bcf	status,0,c
  1419   000BB4  3604               	rlcf	(??_display+1)^0,f,c
  1420   000BB6                     u464:
  1421   000BB6  2E03               	decfsz	??_display^0,f,c
  1422   000BB8  EFD9  F005         	goto	u465
  1423   000BBC  5080               	movf	128,w,c	;volatile
  1424   000BBE  0BF0               	andlw	240
  1425   000BC0  1004               	iorwf	(??_display+1)^0,w,c
  1426   000BC2  6E80               	movwf	128,c	;volatile
  1427   000BC4                     
  1428                           ;main.c: 187:         for (int i = 0; i < 1000; i++);
  1429   000BC4  6A06               	clrf	(display@i_68+1)^0,c
  1430   000BC6  0E00               	movlw	0
  1431   000BC8  6E05               	movwf	display@i_68^0,c
  1432   000BCA                     l1148:
  1433   000BCA  4A05               	infsnz	display@i_68^0,f,c
  1434   000BCC  2A06               	incf	(display@i_68+1)^0,f,c
  1435   000BCE  BE06               	btfsc	(display@i_68+1)^0,7,c
  1436   000BD0  EFF3  F005         	goto	u471
  1437   000BD4  0EE8               	movlw	232
  1438   000BD6  5C05               	subwf	display@i_68^0,w,c
  1439   000BD8  0E03               	movlw	3
  1440   000BDA  5806               	subwfb	(display@i_68+1)^0,w,c
  1441   000BDC  A0D8               	btfss	status,0,c
  1442   000BDE  EFF3  F005         	goto	u471
  1443   000BE2  EFF5  F005         	goto	u470
  1444   000BE6                     u471:
  1445   000BE6  EFE5  F005         	goto	l1148
  1446   000BEA                     u470:
  1447   000BEA                     
  1448                           ;main.c: 188:     }
  1449   000BEA  4A07               	infsnz	display@i^0,f,c
  1450   000BEC  2A08               	incf	(display@i+1)^0,f,c
  1451   000BEE  BE08               	btfsc	(display@i+1)^0,7,c
  1452   000BF0  EF03  F006         	goto	u481
  1453   000BF4  5008               	movf	(display@i+1)^0,w,c
  1454   000BF6  E109               	bnz	u480
  1455   000BF8  0E04               	movlw	4
  1456   000BFA  5C07               	subwf	display@i^0,w,c
  1457   000BFC  A0D8               	btfss	status,0,c
  1458   000BFE  EF03  F006         	goto	u481
  1459   000C02  EF05  F006         	goto	u480
  1460   000C06                     u481:
  1461   000C06  EFCC  F005         	goto	l1138
  1462   000C0A                     u480:
  1463   000C0A  0012               	return		;funcret
  1464   000C0C                     __end_of_display:
  1465                           	callstack 0
  1466                           
  1467 ;; *************** function ___awmod *****************
  1468 ;; Defined at:
  1469 ;;		line 7 in file "C:\Program Files\Microchip\xc8\v3.10\pic\sources\c99\common\awmod.c"
  1470 ;; Parameters:    Size  Location     Type
  1471 ;;  dividend        2    0[COMRAM] int 
  1472 ;;  divisor         2    2[COMRAM] int 
  1473 ;; Auto vars:     Size  Location     Type
  1474 ;;  sign            1    5[COMRAM] unsigned char 
  1475 ;;  counter         1    4[COMRAM] unsigned char 
  1476 ;; Return value:  Size  Location     Type
  1477 ;;                  2    0[COMRAM] int 
  1478 ;; Registers used:
  1479 ;;		wreg, status,2, status,0
  1480 ;; Tracked objects:
  1481 ;;		On entry : 0/0
  1482 ;;		On exit  : 0/0
  1483 ;;		Unchanged: 0/0
  1484 ;; Data sizes:     COMRAM   BANK0   BANK1   BANK2   BANK3   BANK4   BANK5
  1485 ;;      Params:         4       0       0       0       0       0       0
  1486 ;;      Locals:         2       0       0       0       0       0       0
  1487 ;;      Temps:          0       0       0       0       0       0       0
  1488 ;;      Totals:         6       0       0       0       0       0       0
  1489 ;;Total ram usage:        6 bytes
  1490 ;; Hardware stack levels used: 1
  1491 ;; Hardware stack levels required when called: 1
  1492 ;; This function calls:
  1493 ;;		Nothing
  1494 ;; This function is called by:
  1495 ;;		_main
  1496 ;; This function uses a non-reentrant model
  1497 ;;
  1498                           
  1499                           	psect	text3
  1500   000A42                     __ptext3:
  1501                           	callstack 0
  1502   000A42                     ___awmod:
  1503                           	callstack 29
  1504   000A42  6A07               	clrf	___awmod@sign^0,c
  1505   000A44  BE03               	btfsc	(___awmod@dividend+1)^0,7,c
  1506   000A46  EF29  F005         	goto	u550
  1507   000A4A  EF27  F005         	goto	u551
  1508   000A4E                     u551:
  1509   000A4E  EF2F  F005         	goto	l1208
  1510   000A52                     u550:
  1511   000A52  6C02               	negf	___awmod@dividend^0,c
  1512   000A54  1E03               	comf	(___awmod@dividend+1)^0,f,c
  1513   000A56  B0D8               	btfsc	status,0,c
  1514   000A58  2A03               	incf	(___awmod@dividend+1)^0,f,c
  1515   000A5A  0E01               	movlw	1
  1516   000A5C  6E07               	movwf	___awmod@sign^0,c
  1517   000A5E                     l1208:
  1518   000A5E  BE05               	btfsc	(___awmod@divisor+1)^0,7,c
  1519   000A60  EF36  F005         	goto	u560
  1520   000A64  EF34  F005         	goto	u561
  1521   000A68                     u561:
  1522   000A68  EF3A  F005         	goto	l1212
  1523   000A6C                     u560:
  1524   000A6C  6C04               	negf	___awmod@divisor^0,c
  1525   000A6E  1E05               	comf	(___awmod@divisor+1)^0,f,c
  1526   000A70  B0D8               	btfsc	status,0,c
  1527   000A72  2A05               	incf	(___awmod@divisor+1)^0,f,c
  1528   000A74                     l1212:
  1529   000A74  5004               	movf	___awmod@divisor^0,w,c
  1530   000A76  1005               	iorwf	(___awmod@divisor+1)^0,w,c
  1531   000A78  B4D8               	btfsc	status,2,c
  1532   000A7A  EF41  F005         	goto	u571
  1533   000A7E  EF43  F005         	goto	u570
  1534   000A82                     u571:
  1535   000A82  EF67  F005         	goto	l1228
  1536   000A86                     u570:
  1537   000A86  0E01               	movlw	1
  1538   000A88  6E06               	movwf	___awmod@counter^0,c
  1539   000A8A  EF4B  F005         	goto	l1218
  1540   000A8E                     l1216:
  1541   000A8E  90D8               	bcf	status,0,c
  1542   000A90  3604               	rlcf	___awmod@divisor^0,f,c
  1543   000A92  3605               	rlcf	(___awmod@divisor+1)^0,f,c
  1544   000A94  2A06               	incf	___awmod@counter^0,f,c
  1545   000A96                     l1218:
  1546   000A96  AE05               	btfss	(___awmod@divisor+1)^0,7,c
  1547   000A98  EF50  F005         	goto	u581
  1548   000A9C  EF52  F005         	goto	u580
  1549   000AA0                     u581:
  1550   000AA0  EF47  F005         	goto	l1216
  1551   000AA4                     u580:
  1552   000AA4                     l1220:
  1553   000AA4  5004               	movf	___awmod@divisor^0,w,c
  1554   000AA6  5C02               	subwf	___awmod@dividend^0,w,c
  1555   000AA8  5005               	movf	(___awmod@divisor+1)^0,w,c
  1556   000AAA  5803               	subwfb	(___awmod@dividend+1)^0,w,c
  1557   000AAC  A0D8               	btfss	status,0,c
  1558   000AAE  EF5B  F005         	goto	u591
  1559   000AB2  EF5D  F005         	goto	u590
  1560   000AB6                     u591:
  1561   000AB6  EF61  F005         	goto	l1224
  1562   000ABA                     u590:
  1563   000ABA  5004               	movf	___awmod@divisor^0,w,c
  1564   000ABC  5E02               	subwf	___awmod@dividend^0,f,c
  1565   000ABE  5005               	movf	(___awmod@divisor+1)^0,w,c
  1566   000AC0  5A03               	subwfb	(___awmod@dividend+1)^0,f,c
  1567   000AC2                     l1224:
  1568   000AC2  90D8               	bcf	status,0,c
  1569   000AC4  3205               	rrcf	(___awmod@divisor+1)^0,f,c
  1570   000AC6  3204               	rrcf	___awmod@divisor^0,f,c
  1571   000AC8  2E06               	decfsz	___awmod@counter^0,f,c
  1572   000ACA  EF52  F005         	goto	l1220
  1573   000ACE                     l1228:
  1574   000ACE  5007               	movf	___awmod@sign^0,w,c
  1575   000AD0  B4D8               	btfsc	status,2,c
  1576   000AD2  EF6D  F005         	goto	u601
  1577   000AD6  EF6F  F005         	goto	u600
  1578   000ADA                     u601:
  1579   000ADA  EF73  F005         	goto	l1232
  1580   000ADE                     u600:
  1581   000ADE  6C02               	negf	___awmod@dividend^0,c
  1582   000AE0  1E03               	comf	(___awmod@dividend+1)^0,f,c
  1583   000AE2  B0D8               	btfsc	status,0,c
  1584   000AE4  2A03               	incf	(___awmod@dividend+1)^0,f,c
  1585   000AE6                     l1232:
  1586   000AE6  C002  F002         	movff	___awmod@dividend,?___awmod
  1587   000AEA  C003  F003         	movff	___awmod@dividend+1,?___awmod+1
  1588   000AEE  0012               	return		;funcret
  1589   000AF0                     __end_of___awmod:
  1590                           	callstack 0
  1591                           
  1592 ;; *************** function ___awdiv *****************
  1593 ;; Defined at:
  1594 ;;		line 7 in file "C:\Program Files\Microchip\xc8\v3.10\pic\sources\c99\common\awdiv.c"
  1595 ;; Parameters:    Size  Location     Type
  1596 ;;  dividend        2    0[COMRAM] int 
  1597 ;;  divisor         2    2[COMRAM] int 
  1598 ;; Auto vars:     Size  Location     Type
  1599 ;;  quotient        2    6[COMRAM] int 
  1600 ;;  sign            1    5[COMRAM] unsigned char 
  1601 ;;  counter         1    4[COMRAM] unsigned char 
  1602 ;; Return value:  Size  Location     Type
  1603 ;;                  2    0[COMRAM] int 
  1604 ;; Registers used:
  1605 ;;		wreg, status,2, status,0
  1606 ;; Tracked objects:
  1607 ;;		On entry : 0/0
  1608 ;;		On exit  : 0/0
  1609 ;;		Unchanged: 0/0
  1610 ;; Data sizes:     COMRAM   BANK0   BANK1   BANK2   BANK3   BANK4   BANK5
  1611 ;;      Params:         4       0       0       0       0       0       0
  1612 ;;      Locals:         4       0       0       0       0       0       0
  1613 ;;      Temps:          0       0       0       0       0       0       0
  1614 ;;      Totals:         8       0       0       0       0       0       0
  1615 ;;Total ram usage:        8 bytes
  1616 ;; Hardware stack levels used: 1
  1617 ;; Hardware stack levels required when called: 1
  1618 ;; This function calls:
  1619 ;;		Nothing
  1620 ;; This function is called by:
  1621 ;;		_main
  1622 ;; This function uses a non-reentrant model
  1623 ;;
  1624                           
  1625                           	psect	text4
  1626   000982                     __ptext4:
  1627                           	callstack 0
  1628   000982                     ___awdiv:
  1629                           	callstack 29
  1630   000982  6A07               	clrf	___awdiv@sign^0,c
  1631   000984  BE05               	btfsc	(___awdiv@divisor+1)^0,7,c
  1632   000986  EFC9  F004         	goto	u490
  1633   00098A  EFC7  F004         	goto	u491
  1634   00098E                     u491:
  1635   00098E  EFCF  F004         	goto	l1164
  1636   000992                     u490:
  1637   000992  6C04               	negf	___awdiv@divisor^0,c
  1638   000994  1E05               	comf	(___awdiv@divisor+1)^0,f,c
  1639   000996  B0D8               	btfsc	status,0,c
  1640   000998  2A05               	incf	(___awdiv@divisor+1)^0,f,c
  1641   00099A  0E01               	movlw	1
  1642   00099C  6E07               	movwf	___awdiv@sign^0,c
  1643   00099E                     l1164:
  1644   00099E  BE03               	btfsc	(___awdiv@dividend+1)^0,7,c
  1645   0009A0  EFD6  F004         	goto	u500
  1646   0009A4  EFD4  F004         	goto	u501
  1647   0009A8                     u501:
  1648   0009A8  EFDC  F004         	goto	l1170
  1649   0009AC                     u500:
  1650   0009AC  6C02               	negf	___awdiv@dividend^0,c
  1651   0009AE  1E03               	comf	(___awdiv@dividend+1)^0,f,c
  1652   0009B0  B0D8               	btfsc	status,0,c
  1653   0009B2  2A03               	incf	(___awdiv@dividend+1)^0,f,c
  1654   0009B4  0E01               	movlw	1
  1655   0009B6  1A07               	xorwf	___awdiv@sign^0,f,c
  1656   0009B8                     l1170:
  1657   0009B8  6A09               	clrf	(___awdiv@quotient+1)^0,c
  1658   0009BA  0E00               	movlw	0
  1659   0009BC  6E08               	movwf	___awdiv@quotient^0,c
  1660   0009BE  5004               	movf	___awdiv@divisor^0,w,c
  1661   0009C0  1005               	iorwf	(___awdiv@divisor+1)^0,w,c
  1662   0009C2  B4D8               	btfsc	status,2,c
  1663   0009C4  EFE6  F004         	goto	u511
  1664   0009C8  EFE8  F004         	goto	u510
  1665   0009CC                     u511:
  1666   0009CC  EF10  F005         	goto	l1192
  1667   0009D0                     u510:
  1668   0009D0  0E01               	movlw	1
  1669   0009D2  6E06               	movwf	___awdiv@counter^0,c
  1670   0009D4  EFF0  F004         	goto	l1178
  1671   0009D8                     l1176:
  1672   0009D8  90D8               	bcf	status,0,c
  1673   0009DA  3604               	rlcf	___awdiv@divisor^0,f,c
  1674   0009DC  3605               	rlcf	(___awdiv@divisor+1)^0,f,c
  1675   0009DE  2A06               	incf	___awdiv@counter^0,f,c
  1676   0009E0                     l1178:
  1677   0009E0  AE05               	btfss	(___awdiv@divisor+1)^0,7,c
  1678   0009E2  EFF5  F004         	goto	u521
  1679   0009E6  EFF7  F004         	goto	u520
  1680   0009EA                     u521:
  1681   0009EA  EFEC  F004         	goto	l1176
  1682   0009EE                     u520:
  1683   0009EE                     l1180:
  1684   0009EE  90D8               	bcf	status,0,c
  1685   0009F0  3608               	rlcf	___awdiv@quotient^0,f,c
  1686   0009F2  3609               	rlcf	(___awdiv@quotient+1)^0,f,c
  1687   0009F4  5004               	movf	___awdiv@divisor^0,w,c
  1688   0009F6  5C02               	subwf	___awdiv@dividend^0,w,c
  1689   0009F8  5005               	movf	(___awdiv@divisor+1)^0,w,c
  1690   0009FA  5803               	subwfb	(___awdiv@dividend+1)^0,w,c
  1691   0009FC  A0D8               	btfss	status,0,c
  1692   0009FE  EF03  F005         	goto	u531
  1693   000A02  EF05  F005         	goto	u530
  1694   000A06                     u531:
  1695   000A06  EF0A  F005         	goto	l1188
  1696   000A0A                     u530:
  1697   000A0A  5004               	movf	___awdiv@divisor^0,w,c
  1698   000A0C  5E02               	subwf	___awdiv@dividend^0,f,c
  1699   000A0E  5005               	movf	(___awdiv@divisor+1)^0,w,c
  1700   000A10  5A03               	subwfb	(___awdiv@dividend+1)^0,f,c
  1701   000A12  8008               	bsf	___awdiv@quotient^0,0,c
  1702   000A14                     l1188:
  1703   000A14  90D8               	bcf	status,0,c
  1704   000A16  3205               	rrcf	(___awdiv@divisor+1)^0,f,c
  1705   000A18  3204               	rrcf	___awdiv@divisor^0,f,c
  1706   000A1A  2E06               	decfsz	___awdiv@counter^0,f,c
  1707   000A1C  EFF7  F004         	goto	l1180
  1708   000A20                     l1192:
  1709   000A20  5007               	movf	___awdiv@sign^0,w,c
  1710   000A22  B4D8               	btfsc	status,2,c
  1711   000A24  EF16  F005         	goto	u541
  1712   000A28  EF18  F005         	goto	u540
  1713   000A2C                     u541:
  1714   000A2C  EF1C  F005         	goto	l1196
  1715   000A30                     u540:
  1716   000A30  6C08               	negf	___awdiv@quotient^0,c
  1717   000A32  1E09               	comf	(___awdiv@quotient+1)^0,f,c
  1718   000A34  B0D8               	btfsc	status,0,c
  1719   000A36  2A09               	incf	(___awdiv@quotient+1)^0,f,c
  1720   000A38                     l1196:
  1721   000A38  C008  F002         	movff	___awdiv@quotient,?___awdiv
  1722   000A3C  C009  F003         	movff	___awdiv@quotient+1,?___awdiv+1
  1723   000A40  0012               	return		;funcret
  1724   000A42                     __end_of___awdiv:
  1725                           	callstack 0
  1726                           
  1727 ;; *************** function _isr *****************
  1728 ;; Defined at:
  1729 ;;		line 191 in file "main.c"
  1730 ;; Parameters:    Size  Location     Type
  1731 ;;		None
  1732 ;; Auto vars:     Size  Location     Type
  1733 ;;		None
  1734 ;; Return value:  Size  Location     Type
  1735 ;;                  1    wreg      void 
  1736 ;; Registers used:
  1737 ;;		wreg, status,2, status,0
  1738 ;; Tracked objects:
  1739 ;;		On entry : 0/0
  1740 ;;		On exit  : 0/0
  1741 ;;		Unchanged: 0/0
  1742 ;; Data sizes:     COMRAM   BANK0   BANK1   BANK2   BANK3   BANK4   BANK5
  1743 ;;      Params:         0       0       0       0       0       0       0
  1744 ;;      Locals:         0       0       0       0       0       0       0
  1745 ;;      Temps:          0       0       0       0       0       0       0
  1746 ;;      Totals:         0       0       0       0       0       0       0
  1747 ;;Total ram usage:        0 bytes
  1748 ;; Hardware stack levels used: 1
  1749 ;; This function calls:
  1750 ;;		Nothing
  1751 ;; This function is called by:
  1752 ;;		Interrupt level 2
  1753 ;; This function uses a non-reentrant model
  1754 ;;
  1755                           
  1756                           	psect	intcode
  1757   000008                     __pintcode:
  1758                           	callstack 0
  1759   000008                     _isr:
  1760                           	callstack 29
  1761                           
  1762                           ;incstack = 0
  1763   000008  8201               	bsf	int$flags,1,c	;set compiler interrupt flag (level 2)
  1764   00000A  ED78  F005         	call	int_func,f	;refresh shadow registers
  1765                           
  1766                           	psect	intcode_body
  1767   000AF0                     __pintcode_body:
  1768                           	callstack 29
  1769   000AF0                     int_func:
  1770                           	callstack 29
  1771   000AF0  0006               	pop		; remove dummy address from shadow register refresh
  1772   000AF2                     
  1773                           ;main.c: 192:     if (TMR2IF) {
  1774   000AF2  A29E               	btfss	3998,1,c	;volatile
  1775   000AF4  EF7E  F005         	goto	i2u41_41
  1776   000AF8  EF80  F005         	goto	i2u41_40
  1777   000AFC                     i2u41_41:
  1778   000AFC  EFC7  F005         	goto	i2l106
  1779   000B00                     i2u41_40:
  1780   000B00                     
  1781                           ;main.c: 193:         TMR2IF = 0;
  1782   000B00  929E               	bcf	3998,1,c	;volatile
  1783   000B02                     
  1784                           ;main.c: 195:         count++;
  1785   000B02  4A2B               	infsnz	_count^0,f,c
  1786   000B04  2A2C               	incf	(_count+1)^0,f,c
  1787   000B06                     
  1788                           ;main.c: 196:         if (count == 20000) {
  1789   000B06  0E20               	movlw	32
  1790   000B08  182B               	xorwf	_count^0,w,c
  1791   000B0A  E107               	bnz	i2u42_41
  1792   000B0C  0E4E               	movlw	78
  1793   000B0E  182C               	xorwf	(_count+1)^0,w,c
  1794   000B10  A4D8               	btfss	status,2,c
  1795   000B12  EF8D  F005         	goto	i2u42_41
  1796   000B16  EF8F  F005         	goto	i2u42_40
  1797   000B1A                     i2u42_41:
  1798   000B1A  EFC7  F005         	goto	i2l106
  1799   000B1E                     i2u42_40:
  1800   000B1E                     
  1801                           ;main.c: 197:             count = 0;
  1802   000B1E  6A2C               	clrf	(_count+1)^0,c
  1803   000B20  0E00               	movlw	0
  1804   000B22  6E2B               	movwf	_count^0,c
  1805                           
  1806                           ;main.c: 199:             if (mode == 0) {
  1807   000B24  502D               	movf	_mode^0,w,c
  1808   000B26  A4D8               	btfss	status,2,c
  1809   000B28  EF98  F005         	goto	i2u43_41
  1810   000B2C  EF9A  F005         	goto	i2u43_40
  1811   000B30                     i2u43_41:
  1812   000B30  EFC7  F005         	goto	i2l106
  1813   000B34                     i2u43_40:
  1814   000B34                     
  1815                           ;main.c: 200:                 if (second > 0) {
  1816   000B34  BE24               	btfsc	(_second+1)^0,7,c
  1817   000B36  EFA5  F005         	goto	i2u44_41
  1818   000B3A  5024               	movf	(_second+1)^0,w,c
  1819   000B3C  E108               	bnz	i2u44_40
  1820   000B3E  0423               	decf	_second^0,w,c
  1821   000B40  A0D8               	btfss	status,0,c
  1822   000B42  EFA5  F005         	goto	i2u44_41
  1823   000B46  EFA7  F005         	goto	i2u44_40
  1824   000B4A                     i2u44_41:
  1825   000B4A  EFAC  F005         	goto	i2l1124
  1826   000B4E                     i2u44_40:
  1827   000B4E                     
  1828                           ;main.c: 201:                     second--;
  1829   000B4E  0623               	decf	_second^0,f,c
  1830   000B50  A0D8               	btfss	status,0,c
  1831   000B52  0624               	decf	(_second+1)^0,f,c
  1832                           
  1833                           ;main.c: 202:                 } else {
  1834   000B54  EFC7  F005         	goto	i2l106
  1835   000B58                     i2l1124:
  1836                           
  1837                           ;main.c: 203:                     if (minute > 0) {
  1838   000B58  BE2A               	btfsc	(_minute+1)^0,7,c
  1839   000B5A  EFB7  F005         	goto	i2u45_41
  1840   000B5E  502A               	movf	(_minute+1)^0,w,c
  1841   000B60  E108               	bnz	i2u45_40
  1842   000B62  0429               	decf	_minute^0,w,c
  1843   000B64  A0D8               	btfss	status,0,c
  1844   000B66  EFB7  F005         	goto	i2u45_41
  1845   000B6A  EFB9  F005         	goto	i2u45_40
  1846   000B6E                     i2u45_41:
  1847   000B6E  EFC1  F005         	goto	i2l1130
  1848   000B72                     i2u45_40:
  1849   000B72                     
  1850                           ;main.c: 204:                         minute--;
  1851   000B72  0629               	decf	_minute^0,f,c
  1852   000B74  A0D8               	btfss	status,0,c
  1853   000B76  062A               	decf	(_minute+1)^0,f,c
  1854   000B78                     
  1855                           ;main.c: 205:                         second = 59;
  1856   000B78  6A24               	clrf	(_second+1)^0,c
  1857   000B7A  0E3B               	movlw	59
  1858   000B7C  6E23               	movwf	_second^0,c
  1859                           
  1860                           ;main.c: 206:                     } else {
  1861   000B7E  EFC7  F005         	goto	i2l106
  1862   000B82                     i2l1130:
  1863                           
  1864                           ;main.c: 208:                         minute = 0;
  1865   000B82  6A2A               	clrf	(_minute+1)^0,c
  1866   000B84  0E00               	movlw	0
  1867   000B86  6E29               	movwf	_minute^0,c
  1868                           
  1869                           ;main.c: 209:                         second = 0;
  1870   000B88  6A24               	clrf	(_second+1)^0,c
  1871   000B8A  0E00               	movlw	0
  1872   000B8C  6E23               	movwf	_second^0,c
  1873   000B8E                     i2l106:
  1874   000B8E  9201               	bcf	int$flags,1,c	;clear compiler interrupt flag (level 2)
  1875   000B90  0011               	retfie		f
  1876   000B92                     __end_of_isr:
  1877                           	callstack 0
  1878                           
  1879                           	psect	smallconst
  1880   000600                     __psmallconst:
  1881                           	callstack 0
  1882   000600  00                 	db	0
  1883   000601  00                 	db	0	; dummy byte at the end
  1884   000600                     __smallconst    set	__psmallconst
  1885   000600                     __mediumconst   set	__psmallconst
  1886   000000                     __activetblptr  equ	0
  1887                           
  1888                           	psect	rparam
  1889   000001                     ___rparam_used  equ	1
  1890   000000                     ___param_bank   equ	0
  1891   000000                     __Lparam        equ	__Lrparam
  1892   000000                     __Hparam        equ	__Hrparam
  1893   000001                     btemp           set	1	;btemp
  1894   000001                     int$flags       set	1
  1895   000001                     btemp0          set	1
  1896   000002                     btemp1          set	2
  1897                           
  1898                           	psect	idloc
  1899                           
  1900                           ;Config register IDLOC0 @ 0x200000
  1901                           ;	unspecified, using default values
  1902   200000                     	org	2097152
  1903   200000  FF                 	db	255
  1904                           
  1905                           ;Config register IDLOC1 @ 0x200001
  1906                           ;	unspecified, using default values
  1907   200001                     	org	2097153
  1908   200001  FF                 	db	255
  1909                           
  1910                           ;Config register IDLOC2 @ 0x200002
  1911                           ;	unspecified, using default values
  1912   200002                     	org	2097154
  1913   200002  FF                 	db	255
  1914                           
  1915                           ;Config register IDLOC3 @ 0x200003
  1916                           ;	unspecified, using default values
  1917   200003                     	org	2097155
  1918   200003  FF                 	db	255
  1919                           
  1920                           ;Config register IDLOC4 @ 0x200004
  1921                           ;	unspecified, using default values
  1922   200004                     	org	2097156
  1923   200004  FF                 	db	255
  1924                           
  1925                           ;Config register IDLOC5 @ 0x200005
  1926                           ;	unspecified, using default values
  1927   200005                     	org	2097157
  1928   200005  FF                 	db	255
  1929                           
  1930                           ;Config register IDLOC6 @ 0x200006
  1931                           ;	unspecified, using default values
  1932   200006                     	org	2097158
  1933   200006  FF                 	db	255
  1934                           
  1935                           ;Config register IDLOC7 @ 0x200007
  1936                           ;	unspecified, using default values
  1937   200007                     	org	2097159
  1938   200007  FF                 	db	255
  1939                           
  1940                           	psect	config
  1941                           
  1942                           ; Padding undefined space
  1943   300000                     	org	3145728
  1944   300000  FF                 	db	255
  1945                           
  1946                           ;Config register CONFIG1H @ 0x300001
  1947                           ;	unspecified, using default values
  1948                           ;	Oscillator Selection bits
  1949                           ;	OSC = 0x7, unprogrammed default
  1950                           ;	Fail-Safe Clock Monitor Enable bit
  1951                           ;	FCMEN = 0x0, unprogrammed default
  1952                           ;	Internal/External Oscillator Switchover bit
  1953                           ;	IESO = 0x0, unprogrammed default
  1954   300001                     	org	3145729
  1955   300001  07                 	db	7
  1956                           
  1957                           ;Config register CONFIG2L @ 0x300002
  1958                           ;	unspecified, using default values
  1959                           ;	Power-up Timer Enable bit
  1960                           ;	PWRT = 0x1, unprogrammed default
  1961                           ;	Brown-out Reset Enable bits
  1962                           ;	BOREN = 0x3, unprogrammed default
  1963                           ;	Brown-out Reset Voltage bits
  1964                           ;	BORV = 0x3, unprogrammed default
  1965   300002                     	org	3145730
  1966   300002  1F                 	db	31
  1967                           
  1968                           ;Config register CONFIG2H @ 0x300003
  1969                           ;	unspecified, using default values
  1970                           ;	Watchdog Timer Enable bit
  1971                           ;	WDT = 0x1, unprogrammed default
  1972                           ;	Watchdog Timer Postscale Select bits
  1973                           ;	WDTPS = 0xF, unprogrammed default
  1974   300003                     	org	3145731
  1975   300003  1F                 	db	31
  1976                           
  1977                           ; Padding undefined space
  1978   300004                     	org	3145732
  1979   300004  FF                 	db	255
  1980                           
  1981                           ;Config register CONFIG3H @ 0x300005
  1982                           ;	unspecified, using default values
  1983                           ;	PORTB A/D Enable bit
  1984                           ;	PBADEN = 0x1, unprogrammed default
  1985                           ;	Low-Power Timer 1 Oscillator Enable bit
  1986                           ;	LPT1OSC = 0x0, unprogrammed default
  1987                           ;	MCLR Pin Enable bit
  1988                           ;	MCLRE = 0x1, unprogrammed default
  1989   300005                     	org	3145733
  1990   300005  82                 	db	130
  1991                           
  1992                           ;Config register CONFIG4L @ 0x300006
  1993                           ;	unspecified, using default values
  1994                           ;	Stack Full/Underflow Reset Enable bit
  1995                           ;	STVREN = 0x1, unprogrammed default
  1996                           ;	Single-Supply ICSP Enable bit
  1997                           ;	LVP = 0x1, unprogrammed default
  1998                           ;	Boot Block Size Select bit
  1999                           ;	BBSIZ = 0x0, unprogrammed default
  2000                           ;	Extended Instruction Set Enable bit
  2001                           ;	XINST = 0x0, unprogrammed default
  2002                           ;	Background Debugger Enable bit
  2003                           ;	DEBUG = 0x1, unprogrammed default
  2004   300006                     	org	3145734
  2005   300006  85                 	db	133
  2006                           
  2007                           ; Padding undefined space
  2008   300007                     	org	3145735
  2009   300007  FF                 	db	255
  2010                           
  2011                           ;Config register CONFIG5L @ 0x300008
  2012                           ;	unspecified, using default values
  2013                           ;	Code Protection bit
  2014                           ;	CP0 = 0x1, unprogrammed default
  2015                           ;	Code Protection bit
  2016                           ;	CP1 = 0x1, unprogrammed default
  2017                           ;	Code Protection bit
  2018                           ;	CP2 = 0x1, unprogrammed default
  2019                           ;	Code Protection bit
  2020                           ;	CP3 = 0x1, unprogrammed default
  2021   300008                     	org	3145736
  2022   300008  0F                 	db	15
  2023                           
  2024                           ;Config register CONFIG5H @ 0x300009
  2025                           ;	unspecified, using default values
  2026                           ;	Boot Block Code Protection bit
  2027                           ;	CPB = 0x1, unprogrammed default
  2028                           ;	Data EEPROM Code Protection bit
  2029                           ;	CPD = 0x1, unprogrammed default
  2030   300009                     	org	3145737
  2031   300009  C0                 	db	192
  2032                           
  2033                           ;Config register CONFIG6L @ 0x30000A
  2034                           ;	unspecified, using default values
  2035                           ;	Write Protection bit
  2036                           ;	WRT0 = 0x1, unprogrammed default
  2037                           ;	Write Protection bit
  2038                           ;	WRT1 = 0x1, unprogrammed default
  2039                           ;	Write Protection bit
  2040                           ;	WRT2 = 0x1, unprogrammed default
  2041                           ;	Write Protection bit
  2042                           ;	WRT3 = 0x1, unprogrammed default
  2043   30000A                     	org	3145738
  2044   30000A  0F                 	db	15
  2045                           
  2046                           ;Config register CONFIG6H @ 0x30000B
  2047                           ;	unspecified, using default values
  2048                           ;	Configuration Register Write Protection bit
  2049                           ;	WRTC = 0x1, unprogrammed default
  2050                           ;	Boot Block Write Protection bit
  2051                           ;	WRTB = 0x1, unprogrammed default
  2052                           ;	Data EEPROM Write Protection bit
  2053                           ;	WRTD = 0x1, unprogrammed default
  2054   30000B                     	org	3145739
  2055   30000B  E0                 	db	224
  2056                           
  2057                           ;Config register CONFIG7L @ 0x30000C
  2058                           ;	unspecified, using default values
  2059                           ;	Table Read Protection bit
  2060                           ;	EBTR0 = 0x1, unprogrammed default
  2061                           ;	Table Read Protection bit
  2062                           ;	EBTR1 = 0x1, unprogrammed default
  2063                           ;	Table Read Protection bit
  2064                           ;	EBTR2 = 0x1, unprogrammed default
  2065                           ;	Table Read Protection bit
  2066                           ;	EBTR3 = 0x1, unprogrammed default
  2067   30000C                     	org	3145740
  2068   30000C  0F                 	db	15
  2069                           
  2070                           ;Config register CONFIG7H @ 0x30000D
  2071                           ;	unspecified, using default values
  2072                           ;	Boot Block Table Read Protection bit
  2073                           ;	EBTRB = 0x1, unprogrammed default
  2074   30000D                     	org	3145741
  2075   30000D  40                 	db	64
  2076                           tosu	equ	0xFFF
  2077                           tosh	equ	0xFFE
  2078                           tosl	equ	0xFFD
  2079                           stkptr	equ	0xFFC
  2080                           pclatu	equ	0xFFB
  2081                           pclath	equ	0xFFA
  2082                           pcl	equ	0xFF9
  2083                           tblptru	equ	0xFF8
  2084                           tblptrh	equ	0xFF7
  2085                           tblptrl	equ	0xFF6
  2086                           tablat	equ	0xFF5
  2087                           prodh	equ	0xFF4
  2088                           prodl	equ	0xFF3
  2089                           indf0	equ	0xFEF
  2090                           postinc0	equ	0xFEE
  2091                           postdec0	equ	0xFED
  2092                           preinc0	equ	0xFEC
  2093                           plusw0	equ	0xFEB
  2094                           fsr0h	equ	0xFEA
  2095                           fsr0l	equ	0xFE9
  2096                           wreg	equ	0xFE8
  2097                           indf1	equ	0xFE7
  2098                           postinc1	equ	0xFE6
  2099                           postdec1	equ	0xFE5
  2100                           preinc1	equ	0xFE4
  2101                           plusw1	equ	0xFE3
  2102                           fsr1h	equ	0xFE2
  2103                           fsr1l	equ	0xFE1
  2104                           bsr	equ	0xFE0
  2105                           indf2	equ	0xFDF
  2106                           postinc2	equ	0xFDE
  2107                           postdec2	equ	0xFDD
  2108                           preinc2	equ	0xFDC
  2109                           plusw2	equ	0xFDB
  2110                           fsr2h	equ	0xFDA
  2111                           fsr2l	equ	0xFD9
  2112                           status	equ	0xFD8

Data Sizes:
    Strings     0
    Constant    0
    Data        14
    BSS         7
    Persistent  0
    Stack       0

Auto Spaces:
    Space          Size  Autos    Used
    COMRAM           94     23      44
    BANK0           160      0       0
    BANK1           256      0       0
    BANK2           256      0       0
    BANK3           256      0       0
    BANK4           256      0       0
    BANK5           256      0       0

Pointer List with Targets:

    display@ssd	PTR unsigned char  size(1) Largest target is 4
		 -> main@ssd(COMRAM[4]), 


Critical Paths under _main in COMRAM

    _main->___awdiv

Critical Paths under _isr in COMRAM

    None.

Critical Paths under _main in BANK0

    None.

Critical Paths under _isr in BANK0

    None.

Critical Paths under _main in BANK1

    None.

Critical Paths under _isr in BANK1

    None.

Critical Paths under _main in BANK2

    None.

Critical Paths under _isr in BANK2

    None.

Critical Paths under _main in BANK3

    None.

Critical Paths under _isr in BANK3

    None.

Critical Paths under _main in BANK4

    None.

Critical Paths under _isr in BANK4

    None.

Critical Paths under _main in BANK5

    None.

Critical Paths under _isr in BANK5

    None.

Call Graph Tables:

 ---------------------------------------------------------------------------------
 (Depth) Function   	        Calls       Base Space   Used Autos Params    Refs
 ---------------------------------------------------------------------------------
 (0) _main                                                15    15      0    1562
                                              8 COMRAM    15    15      0
                            ___awdiv
                            ___awmod
                            _display
                        _read_switch
 ---------------------------------------------------------------------------------
 (1) _read_switch                                          1     1      0      30
                                              0 COMRAM     1     1      0
 ---------------------------------------------------------------------------------
 (1) _display                                              7     6      1     160
                                              0 COMRAM     7     6      1
 ---------------------------------------------------------------------------------
 (1) ___awmod                                              6     2      4     310
                                              0 COMRAM     6     2      4
 ---------------------------------------------------------------------------------
 (1) ___awdiv                                              8     4      4     312
                                              0 COMRAM     8     4      4
 ---------------------------------------------------------------------------------
 Estimated maximum stack depth 1
 ---------------------------------------------------------------------------------
 (Depth) Function   	        Calls       Base Space   Used Autos Params    Refs
 ---------------------------------------------------------------------------------
 (2) _isr                                                  0     0      0       0
 ---------------------------------------------------------------------------------
 Estimated maximum stack depth 2
 ---------------------------------------------------------------------------------

 Call Graph Graphs:

 _main (ROOT)
   ___awdiv
   ___awmod
   _display
   _read_switch

 _isr (ROOT)

Address spaces:
Name               Size   Autos  Total    Usage
BIGRAM            1535      0       0      0.0%
BITBIGSFRll        640      0       0      0.0%
BITBANK5           256      0       0      0.0%
BANK5              256      0       0      0.0%
BITBANK4           256      0       0      0.0%
BANK4              256      0       0      0.0%
BITBANK3           256      0       0      0.0%
BANK3              256      0       0      0.0%
BITBANK2           256      0       0      0.0%
BANK2              256      0       0      0.0%
BITBANK1           256      0       0      0.0%
BANK1              256      0       0      0.0%
BITBANK0           160      0       0      0.0%
BANK0              160      0       0      0.0%
BITBIGSFRh          98      0       0      0.0%
BITCOMRAM           94      0       0      0.0%
COMRAM              94     23      44     46.8%
BITBIGSFRlh         28      0       0      0.0%
STACK                0      0       0      0.0%
DATA                 0      0      44      0.0%


Microchip Technology PIC18 Macro Assembler V3.10 build 20250813170317 
Symbol Table                                                                                   Tue Mar 31 10:14:58 2026

                     l52 065E                       l62 0830                       l71 0898  
                     l55 06C6                       l73 0972                       l82 0C82  
                     l74 0932                       l94 0C0A                       u10 0C1E  
                     u11 0C1A                       u20 0C36                       u21 0C32  
                     u30 0C4A                       u31 0C46                       u40 0C5C  
                     u41 0C58                       u50 0C7A                       u51 0C76  
           ___awdiv@sign 0007                      l450 0A40                      l463 0AEE  
                    l900 0C26                      l902 0C36                      l904 0C4A  
                    l906 0C5C                      l914 0C66                      l916 0C7A  
                    l918 0C80                      l892 0C0E                      l894 0C1E  
                    _GIE 7F97                      u500 09AC                      u501 09A8  
                    u510 09D0                      _PR2 0FCB                      u511 09CC  
                    u520 09EE                      u600 0ADE                      u521 09EA  
                    u601 0ADA                      u530 0A0A                      u531 0A06  
                    u611 0612                      u540 0A30                      u700 079A  
                    u620 0648                      u541 0A2C                      u701 0796  
                    u621 0644                      u550 0A52                      u470 0BEA  
                    u710 07B6                      u630 065A                      u551 0A4E  
                    u471 0BE6                      u711 07B2                      u631 0654  
                    u560 0A6C                      u480 0C0A                      u464 0BB6  
                    u800 08F2                      u720 07C8                      u640 065C  
                    u561 0A68                      u481 0C06                      u465 0BB2  
                    u801 08EE                      u721 07C4                      u490 0992  
                    u570 0A86                      u730 07DC                      u650 066E  
                    u491 098E                      u571 0A82                      u731 07D8  
                    u651 066A                      u580 0AA4                      u740 07FA  
                    u660 0684                      u581 0AA0                      u741 07F6  
                    u661 0680                      u590 0ABA                      u750 0816  
                    u670 073E                      u591 0AB6                      u751 0812  
                    u671 073A                      u760 082A                      u680 0750  
                    u761 0824                      u681 074C                      u770 082C  
                    u690 0770                      u691 076C                      u780 0842  
                    u781 083E                      u790 0858                      u791 0854  
                    _isr 0008             ___awmod@sign 0007                      wreg 0FE8  
                   l1200 0A42                     l1210 0A6C                     l1202 0A44  
                   l1220 0AA4                     l1212 0A74                     l1204 0A52  
                   l1140 0BA4                     l1132 0B92                     l1300 07EC  
                   l1230 0ADE                     l1222 0ABA                     l1214 0A86  
                   l1206 0A5A                     l1150 0BCE                     l1142 0BC4  
                   l1310 0858                     l1302 07FA                     l1160 0992  
                   l1232 0AE6                     l1224 0AC2                     l1216 0A8E  
                   l1208 0A5E                     l1152 0BEA                     l1312 089C  
                   l1304 0804                     l1240 0608                     l1170 09B8  
                   l1162 099A                     l1226 0AC8                     l1218 0A96  
                   l1154 0BEE                     l1138 0B98                     l1314 08DC  
                   l1306 0816                     l1250 0622                     l1242 061A  
                   l1180 09EE                     l1172 09BE                     l1164 099E  
                   l1156 0982                     l1228 0ACE                     l1148 0BCA  
                   l1316 08F2                     l1308 0842                     l1260 062E  
                   l1252 0624                     l1244 061C                     l1236 0602  
                   l1190 0A1A                     l1182 09F4                     l1174 09D0  
                   l1166 09AC                     l1158 0984                     l1318 0936  
                   l1270 06A8                     l1262 0636                     l1254 0626  
                   l1246 061E                     l1238 0604                     l1184 0A0A  
                   l1176 09D8                     l1192 0A20                     l1168 09B4  
                   l1280 0770                     l1272 072C                     l1264 0648  
                   l1256 062A                     l1248 0620                     l1194 0A30  
                   l1186 0A12                     l1178 09E0                     l1290 07B6  
                   l1282 077A                     l1274 073E                     l1266 066E  
                   l1258 062C                     l1196 0A38                     l1188 0A14  
                   l1292 07C8                     l1284 077E                     l1276 0750  
                   l1268 0684                     l1294 07CE                     l1286 079A  
                   l1278 0754                     l1296 07DC                     l1288 07A4  
                   l1298 07E6                     ?_isr 0002                     _PEIE 7F96  
                   _TMR2 0FCC              display@i_68 0005                     _main 0602  
                   _mode 002D                     _once 0025                     fsr2h 0FDA  
                   indf2 0FDF                     fsr1l 0FE1                     fsr2l 0FD9  
                   btemp 0001                     start 000E             ___param_bank 0000  
                  ??_isr 0002                    ?_main 0002          __end_of___awdiv 0A42  
        __end_of___awmod 0AF0          ___awdiv@divisor 0004                    i2l106 0B8E  
        ___awdiv@counter 0006                    _PORTA 0F80                    _PORTC 0F82  
                  _PORTD 0F83                    _TRISA 0F92                    _TRISD 0F95  
        __end_of_display 0C0C                    _field 0027                    _count 002B  
                  btemp0 0001                    btemp1 0002             ?_read_switch 0002  
                  tablat 0FF5                    plusw1 0FE3                    plusw2 0FDB  
                  status 0FD8          __initialization 0C84             __end_of_main 0982  
                 ??_main 000A            __activetblptr 0000         ___awdiv@dividend 0002  
                 i2l1110 0AF2                   i2l1120 0B34                   i2l1112 0B00  
                 i2l1130 0B82                   i2l1122 0B4E                   i2l1114 0B02  
                 i2l1124 0B58                   i2l1116 0B06                   i2l1126 0B72  
                 i2l1118 0B1E                   i2l1128 0B78                   _TMR2IE 7CE9  
                 _TMR2IF 7CF1                   _TMR2ON 7E52                ??___awdiv 0006  
              ??___awmod 0006                   clear_0 0CAA         ___awdiv@quotient 0008  
                 _minute 0029                   _second 0023          ___awmod@divisor 0004  
                 isa$std 0001          ___awmod@counter 0006                ??_display 0003  
           __pdataCOMRAM 0019             __mediumconst 0600                   tblptrh 0FF7  
                 tblptrl 0FF6                   tblptru 0FF8               __accesstop 0060  
__end_of__initialization 0CB0            ___rparam_used 0001           __pcstackCOMRAM 0002  
      read_switch@detect 0002                  _T2CKPS0 7E50                  _T2CKPS1 7E51  
                i2u41_40 0B00                  i2u41_41 0AFC                  i2u42_40 0B1E  
                i2u42_41 0B1A                  i2u43_40 0B34                  i2u43_41 0B30  
                i2u44_40 0B4E                  i2u44_41 0B4A                  i2u45_40 0B72  
                i2u45_41 0B6E                  __Hparam 0000                  __Lparam 0000  
                ___awdiv 0982                  ___awmod 0A42             __psmallconst 0600  
                __pcinit 0C84                  __ramtop 0600                  __ptext0 0602  
                __ptext1 0C0C                  __ptext2 0B92                  __ptext3 0A42  
                __ptext4 0982                  _display 0B92         ___awmod@dividend 0002  
                main@key 0014                  main@ssd 0015           __pintcode_body 0AF0  
   end_of_initialization 0CB0                  int_func 0AF0                  postdec1 0FE5  
                postinc0 0FEE               main@F10492 0019               display@ssd 0002  
          __pidataCOMRAM 0CBA      start_initialization 0C84              __end_of_isr 0B92  
            __pbssCOMRAM 0027            ??_read_switch 0002                __pintcode 0008  
               ?___awdiv 0002                 ?___awmod 0002                 ?_display 0002  
            __smallconst 0600      __end_of_read_switch 0C84                main@digit 000A  
              copy_data0 0C98                 __Hrparam 0000                 __Lrparam 0000  
            _read_switch 0C0C                 isa$xinst 0000                 int$flags 0001  
               display@i 0007                 intlevel2 0000  
