

Microchip MPLAB XC8 Assembler V3.10 build 20250813170317 
                                                                                               Thu Mar 12 09:46:38 2026

Microchip MPLAB XC8 C Compiler v3.10 (Free license) build 20250813170317 Og1 
     1                           	processor	18F4580
     2                           	fnconf	rparam,??,?,0
     3                           	pagewidth 120
     4                           	opt	flic
     5                           	psect	idataCOMRAM,global,class=CODE,space=0,delta=1,noexec
     6                           	psect	nvCOMRAM,global,class=COMRAM,space=1,delta=1,lowdata,noexec
     7                           	psect	cinit,global,reloc=2,class=CODE,space=0,delta=1
     8                           	psect	bssCOMRAM,global,class=COMRAM,space=1,delta=1,lowdata,noexec
     9                           	psect	dataCOMRAM,global,class=COMRAM,space=1,delta=1,lowdata,noexec
    10                           	psect	cstackCOMRAM,global,class=COMRAM,space=1,delta=1,lowdata,noexec
    11                           	psect	text0,global,reloc=2,class=CODE,space=0,delta=1
    12                           	psect	text1,global,reloc=2,class=CODE,space=0,delta=1
    13                           	psect	text2,global,reloc=2,class=CODE,space=0,delta=1
    14                           	psect	text3,global,reloc=2,class=CODE,space=0,delta=1
    15                           	psect	text4,global,reloc=2,class=CODE,space=0,delta=1
    16                           	psect	text5,global,reloc=2,class=CODE,space=0,delta=1,group=1
    17                           	psect	text6,global,reloc=2,class=CODE,space=0,delta=1,group=1
    18                           	psect	smallconst,global,reloc=2,class=SMALLCONST,space=0,delta=1,noexec
    19                           	psect	intsave_regs,global,class=BIGRAM,space=1,delta=1,noexec
    20                           	psect	rparam,global,class=COMRAM,space=1,delta=1,noexec
    21                           	psect	idloc,global,abs,ovrld,class=IDLOC,space=5,delta=1,noexec
    22                           	psect	config,global,abs,ovrld,class=CONFIG,space=4,delta=1,noexec
    23   000000                     
    24                           ; Version 2.40
    25                           ; Generated 17/11/2021 GMT
    26                           ; 
    27                           ; Copyright © 2021, Microchip Technology Inc. and its subsidiaries ("Microchip")
    28                           ; All rights reserved.
    29                           ; 
    30                           ; This software is developed by Microchip Technology Inc. and its subsidiaries ("Microch
      +                          ip").
    31                           ; 
    32                           ; Redistribution and use in source and binary forms, with or without modification, are
    33                           ; permitted provided that the following conditions are met:
    34                           ; 
    35                           ;     1. Redistributions of source code must retain the above copyright notice, this lis
      +                          t of
    36                           ;        conditions and the following disclaimer.
    37                           ; 
    38                           ;     2. Redistributions in binary form must reproduce the above copyright notice, this 
      +                          list
    39                           ;        of conditions and the following disclaimer in the documentation and/or other
    40                           ;        materials provided with the distribution. Publication is not required when
    41                           ;        this file is used in an embedded application.
    42                           ; 
    43                           ;     3. Microchip's name may not be used to endorse or promote products derived from th
      +                          is
    44                           ;        software without specific prior written permission.
    45                           ; 
    46                           ; THIS SOFTWARE IS PROVIDED BY MICROCHIP "AS IS" AND ANY EXPRESS OR IMPLIED WARRANTIES,
    47                           ; INCLUDING, BUT NOT LIMITED TO, THE IMPLIED WARRANTIES OF MERCHANTABILITY AND FITNESS F
      +                          OR
    48                           ; PURPOSE ARE DISCLAIMED.  IN NO EVENT SHALL MICROCHIP BE LIABLE FOR ANY DIRECT, INDIREC
      +                          T,
    49                           ; INCIDENTAL, SPECIAL, EXEMPLARY, OR CONSEQUENTIAL DAMAGES (INCLUDING BUT NOT LIMITED TO
    50                           ; PROCUREMENT OF SUBSTITUTE GOODS OR SERVICES; LOSS OF USE, DATA OR PROFITS; OR BUSINESS
    51                           ; INTERRUPTION) HOWSOEVER CAUSED AND ON ANY THEORY OF LIABILITY, WHETHER IN CONTRACT, ST
      +                          RICT
    52                           ; LIABILITY, OR TORT (INCLUDING NEGLIGENCE OR OTHERWISE) ARISING IN ANY WAY OUT OF THE U
      +                          SE OF
    53                           ; THIS SOFTWARE, EVEN IF ADVISED OF THE POSSIBILITY OF SUCH DAMAGE.
    54                           ; 
    55                           ; 
    56                           ; Code-generator required, PIC18F4580 Definitions
    57                           ; 
    58                           ; SFR Addresses
    59   000FE0                     bsr             equ	4064
    60   000FE9                     fsr0            equ	4073
    61   000FEA                     fsr0h           equ	4074
    62   000FE9                     fsr0l           equ	4073
    63   000FE1                     fsr1            equ	4065
    64   000FE2                     fsr1h           equ	4066
    65   000FE1                     fsr1l           equ	4065
    66   000FD9                     fsr2            equ	4057
    67   000FDA                     fsr2h           equ	4058
    68   000FD9                     fsr2l           equ	4057
    69   000FEF                     indf0           equ	4079
    70   000FE7                     indf1           equ	4071
    71   000FDF                     indf2           equ	4063
    72   000FF2                     intcon          equ	4082
    73   000000                     nvmcon          equ	0
    74   000FF9                     pcl             equ	4089
    75   000FFA                     pclath          equ	4090
    76   000FFB                     pclatu          equ	4091
    77   000FEB                     plusw0          equ	4075
    78   000FE3                     plusw1          equ	4067
    79   000FDB                     plusw2          equ	4059
    80   000FED                     postdec0        equ	4077
    81   000FE5                     postdec1        equ	4069
    82   000FDD                     postdec2        equ	4061
    83   000FEE                     postinc0        equ	4078
    84   000FE6                     postinc1        equ	4070
    85   000FDE                     postinc2        equ	4062
    86   000FEC                     preinc0         equ	4076
    87   000FE4                     preinc1         equ	4068
    88   000FDC                     preinc2         equ	4060
    89   000FF3                     prod            equ	4083
    90   000FF4                     prodh           equ	4084
    91   000FF3                     prodl           equ	4083
    92   000FD8                     status          equ	4056
    93   000FF5                     tablat          equ	4085
    94   000FF6                     tblptr          equ	4086
    95   000FF7                     tblptrh         equ	4087
    96   000FF6                     tblptrl         equ	4086
    97   000FF8                     tblptru         equ	4088
    98   000FFD                     tosl            equ	4093
    99   000FE8                     wreg            equ	4072
   100   000D60                     RXF6SIDH        equ	3424	;# 
   101   000D61                     RXF6SIDL        equ	3425	;# 
   102   000D62                     RXF6EIDH        equ	3426	;# 
   103   000D63                     RXF6EIDL        equ	3427	;# 
   104   000D64                     RXF7SIDH        equ	3428	;# 
   105   000D65                     RXF7SIDL        equ	3429	;# 
   106   000D66                     RXF7EIDH        equ	3430	;# 
   107   000D67                     RXF7EIDL        equ	3431	;# 
   108   000D68                     RXF8SIDH        equ	3432	;# 
   109   000D69                     RXF8SIDL        equ	3433	;# 
   110   000D6A                     RXF8EIDH        equ	3434	;# 
   111   000D6B                     RXF8EIDL        equ	3435	;# 
   112   000D70                     RXF9SIDH        equ	3440	;# 
   113   000D71                     RXF9SIDL        equ	3441	;# 
   114   000D72                     RXF9EIDH        equ	3442	;# 
   115   000D73                     RXF9EIDL        equ	3443	;# 
   116   000D74                     RXF10SIDH       equ	3444	;# 
   117   000D75                     RXF10SIDL       equ	3445	;# 
   118   000D76                     RXF10EIDH       equ	3446	;# 
   119   000D77                     RXF10EIDL       equ	3447	;# 
   120   000D78                     RXF11SIDH       equ	3448	;# 
   121   000D79                     RXF11SIDL       equ	3449	;# 
   122   000D7A                     RXF11EIDH       equ	3450	;# 
   123   000D7B                     RXF11EIDL       equ	3451	;# 
   124   000D80                     RXF12SIDH       equ	3456	;# 
   125   000D81                     RXF12SIDL       equ	3457	;# 
   126   000D82                     RXF12EIDH       equ	3458	;# 
   127   000D83                     RXF12EIDL       equ	3459	;# 
   128   000D84                     RXF13SIDH       equ	3460	;# 
   129   000D85                     RXF13SIDL       equ	3461	;# 
   130   000D86                     RXF13EIDH       equ	3462	;# 
   131   000D87                     RXF13EIDL       equ	3463	;# 
   132   000D88                     RXF14SIDH       equ	3464	;# 
   133   000D89                     RXF14SIDL       equ	3465	;# 
   134   000D8A                     RXF14EIDH       equ	3466	;# 
   135   000D8B                     RXF14EIDL       equ	3467	;# 
   136   000D90                     RXF15SIDH       equ	3472	;# 
   137   000D91                     RXF15SIDL       equ	3473	;# 
   138   000D92                     RXF15EIDH       equ	3474	;# 
   139   000D93                     RXF15EIDL       equ	3475	;# 
   140   000DD4                     RXFCON0         equ	3540	;# 
   141   000DD5                     RXFCON1         equ	3541	;# 
   142   000DD8                     SDFLC           equ	3544	;# 
   143   000DE0                     RXFBCON0        equ	3552	;# 
   144   000DE1                     RXFBCON1        equ	3553	;# 
   145   000DE2                     RXFBCON2        equ	3554	;# 
   146   000DE3                     RXFBCON3        equ	3555	;# 
   147   000DE4                     RXFBCON4        equ	3556	;# 
   148   000DE5                     RXFBCON5        equ	3557	;# 
   149   000DE6                     RXFBCON6        equ	3558	;# 
   150   000DE7                     RXFBCON7        equ	3559	;# 
   151   000DF0                     MSEL0           equ	3568	;# 
   152   000DF1                     MSEL1           equ	3569	;# 
   153   000DF2                     MSEL2           equ	3570	;# 
   154   000DF3                     MSEL3           equ	3571	;# 
   155   000DF8                     BSEL0           equ	3576	;# 
   156   000DFA                     BIE0            equ	3578	;# 
   157   000DFC                     TXBIE           equ	3580	;# 
   158   000E20                     B0CON           equ	3616	;# 
   159   000E21                     B0SIDH          equ	3617	;# 
   160   000E22                     B0SIDL          equ	3618	;# 
   161   000E23                     B0EIDH          equ	3619	;# 
   162   000E24                     B0EIDL          equ	3620	;# 
   163   000E25                     B0DLC           equ	3621	;# 
   164   000E26                     B0D0            equ	3622	;# 
   165   000E27                     B0D1            equ	3623	;# 
   166   000E28                     B0D2            equ	3624	;# 
   167   000E29                     B0D3            equ	3625	;# 
   168   000E2A                     B0D4            equ	3626	;# 
   169   000E2B                     B0D5            equ	3627	;# 
   170   000E2C                     B0D6            equ	3628	;# 
   171   000E2D                     B0D7            equ	3629	;# 
   172   000E2E                     CANSTAT_RO9     equ	3630	;# 
   173   000E2F                     CANCON_RO9      equ	3631	;# 
   174   000E30                     B1CON           equ	3632	;# 
   175   000E31                     B1SIDH          equ	3633	;# 
   176   000E32                     B1SIDL          equ	3634	;# 
   177   000E33                     B1EIDH          equ	3635	;# 
   178   000E34                     B1EIDL          equ	3636	;# 
   179   000E35                     B1DLC           equ	3637	;# 
   180   000E36                     B1D0            equ	3638	;# 
   181   000E37                     B1D1            equ	3639	;# 
   182   000E38                     B1D2            equ	3640	;# 
   183   000E39                     B1D3            equ	3641	;# 
   184   000E3A                     B1D4            equ	3642	;# 
   185   000E3B                     B1D5            equ	3643	;# 
   186   000E3C                     B1D6            equ	3644	;# 
   187   000E3D                     B1D7            equ	3645	;# 
   188   000E3E                     CANSTAT_RO8     equ	3646	;# 
   189   000E3F                     CANCON_RO8      equ	3647	;# 
   190   000E40                     B2CON           equ	3648	;# 
   191   000E41                     B2SIDH          equ	3649	;# 
   192   000E42                     B2SIDL          equ	3650	;# 
   193   000E43                     B2EIDH          equ	3651	;# 
   194   000E44                     B2EIDL          equ	3652	;# 
   195   000E45                     B2DLC           equ	3653	;# 
   196   000E46                     B2D0            equ	3654	;# 
   197   000E47                     B2D1            equ	3655	;# 
   198   000E48                     B2D2            equ	3656	;# 
   199   000E49                     B2D3            equ	3657	;# 
   200   000E4A                     B2D4            equ	3658	;# 
   201   000E4B                     B2D5            equ	3659	;# 
   202   000E4C                     B2D6            equ	3660	;# 
   203   000E4D                     B2D7            equ	3661	;# 
   204   000E4E                     CANSTAT_RO7     equ	3662	;# 
   205   000E4F                     CANCON_RO7      equ	3663	;# 
   206   000E50                     B3CON           equ	3664	;# 
   207   000E51                     B3SIDH          equ	3665	;# 
   208   000E52                     B3SIDL          equ	3666	;# 
   209   000E53                     B3EIDH          equ	3667	;# 
   210   000E54                     B3EIDL          equ	3668	;# 
   211   000E55                     B3DLC           equ	3669	;# 
   212   000E56                     B3D0            equ	3670	;# 
   213   000E57                     B3D1            equ	3671	;# 
   214   000E58                     B3D2            equ	3672	;# 
   215   000E59                     B3D3            equ	3673	;# 
   216   000E5A                     B3D4            equ	3674	;# 
   217   000E5B                     B3D5            equ	3675	;# 
   218   000E5C                     B3D6            equ	3676	;# 
   219   000E5D                     B3D7            equ	3677	;# 
   220   000E5E                     CANSTAT_RO6     equ	3678	;# 
   221   000E5F                     CANCON_RO6      equ	3679	;# 
   222   000E60                     B4CON           equ	3680	;# 
   223   000E61                     B4SIDH          equ	3681	;# 
   224   000E62                     B4SIDL          equ	3682	;# 
   225   000E63                     B4EIDH          equ	3683	;# 
   226   000E64                     B4EIDL          equ	3684	;# 
   227   000E65                     B4DLC           equ	3685	;# 
   228   000E66                     B4D0            equ	3686	;# 
   229   000E67                     B4D1            equ	3687	;# 
   230   000E68                     B4D2            equ	3688	;# 
   231   000E69                     B4D3            equ	3689	;# 
   232   000E6A                     B4D4            equ	3690	;# 
   233   000E6B                     B4D5            equ	3691	;# 
   234   000E6C                     B4D6            equ	3692	;# 
   235   000E6D                     B4D7            equ	3693	;# 
   236   000E6E                     CANSTAT_RO5     equ	3694	;# 
   237   000E6F                     CANCON_RO5      equ	3695	;# 
   238   000E70                     B5CON           equ	3696	;# 
   239   000E71                     B5SIDH          equ	3697	;# 
   240   000E72                     B5SIDL          equ	3698	;# 
   241   000E73                     B5EIDH          equ	3699	;# 
   242   000E74                     B5EIDL          equ	3700	;# 
   243   000E75                     B5DLC           equ	3701	;# 
   244   000E76                     B5D0            equ	3702	;# 
   245   000E77                     B5D1            equ	3703	;# 
   246   000E78                     B5D2            equ	3704	;# 
   247   000E79                     B5D3            equ	3705	;# 
   248   000E7A                     B5D4            equ	3706	;# 
   249   000E7B                     B5D5            equ	3707	;# 
   250   000E7C                     B5D6            equ	3708	;# 
   251   000E7D                     B5D7            equ	3709	;# 
   252   000E7E                     CANSTAT_RO4     equ	3710	;# 
   253   000E7F                     CANCON_RO4      equ	3711	;# 
   254   000F00                     RXF0SIDH        equ	3840	;# 
   255   000F01                     RXF0SIDL        equ	3841	;# 
   256   000F02                     RXF0EIDH        equ	3842	;# 
   257   000F03                     RXF0EIDL        equ	3843	;# 
   258   000F04                     RXF1SIDH        equ	3844	;# 
   259   000F05                     RXF1SIDL        equ	3845	;# 
   260   000F06                     RXF1EIDH        equ	3846	;# 
   261   000F07                     RXF1EIDL        equ	3847	;# 
   262   000F08                     RXF2SIDH        equ	3848	;# 
   263   000F09                     RXF2SIDL        equ	3849	;# 
   264   000F0A                     RXF2EIDH        equ	3850	;# 
   265   000F0B                     RXF2EIDL        equ	3851	;# 
   266   000F0C                     RXF3SIDH        equ	3852	;# 
   267   000F0D                     RXF3SIDL        equ	3853	;# 
   268   000F0E                     RXF3EIDH        equ	3854	;# 
   269   000F0F                     RXF3EIDL        equ	3855	;# 
   270   000F10                     RXF4SIDH        equ	3856	;# 
   271   000F11                     RXF4SIDL        equ	3857	;# 
   272   000F12                     RXF4EIDH        equ	3858	;# 
   273   000F13                     RXF4EIDL        equ	3859	;# 
   274   000F14                     RXF5SIDH        equ	3860	;# 
   275   000F15                     RXF5SIDL        equ	3861	;# 
   276   000F16                     RXF5EIDH        equ	3862	;# 
   277   000F17                     RXF5EIDL        equ	3863	;# 
   278   000F18                     RXM0SIDH        equ	3864	;# 
   279   000F19                     RXM0SIDL        equ	3865	;# 
   280   000F1A                     RXM0EIDH        equ	3866	;# 
   281   000F1B                     RXM0EIDL        equ	3867	;# 
   282   000F1C                     RXM1SIDH        equ	3868	;# 
   283   000F1D                     RXM1SIDL        equ	3869	;# 
   284   000F1E                     RXM1EIDH        equ	3870	;# 
   285   000F1F                     RXM1EIDL        equ	3871	;# 
   286   000F20                     TXB2CON         equ	3872	;# 
   287   000F21                     TXB2SIDH        equ	3873	;# 
   288   000F22                     TXB2SIDL        equ	3874	;# 
   289   000F23                     TXB2EIDH        equ	3875	;# 
   290   000F24                     TXB2EIDL        equ	3876	;# 
   291   000F25                     TXB2DLC         equ	3877	;# 
   292   000F26                     TXB2D0          equ	3878	;# 
   293   000F27                     TXB2D1          equ	3879	;# 
   294   000F28                     TXB2D2          equ	3880	;# 
   295   000F29                     TXB2D3          equ	3881	;# 
   296   000F2A                     TXB2D4          equ	3882	;# 
   297   000F2B                     TXB2D5          equ	3883	;# 
   298   000F2C                     TXB2D6          equ	3884	;# 
   299   000F2D                     TXB2D7          equ	3885	;# 
   300   000F2E                     CANSTAT_RO3     equ	3886	;# 
   301   000F2F                     CANCON_RO3      equ	3887	;# 
   302   000F30                     TXB1CON         equ	3888	;# 
   303   000F31                     TXB1SIDH        equ	3889	;# 
   304   000F32                     TXB1SIDL        equ	3890	;# 
   305   000F33                     TXB1EIDH        equ	3891	;# 
   306   000F34                     TXB1EIDL        equ	3892	;# 
   307   000F35                     TXB1DLC         equ	3893	;# 
   308   000F36                     TXB1D0          equ	3894	;# 
   309   000F37                     TXB1D1          equ	3895	;# 
   310   000F38                     TXB1D2          equ	3896	;# 
   311   000F39                     TXB1D3          equ	3897	;# 
   312   000F3A                     TXB1D4          equ	3898	;# 
   313   000F3B                     TXB1D5          equ	3899	;# 
   314   000F3C                     TXB1D6          equ	3900	;# 
   315   000F3D                     TXB1D7          equ	3901	;# 
   316   000F3E                     CANSTAT_RO2     equ	3902	;# 
   317   000F3F                     CANCON_RO2      equ	3903	;# 
   318   000F40                     TXB0CON         equ	3904	;# 
   319   000F41                     TXB0SIDH        equ	3905	;# 
   320   000F42                     TXB0SIDL        equ	3906	;# 
   321   000F43                     TXB0EIDH        equ	3907	;# 
   322   000F44                     TXB0EIDL        equ	3908	;# 
   323   000F45                     TXB0DLC         equ	3909	;# 
   324   000F46                     TXB0D0          equ	3910	;# 
   325   000F47                     TXB0D1          equ	3911	;# 
   326   000F48                     TXB0D2          equ	3912	;# 
   327   000F49                     TXB0D3          equ	3913	;# 
   328   000F4A                     TXB0D4          equ	3914	;# 
   329   000F4B                     TXB0D5          equ	3915	;# 
   330   000F4C                     TXB0D6          equ	3916	;# 
   331   000F4D                     TXB0D7          equ	3917	;# 
   332   000F4E                     CANSTAT_RO1     equ	3918	;# 
   333   000F4F                     CANCON_RO1      equ	3919	;# 
   334   000F50                     RXB1CON         equ	3920	;# 
   335   000F51                     RXB1SIDH        equ	3921	;# 
   336   000F52                     RXB1SIDL        equ	3922	;# 
   337   000F53                     RXB1EIDH        equ	3923	;# 
   338   000F54                     RXB1EIDL        equ	3924	;# 
   339   000F55                     RXB1DLC         equ	3925	;# 
   340   000F56                     RXB1D0          equ	3926	;# 
   341   000F57                     RXB1D1          equ	3927	;# 
   342   000F58                     RXB1D2          equ	3928	;# 
   343   000F59                     RXB1D3          equ	3929	;# 
   344   000F5A                     RXB1D4          equ	3930	;# 
   345   000F5B                     RXB1D5          equ	3931	;# 
   346   000F5C                     RXB1D6          equ	3932	;# 
   347   000F5D                     RXB1D7          equ	3933	;# 
   348   000F5E                     CANSTAT_RO0     equ	3934	;# 
   349   000F5F                     CANCON_RO0      equ	3935	;# 
   350   000F60                     RXB0CON         equ	3936	;# 
   351   000F61                     RXB0SIDH        equ	3937	;# 
   352   000F62                     RXB0SIDL        equ	3938	;# 
   353   000F63                     RXB0EIDH        equ	3939	;# 
   354   000F64                     RXB0EIDL        equ	3940	;# 
   355   000F65                     RXB0DLC         equ	3941	;# 
   356   000F66                     RXB0D0          equ	3942	;# 
   357   000F67                     RXB0D1          equ	3943	;# 
   358   000F68                     RXB0D2          equ	3944	;# 
   359   000F69                     RXB0D3          equ	3945	;# 
   360   000F6A                     RXB0D4          equ	3946	;# 
   361   000F6B                     RXB0D5          equ	3947	;# 
   362   000F6C                     RXB0D6          equ	3948	;# 
   363   000F6D                     RXB0D7          equ	3949	;# 
   364   000F6E                     CANSTAT         equ	3950	;# 
   365   000F6F                     CANCON          equ	3951	;# 
   366   000F70                     BRGCON1         equ	3952	;# 
   367   000F71                     BRGCON2         equ	3953	;# 
   368   000F72                     BRGCON3         equ	3954	;# 
   369   000F73                     CIOCON          equ	3955	;# 
   370   000F74                     COMSTAT         equ	3956	;# 
   371   000F75                     RXERRCNT        equ	3957	;# 
   372   000F76                     TXERRCNT        equ	3958	;# 
   373   000F77                     ECANCON         equ	3959	;# 
   374   000F80                     PORTA           equ	3968	;# 
   375   000F81                     PORTB           equ	3969	;# 
   376   000F82                     PORTC           equ	3970	;# 
   377   000F83                     PORTD           equ	3971	;# 
   378   000F84                     PORTE           equ	3972	;# 
   379   000F89                     LATA            equ	3977	;# 
   380   000F8A                     LATB            equ	3978	;# 
   381   000F8B                     LATC            equ	3979	;# 
   382   000F8C                     LATD            equ	3980	;# 
   383   000F8D                     LATE            equ	3981	;# 
   384   000F92                     TRISA           equ	3986	;# 
   385   000F92                     DDRA            equ	3986	;# 
   386   000F93                     TRISB           equ	3987	;# 
   387   000F93                     DDRB            equ	3987	;# 
   388   000F94                     TRISC           equ	3988	;# 
   389   000F94                     DDRC            equ	3988	;# 
   390   000F95                     TRISD           equ	3989	;# 
   391   000F95                     DDRD            equ	3989	;# 
   392   000F96                     TRISE           equ	3990	;# 
   393   000F96                     DDRE            equ	3990	;# 
   394   000F9B                     OSCTUNE         equ	3995	;# 
   395   000F9D                     PIE1            equ	3997	;# 
   396   000F9E                     PIR1            equ	3998	;# 
   397   000F9F                     IPR1            equ	3999	;# 
   398   000FA0                     PIE2            equ	4000	;# 
   399   000FA1                     PIR2            equ	4001	;# 
   400   000FA2                     IPR2            equ	4002	;# 
   401   000FA3                     PIE3            equ	4003	;# 
   402   000FA4                     PIR3            equ	4004	;# 
   403   000FA5                     IPR3            equ	4005	;# 
   404   000FA6                     EECON1          equ	4006	;# 
   405   000FA7                     EECON2          equ	4007	;# 
   406   000FA8                     EEDATA          equ	4008	;# 
   407   000FA9                     EEADR           equ	4009	;# 
   408   000FAB                     RCSTA           equ	4011	;# 
   409   000FAB                     RCSTA1          equ	4011	;# 
   410   000FAC                     TXSTA           equ	4012	;# 
   411   000FAC                     TXSTA1          equ	4012	;# 
   412   000FAD                     TXREG           equ	4013	;# 
   413   000FAD                     TXREG1          equ	4013	;# 
   414   000FAE                     RCREG           equ	4014	;# 
   415   000FAE                     RCREG1          equ	4014	;# 
   416   000FAF                     SPBRG           equ	4015	;# 
   417   000FAF                     SPBRG1          equ	4015	;# 
   418   000FB0                     SPBRGH          equ	4016	;# 
   419   000FB1                     T3CON           equ	4017	;# 
   420   000FB2                     TMR3            equ	4018	;# 
   421   000FB2                     TMR3L           equ	4018	;# 
   422   000FB3                     TMR3H           equ	4019	;# 
   423   000FB4                     CMCON           equ	4020	;# 
   424   000FB5                     CVRCON          equ	4021	;# 
   425   000FB6                     ECCP1AS         equ	4022	;# 
   426   000FB7                     ECCP1DEL        equ	4023	;# 
   427   000FB8                     BAUDCON         equ	4024	;# 
   428   000FB8                     BAUDCTL         equ	4024	;# 
   429   000FBA                     ECCP1CON        equ	4026	;# 
   430   000FBB                     ECCPR1          equ	4027	;# 
   431   000FBB                     ECCPR1L         equ	4027	;# 
   432   000FBC                     ECCPR1H         equ	4028	;# 
   433   000FBD                     CCP1CON         equ	4029	;# 
   434   000FBE                     CCPR1           equ	4030	;# 
   435   000FBE                     CCPR1L          equ	4030	;# 
   436   000FBF                     CCPR1H          equ	4031	;# 
   437   000FC0                     ADCON2          equ	4032	;# 
   438   000FC1                     ADCON1          equ	4033	;# 
   439   000FC2                     ADCON0          equ	4034	;# 
   440   000FC3                     ADRES           equ	4035	;# 
   441   000FC3                     ADRESL          equ	4035	;# 
   442   000FC4                     ADRESH          equ	4036	;# 
   443   000FC5                     SSPCON2         equ	4037	;# 
   444   000FC6                     SSPCON1         equ	4038	;# 
   445   000FC7                     SSPSTAT         equ	4039	;# 
   446   000FC8                     SSPADD          equ	4040	;# 
   447   000FC9                     SSPBUF          equ	4041	;# 
   448   000FCA                     T2CON           equ	4042	;# 
   449   000FCB                     PR2             equ	4043	;# 
   450   000FCB                     MEMCON          equ	4043	;# 
   451   000FCC                     TMR2            equ	4044	;# 
   452   000FCD                     T1CON           equ	4045	;# 
   453   000FCE                     TMR1            equ	4046	;# 
   454   000FCE                     TMR1L           equ	4046	;# 
   455   000FCF                     TMR1H           equ	4047	;# 
   456   000FD0                     RCON            equ	4048	;# 
   457   000FD1                     WDTCON          equ	4049	;# 
   458   000FD2                     HLVDCON         equ	4050	;# 
   459   000FD2                     LVDCON          equ	4050	;# 
   460   000FD3                     OSCCON          equ	4051	;# 
   461   000FD5                     T0CON           equ	4053	;# 
   462   000FD6                     TMR0            equ	4054	;# 
   463   000FD6                     TMR0L           equ	4054	;# 
   464   000FD7                     TMR0H           equ	4055	;# 
   465   000FD8                     STATUS          equ	4056	;# 
   466   000FD9                     FSR2            equ	4057	;# 
   467   000FD9                     FSR2L           equ	4057	;# 
   468   000FDA                     FSR2H           equ	4058	;# 
   469   000FDB                     PLUSW2          equ	4059	;# 
   470   000FDC                     PREINC2         equ	4060	;# 
   471   000FDD                     POSTDEC2        equ	4061	;# 
   472   000FDE                     POSTINC2        equ	4062	;# 
   473   000FDF                     INDF2           equ	4063	;# 
   474   000FE0                     BSR             equ	4064	;# 
   475   000FE1                     FSR1            equ	4065	;# 
   476   000FE1                     FSR1L           equ	4065	;# 
   477   000FE2                     FSR1H           equ	4066	;# 
   478   000FE3                     PLUSW1          equ	4067	;# 
   479   000FE4                     PREINC1         equ	4068	;# 
   480   000FE5                     POSTDEC1        equ	4069	;# 
   481   000FE6                     POSTINC1        equ	4070	;# 
   482   000FE7                     INDF1           equ	4071	;# 
   483   000FE8                     WREG            equ	4072	;# 
   484   000FE9                     FSR0            equ	4073	;# 
   485   000FE9                     FSR0L           equ	4073	;# 
   486   000FEA                     FSR0H           equ	4074	;# 
   487   000FEB                     PLUSW0          equ	4075	;# 
   488   000FEC                     PREINC0         equ	4076	;# 
   489   000FED                     POSTDEC0        equ	4077	;# 
   490   000FEE                     POSTINC0        equ	4078	;# 
   491   000FEF                     INDF0           equ	4079	;# 
   492   000FF0                     INTCON3         equ	4080	;# 
   493   000FF1                     INTCON2         equ	4081	;# 
   494   000FF2                     INTCON          equ	4082	;# 
   495   000FF3                     PROD            equ	4083	;# 
   496   000FF3                     PRODL           equ	4083	;# 
   497   000FF4                     PRODH           equ	4084	;# 
   498   000FF5                     TABLAT          equ	4085	;# 
   499   000FF6                     TBLPTR          equ	4086	;# 
   500   000FF6                     TBLPTRL         equ	4086	;# 
   501   000FF7                     TBLPTRH         equ	4087	;# 
   502   000FF8                     TBLPTRU         equ	4088	;# 
   503   000FF9                     PCLAT           equ	4089	;# 
   504   000FF9                     PC              equ	4089	;# 
   505   000FF9                     PCL             equ	4089	;# 
   506   000FFA                     PCLATH          equ	4090	;# 
   507   000FFB                     PCLATU          equ	4091	;# 
   508   000FFC                     STKPTR          equ	4092	;# 
   509   000FFD                     TOS             equ	4093	;# 
   510   000FFD                     TOSL            equ	4093	;# 
   511   000FFE                     TOSH            equ	4094	;# 
   512   000FFF                     TOSU            equ	4095	;# 
   513                           
   514                           	psect	idataCOMRAM
   515   000B68                     __pidataCOMRAM:
   516                           	callstack 0
   517                           
   518                           ;initializer for main@F10494
   519   000B68  E7                 	db	231
   520   000B69  21                 	db	33
   521   000B6A  CB                 	db	203
   522   000B6B  6B                 	db	107
   523   000B6C  2D                 	db	45
   524   000B6D  6E                 	db	110
   525   000B6E  EE                 	db	238
   526   000B6F  23                 	db	35
   527   000B70  EF                 	db	239
   528   000B71  6F                 	db	111
   529                           
   530                           ;initializer for _once
   531   000B72  01                 	db	1
   532                           
   533                           	psect	nvCOMRAM
   534   00002D                     __pnvCOMRAM:
   535                           	callstack 0
   536   00002D                     _count:
   537                           	callstack 0
   538   00002D                     	ds	2
   539   00002F                     _key:
   540                           	callstack 0
   541   00002F                     	ds	1
   542   000FA1                     _PIR2bits       set	4001
   543   000FA7                     _EECON2         set	4007
   544   000FA6                     _EECON1bits     set	4006
   545   000FA8                     _EEDATA         set	4008
   546   000FA9                     _EEADR          set	4009
   547   000F82                     _PORTC          set	3970
   548   000F80                     _PORTA          set	3968
   549   000F83                     _PORTD          set	3971
   550   000F94                     _TRISC          set	3988
   551   000F92                     _TRISA          set	3986
   552   000F95                     _TRISD          set	3989
   553   007F97                     _GIE            set	32663
   554                           
   555                           ; #config settings
   556                           
   557                           	psect	cinit
   558   000B2C                     __pcinit:
   559                           	callstack 0
   560   000B2C                     start_initialization:
   561                           	callstack 0
   562   000B2C                     __initialization:
   563                           	callstack 0
   564                           
   565                           ; Initialize objects allocated to COMRAM (11 bytes)
   566                           ; load TBLPTR registers with __pidataCOMRAM
   567   000B2C  0E68               	movlw	low __pidataCOMRAM
   568   000B2E  6EF6               	movwf	tblptrl,c
   569   000B30  0E0B               	movlw	high __pidataCOMRAM
   570   000B32  6EF7               	movwf	tblptrh,c
   571   000B34  0E00               	movlw	low (__pidataCOMRAM shr (0+16))
   572   000B36  6EF8               	movwf	tblptru,c
   573   000B38  EE00  F022         	lfsr	0,__pdataCOMRAM
   574   000B3C  EE10 F00B          	lfsr	1,11
   575   000B40                     copy_data0:
   576   000B40  0009               	tblrd		*+
   577   000B42  CFF5 FFEE          	movff	tablat,postinc0
   578   000B46  50E5               	movf	postdec1,w,c
   579   000B48  50E1               	movf	fsr1l,w,c
   580   000B4A  E1FA               	bnz	copy_data0
   581                           
   582                           ; Clear objects allocated to COMRAM (2 bytes)
   583   000B4C  6A31               	clrf	(__pbssCOMRAM+1)& (0+255),c
   584   000B4E  6A30               	clrf	__pbssCOMRAM& (0+255),c
   585   000B50                     end_of_initialization:
   586                           	callstack 0
   587   000B50                     __end_of__initialization:
   588                           	callstack 0
   589   000B50  0100               	movlb	0
   590   000B52  EF01  F003         	goto	_main	;jump to C main() function
   591                           
   592                           	psect	bssCOMRAM
   593   000030                     __pbssCOMRAM:
   594                           	callstack 0
   595   000030                     _time:
   596                           	callstack 0
   597   000030                     	ds	2
   598                           
   599                           	psect	dataCOMRAM
   600   000022                     __pdataCOMRAM:
   601                           	callstack 0
   602   000022                     main@F10494:
   603                           	callstack 0
   604   000022                     	ds	10
   605   00002C                     _once:
   606                           	callstack 0
   607   00002C                     	ds	1
   608                           
   609                           	psect	cstackCOMRAM
   610   000001                     __pcstackCOMRAM:
   611                           	callstack 0
   612   000001                     ?___awdiv:
   613                           	callstack 0
   614   000001                     read_digit_keypad@detect_type:
   615                           	callstack 0
   616   000001                     display@ssd:
   617                           	callstack 0
   618   000001                     read_internal_eeprom@address:
   619                           	callstack 0
   620   000001                     ___awdiv@dividend:
   621                           	callstack 0
   622   000001                     
   623                           ; 1 bytes @ 0x0
   624   000001                     	ds	1
   625   000002                     ??_display:
   626                           
   627                           ; 1 bytes @ 0x1
   628   000002                     	ds	1
   629   000003                     ___awdiv@divisor:
   630                           	callstack 0
   631                           
   632                           ; 2 bytes @ 0x2
   633   000003                     	ds	1
   634   000004                     display@delay:
   635                           	callstack 0
   636                           
   637                           ; 2 bytes @ 0x3
   638   000004                     	ds	1
   639   000005                     ___awdiv@counter:
   640                           	callstack 0
   641   000005                     
   642                           ; 1 bytes @ 0x4
   643   000005                     	ds	1
   644   000006                     ___awdiv@sign:
   645                           	callstack 0
   646   000006                     display@digit:
   647                           	callstack 0
   648                           
   649                           ; 2 bytes @ 0x5
   650   000006                     	ds	1
   651   000007                     ___awdiv@quotient:
   652                           	callstack 0
   653                           
   654                           ; 2 bytes @ 0x6
   655   000007                     	ds	2
   656   000009                     ?___awmod:
   657                           	callstack 0
   658   000009                     ___awmod@dividend:
   659                           	callstack 0
   660                           
   661                           ; 2 bytes @ 0x8
   662   000009                     	ds	2
   663   00000B                     ___awmod@divisor:
   664                           	callstack 0
   665                           
   666                           ; 2 bytes @ 0xA
   667   00000B                     	ds	2
   668   00000D                     ___awmod@counter:
   669                           	callstack 0
   670   00000D                     
   671                           ; 1 bytes @ 0xC
   672   00000D                     	ds	1
   673   00000E                     ___awmod@sign:
   674                           	callstack 0
   675                           
   676                           ; 1 bytes @ 0xD
   677   00000E                     	ds	1
   678   00000F                     write_internal_eeprom@data:
   679                           	callstack 0
   680                           
   681                           ; 1 bytes @ 0xE
   682   00000F                     	ds	1
   683   000010                     write_internal_eeprom@address:
   684                           	callstack 0
   685   000010                     
   686                           ; 1 bytes @ 0xF
   687   000010                     	ds	1
   688   000011                     ??_main:
   689                           
   690                           ; 1 bytes @ 0x10
   691   000011                     	ds	3
   692   000014                     main@digits:
   693                           	callstack 0
   694                           
   695                           ; 10 bytes @ 0x13
   696   000014                     	ds	10
   697   00001E                     main@ssd:
   698                           	callstack 0
   699                           
   700                           ; 4 bytes @ 0x1D
   701   00001E                     	ds	4
   702                           
   703 ;;
   704 ;;Main: autosize = 0, tempsize = 3, incstack = 0, save=0
   705 ;;
   706 ;; *************** function _main *****************
   707 ;; Defined at:
   708 ;;		line 47 in file "main.c"
   709 ;; Parameters:    Size  Location     Type
   710 ;;		None
   711 ;; Auto vars:     Size  Location     Type
   712 ;;  digits         10   19[COMRAM] unsigned char [10]
   713 ;;  ssd             4   29[COMRAM] unsigned char [4]
   714 ;; Return value:  Size  Location     Type
   715 ;;                  1    wreg      void 
   716 ;; Registers used:
   717 ;;		wreg, fsr1l, fsr1h, fsr2l, fsr2h, status,2, status,0, prodl, prodh, cstack
   718 ;; Tracked objects:
   719 ;;		On entry : 0/0
   720 ;;		On exit  : 0/0
   721 ;;		Unchanged: 0/0
   722 ;; Data sizes:     COMRAM   BANK0   BANK1   BANK2   BANK3   BANK4   BANK5
   723 ;;      Params:         0       0       0       0       0       0       0
   724 ;;      Locals:        14       0       0       0       0       0       0
   725 ;;      Temps:          3       0       0       0       0       0       0
   726 ;;      Totals:        17       0       0       0       0       0       0
   727 ;;Total ram usage:       17 bytes
   728 ;; Hardware stack levels required when called: 1
   729 ;; This function calls:
   730 ;;		___awdiv
   731 ;;		___awmod
   732 ;;		_display
   733 ;;		_read_digit_keypad
   734 ;;		_read_internal_eeprom
   735 ;;		_write_internal_eeprom
   736 ;; This function is called by:
   737 ;;		Startup code after reset
   738 ;; This function uses a non-reentrant model
   739 ;;
   740                           
   741                           	psect	text0
   742   000602                     __ptext0:
   743                           	callstack 0
   744   000602                     _main:
   745                           	callstack 30
   746   000602                     
   747                           ;main.c: 49:     TRISD = 0x00;
   748   000602  6A95               	clrf	149,c	;volatile
   749   000604                     
   750                           ;main.c: 50:     TRISA &= 0xF0;
   751   000604  0EF0               	movlw	240
   752   000606  1692               	andwf	146,f,c	;volatile
   753                           
   754                           ;main.c: 51:     TRISC |= 0x0F;
   755   000608  0E0F               	movlw	15
   756   00060A  1294               	iorwf	148,f,c	;volatile
   757   00060C                     
   758                           ;main.c: 53:     PORTD = 0x00;
   759   00060C  6A83               	clrf	131,c	;volatile
   760                           
   761                           ;main.c: 54:     PORTA &= 0xF0;
   762   00060E  0EF0               	movlw	240
   763   000610  1680               	andwf	128,f,c	;volatile
   764   000612                     
   765                           ;main.c: 57:     count = read_internal_eeprom(0x00);
   766   000612  0E00               	movlw	0
   767   000614  ECAB  F005         	call	_read_internal_eeprom
   768   000618  6E11               	movwf	??_main^0,c
   769   00061A  5011               	movf	??_main^0,w,c
   770   00061C  6E2D               	movwf	_count^0,c
   771   00061E  6A2E               	clrf	(_count+1)^0,c
   772   000620                     
   773                           ;main.c: 58:     count = count * 10 + read_internal_eeprom(0x01);
   774   000620  0E01               	movlw	1
   775   000622  ECAB  F005         	call	_read_internal_eeprom
   776   000626  6E11               	movwf	??_main^0,c
   777   000628  0E0A               	movlw	10
   778   00062A  022D               	mulwf	_count^0,c
   779   00062C  CFF3 F012          	movff	prodl,??_main+1
   780   000630  CFF4 F013          	movff	prodh,??_main+2
   781   000634  022E               	mulwf	(_count+1)^0,c
   782   000636  50F3               	movf	prodl,w,c
   783   000638  2613               	addwf	(??_main+2)^0,f,c
   784   00063A  5011               	movf	??_main^0,w,c
   785   00063C  2412               	addwf	(??_main+1)^0,w,c
   786   00063E  6E2D               	movwf	_count^0,c
   787   000640  0E00               	movlw	0
   788   000642  2013               	addwfc	(??_main+2)^0,w,c
   789   000644  6E2E               	movwf	(_count+1)^0,c
   790   000646                     
   791                           ;main.c: 59:     count = count * 10 + read_internal_eeprom(0x02);
   792   000646  0E02               	movlw	2
   793   000648  ECAB  F005         	call	_read_internal_eeprom
   794   00064C  6E11               	movwf	??_main^0,c
   795   00064E  0E0A               	movlw	10
   796   000650  022D               	mulwf	_count^0,c
   797   000652  CFF3 F012          	movff	prodl,??_main+1
   798   000656  CFF4 F013          	movff	prodh,??_main+2
   799   00065A  022E               	mulwf	(_count+1)^0,c
   800   00065C  50F3               	movf	prodl,w,c
   801   00065E  2613               	addwf	(??_main+2)^0,f,c
   802   000660  5011               	movf	??_main^0,w,c
   803   000662  2412               	addwf	(??_main+1)^0,w,c
   804   000664  6E2D               	movwf	_count^0,c
   805   000666  0E00               	movlw	0
   806   000668  2013               	addwfc	(??_main+2)^0,w,c
   807   00066A  6E2E               	movwf	(_count+1)^0,c
   808   00066C                     
   809                           ;main.c: 60:     count = count * 10 + read_internal_eeprom(0x03);
   810   00066C  0E03               	movlw	3
   811   00066E  ECAB  F005         	call	_read_internal_eeprom
   812   000672  6E11               	movwf	??_main^0,c
   813   000674  0E0A               	movlw	10
   814   000676  022D               	mulwf	_count^0,c
   815   000678  CFF3 F012          	movff	prodl,??_main+1
   816   00067C  CFF4 F013          	movff	prodh,??_main+2
   817   000680  022E               	mulwf	(_count+1)^0,c
   818   000682  50F3               	movf	prodl,w,c
   819   000684  2613               	addwf	(??_main+2)^0,f,c
   820   000686  5011               	movf	??_main^0,w,c
   821   000688  2412               	addwf	(??_main+1)^0,w,c
   822   00068A  6E2D               	movwf	_count^0,c
   823   00068C  0E00               	movlw	0
   824   00068E  2013               	addwfc	(??_main+2)^0,w,c
   825   000690  6E2E               	movwf	(_count+1)^0,c
   826   000692                     
   827                           ;main.c: 63:     char digits[] = {0xE7, 0x21, 0xCB, 0x6B, 0x2D, 0x6E, 0xEE, 0x23, 0xEF, 
      +                          0x6F};
   828   000692  EE20  F022         	lfsr	2,main@F10494
   829   000696  EE10  F014         	lfsr	1,main@digits
   830   00069A  0E09               	movlw	9
   831   00069C                     u451:
   832   00069C  CFDB FFE3          	movff	plusw2,plusw1
   833   0006A0  06E8               	decf	wreg,f,c
   834   0006A2  E2FC               	bc	u451
   835   0006A4                     l1229:
   836                           
   837                           ;main.c: 69:         key = read_digit_keypad(0);
   838   0006A4  0E00               	movlw	0
   839   0006A6  EC46  F005         	call	_read_digit_keypad
   840   0006AA  6E2F               	movwf	_key^0,c
   841   0006AC                     
   842                           ;main.c: 72:         if (key == 0x0D) {
   843   0006AC  0E0D               	movlw	13
   844   0006AE  182F               	xorwf	_key^0,w,c
   845   0006B0  A4D8               	btfss	status,2,c
   846   0006B2  EF5D  F003         	goto	u461
   847   0006B6  EF5F  F003         	goto	u460
   848   0006BA                     u461:
   849   0006BA  EFAC  F003         	goto	l1235
   850   0006BE                     u460:
   851   0006BE                     
   852                           ;main.c: 74:             write_internal_eeprom(0x00, count / 1000);
   853   0006BE  C02D  F001         	movff	_count,___awdiv@dividend
   854   0006C2  C02E  F002         	movff	_count+1,___awdiv@dividend+1
   855   0006C6  0E03               	movlw	3
   856   0006C8  6E04               	movwf	(___awdiv@divisor+1)^0,c
   857   0006CA  0EE8               	movlw	232
   858   0006CC  6E03               	movwf	___awdiv@divisor^0,c
   859   0006CE  EC52  F004         	call	___awdiv	;wreg free
   860   0006D2  5001               	movf	?___awdiv^0,w,c
   861   0006D4  6E0F               	movwf	write_internal_eeprom@data^0,c
   862   0006D6  0E00               	movlw	0
   863   0006D8  EC7E  F005         	call	_write_internal_eeprom
   864                           
   865                           ;main.c: 75:             write_internal_eeprom(0x01, (count / 100) % 10);
   866   0006DC  6A04               	clrf	(___awdiv@divisor+1)^0,c
   867   0006DE  0E64               	movlw	100
   868   0006E0  6E03               	movwf	___awdiv@divisor^0,c
   869   0006E2  C02D  F001         	movff	_count,___awdiv@dividend
   870   0006E6  C02E  F002         	movff	_count+1,___awdiv@dividend+1
   871   0006EA  EC52  F004         	call	___awdiv	;wreg free
   872   0006EE  C001  F009         	movff	?___awdiv,___awmod@dividend
   873   0006F2  C002  F00A         	movff	?___awdiv+1,___awmod@dividend+1
   874   0006F6  6A0C               	clrf	(___awmod@divisor+1)^0,c
   875   0006F8  0E0A               	movlw	10
   876   0006FA  6E0B               	movwf	___awmod@divisor^0,c
   877   0006FC  ECB2  F004         	call	___awmod	;wreg free
   878   000700  5009               	movf	?___awmod^0,w,c
   879   000702  6E0F               	movwf	write_internal_eeprom@data^0,c
   880   000704  0E01               	movlw	1
   881   000706  EC7E  F005         	call	_write_internal_eeprom
   882                           
   883                           ;main.c: 76:             write_internal_eeprom(0x02, (count / 10) % 10);
   884   00070A  6A04               	clrf	(___awdiv@divisor+1)^0,c
   885   00070C  0E0A               	movlw	10
   886   00070E  6E03               	movwf	___awdiv@divisor^0,c
   887   000710  C02D  F001         	movff	_count,___awdiv@dividend
   888   000714  C02E  F002         	movff	_count+1,___awdiv@dividend+1
   889   000718  EC52  F004         	call	___awdiv	;wreg free
   890   00071C  C001  F009         	movff	?___awdiv,___awmod@dividend
   891   000720  C002  F00A         	movff	?___awdiv+1,___awmod@dividend+1
   892   000724  6A0C               	clrf	(___awmod@divisor+1)^0,c
   893   000726  0E0A               	movlw	10
   894   000728  6E0B               	movwf	___awmod@divisor^0,c
   895   00072A  ECB2  F004         	call	___awmod	;wreg free
   896   00072E  5009               	movf	?___awmod^0,w,c
   897   000730  6E0F               	movwf	write_internal_eeprom@data^0,c
   898   000732  0E02               	movlw	2
   899   000734  EC7E  F005         	call	_write_internal_eeprom
   900                           
   901                           ;main.c: 77:             write_internal_eeprom(0x03, count % 10);
   902   000738  C02D  F009         	movff	_count,___awmod@dividend
   903   00073C  C02E  F00A         	movff	_count+1,___awmod@dividend+1
   904   000740  6A0C               	clrf	(___awmod@divisor+1)^0,c
   905   000742  0E0A               	movlw	10
   906   000744  6E0B               	movwf	___awmod@divisor^0,c
   907   000746  ECB2  F004         	call	___awmod	;wreg free
   908   00074A  5009               	movf	?___awmod^0,w,c
   909   00074C  6E0F               	movwf	write_internal_eeprom@data^0,c
   910   00074E  0E03               	movlw	3
   911   000750  EC7E  F005         	call	_write_internal_eeprom
   912                           
   913                           ;main.c: 78:         }
   914   000754  EFFB  F003         	goto	l1255
   915   000758                     l1235:
   916   000758  0E0E               	movlw	14
   917   00075A  182F               	xorwf	_key^0,w,c
   918   00075C  A4D8               	btfss	status,2,c
   919   00075E  EFB3  F003         	goto	u471
   920   000762  EFB5  F003         	goto	u470
   921   000766                     u471:
   922   000766  EFCA  F003         	goto	l1243
   923   00076A                     u470:
   924   00076A                     
   925                           ;main.c: 81:             time++;
   926   00076A  4A30               	infsnz	_time^0,f,c
   927   00076C  2A31               	incf	(_time+1)^0,f,c
   928   00076E                     
   929                           ;main.c: 84:             if (time >= 150) {
   930   00076E  BE31               	btfsc	(_time+1)^0,7,c
   931   000770  EFC3  F003         	goto	u481
   932   000774  5031               	movf	(_time+1)^0,w,c
   933   000776  E109               	bnz	u480
   934   000778  0E96               	movlw	150
   935   00077A  5C30               	subwf	_time^0,w,c
   936   00077C  A0D8               	btfss	status,0,c
   937   00077E  EFC3  F003         	goto	u481
   938   000782  EFC5  F003         	goto	u480
   939   000786                     u481:
   940   000786  EFFB  F003         	goto	l1255
   941   00078A                     u480:
   942   00078A                     
   943                           ;main.c: 85:                 count = 0;
   944   00078A  6A2E               	clrf	(_count+1)^0,c
   945   00078C  0E00               	movlw	0
   946   00078E  6E2D               	movwf	_count^0,c
   947   000790  EFFB  F003         	goto	l1255
   948   000794                     l1243:
   949   000794  BE31               	btfsc	(_time+1)^0,7,c
   950   000796  EFD8  F003         	goto	u490
   951   00079A  5031               	movf	(_time+1)^0,w,c
   952   00079C  E107               	bnz	u491
   953   00079E  0E96               	movlw	150
   954   0007A0  5C30               	subwf	_time^0,w,c
   955   0007A2  B0D8               	btfsc	status,0,c
   956   0007A4  EFD6  F003         	goto	u491
   957   0007A8  EFD8  F003         	goto	u490
   958   0007AC                     u491:
   959   0007AC  EFF8  F003         	goto	l54
   960   0007B0                     u490:
   961   0007B0  BE31               	btfsc	(_time+1)^0,7,c
   962   0007B2  EFE3  F003         	goto	u501
   963   0007B6  5031               	movf	(_time+1)^0,w,c
   964   0007B8  E108               	bnz	u500
   965   0007BA  0430               	decf	_time^0,w,c
   966   0007BC  A0D8               	btfss	status,0,c
   967   0007BE  EFE3  F003         	goto	u501
   968   0007C2  EFE5  F003         	goto	u500
   969   0007C6                     u501:
   970   0007C6  EFF8  F003         	goto	l54
   971   0007CA                     u500:
   972   0007CA                     
   973                           ;main.c: 90:             count++;
   974   0007CA  4A2D               	infsnz	_count^0,f,c
   975   0007CC  2A2E               	incf	(_count+1)^0,f,c
   976   0007CE                     
   977                           ;main.c: 93:             if (count > 9999)
   978   0007CE  BE2E               	btfsc	(_count+1)^0,7,c
   979   0007D0  EFF3  F003         	goto	u511
   980   0007D4  0E10               	movlw	16
   981   0007D6  5C2D               	subwf	_count^0,w,c
   982   0007D8  0E27               	movlw	39
   983   0007DA  582E               	subwfb	(_count+1)^0,w,c
   984   0007DC  A0D8               	btfss	status,0,c
   985   0007DE  EFF3  F003         	goto	u511
   986   0007E2  EFF5  F003         	goto	u510
   987   0007E6                     u511:
   988   0007E6  EFF8  F003         	goto	l54
   989   0007EA                     u510:
   990   0007EA                     
   991                           ;main.c: 94:                 count = 0;
   992   0007EA  6A2E               	clrf	(_count+1)^0,c
   993   0007EC  0E00               	movlw	0
   994   0007EE  6E2D               	movwf	_count^0,c
   995   0007F0                     l54:
   996                           
   997                           ;main.c: 96:             time = 0;
   998   0007F0  6A31               	clrf	(_time+1)^0,c
   999   0007F2  0E00               	movlw	0
  1000   0007F4  6E30               	movwf	_time^0,c
  1001   0007F6                     l1255:
  1002                           
  1003                           ;main.c: 102:         ssd[0] = digits[count / 1000];
  1004   0007F6  C02D  F001         	movff	_count,___awdiv@dividend
  1005   0007FA  C02E  F002         	movff	_count+1,___awdiv@dividend+1
  1006   0007FE  0E03               	movlw	3
  1007   000800  6E04               	movwf	(___awdiv@divisor+1)^0,c
  1008   000802  0EE8               	movlw	232
  1009   000804  6E03               	movwf	___awdiv@divisor^0,c
  1010   000806  EC52  F004         	call	___awdiv	;wreg free
  1011   00080A  5001               	movf	?___awdiv^0,w,c
  1012   00080C  0F14               	addlw	low main@digits
  1013   00080E  6ED9               	movwf	fsr2l,c
  1014   000810  6ADA               	clrf	fsr2h,c
  1015   000812  50DF               	movf	indf2,w,c
  1016   000814  6E1E               	movwf	main@ssd^0,c
  1017   000816                     
  1018                           ;main.c: 103:         ssd[1] = digits[(count / 100) % 10];
  1019   000816  6A04               	clrf	(___awdiv@divisor+1)^0,c
  1020   000818  0E64               	movlw	100
  1021   00081A  6E03               	movwf	___awdiv@divisor^0,c
  1022   00081C  C02D  F001         	movff	_count,___awdiv@dividend
  1023   000820  C02E  F002         	movff	_count+1,___awdiv@dividend+1
  1024   000824  EC52  F004         	call	___awdiv	;wreg free
  1025   000828  C001  F009         	movff	?___awdiv,___awmod@dividend
  1026   00082C  C002  F00A         	movff	?___awdiv+1,___awmod@dividend+1
  1027   000830  6A0C               	clrf	(___awmod@divisor+1)^0,c
  1028   000832  0E0A               	movlw	10
  1029   000834  6E0B               	movwf	___awmod@divisor^0,c
  1030   000836  ECB2  F004         	call	___awmod	;wreg free
  1031   00083A  5009               	movf	?___awmod^0,w,c
  1032   00083C  0F14               	addlw	low main@digits
  1033   00083E  6ED9               	movwf	fsr2l,c
  1034   000840  6ADA               	clrf	fsr2h,c
  1035   000842  50DF               	movf	indf2,w,c
  1036   000844  6E1F               	movwf	(main@ssd+1)^0,c
  1037   000846                     
  1038                           ;main.c: 104:         ssd[2] = digits[(count / 10) % 10];
  1039   000846  6A04               	clrf	(___awdiv@divisor+1)^0,c
  1040   000848  0E0A               	movlw	10
  1041   00084A  6E03               	movwf	___awdiv@divisor^0,c
  1042   00084C  C02D  F001         	movff	_count,___awdiv@dividend
  1043   000850  C02E  F002         	movff	_count+1,___awdiv@dividend+1
  1044   000854  EC52  F004         	call	___awdiv	;wreg free
  1045   000858  C001  F009         	movff	?___awdiv,___awmod@dividend
  1046   00085C  C002  F00A         	movff	?___awdiv+1,___awmod@dividend+1
  1047   000860  6A0C               	clrf	(___awmod@divisor+1)^0,c
  1048   000862  0E0A               	movlw	10
  1049   000864  6E0B               	movwf	___awmod@divisor^0,c
  1050   000866  ECB2  F004         	call	___awmod	;wreg free
  1051   00086A  5009               	movf	?___awmod^0,w,c
  1052   00086C  0F14               	addlw	low main@digits
  1053   00086E  6ED9               	movwf	fsr2l,c
  1054   000870  6ADA               	clrf	fsr2h,c
  1055   000872  50DF               	movf	indf2,w,c
  1056   000874  6E20               	movwf	(main@ssd+2)^0,c
  1057   000876                     
  1058                           ;main.c: 105:         ssd[3] = digits[count % 10];
  1059   000876  C02D  F009         	movff	_count,___awmod@dividend
  1060   00087A  C02E  F00A         	movff	_count+1,___awmod@dividend+1
  1061   00087E  6A0C               	clrf	(___awmod@divisor+1)^0,c
  1062   000880  0E0A               	movlw	10
  1063   000882  6E0B               	movwf	___awmod@divisor^0,c
  1064   000884  ECB2  F004         	call	___awmod	;wreg free
  1065   000888  5009               	movf	?___awmod^0,w,c
  1066   00088A  0F14               	addlw	low main@digits
  1067   00088C  6ED9               	movwf	fsr2l,c
  1068   00088E  6ADA               	clrf	fsr2h,c
  1069   000890  50DF               	movf	indf2,w,c
  1070   000892  6E21               	movwf	(main@ssd+3)^0,c
  1071   000894                     
  1072                           ;main.c: 108:         display(ssd);
  1073   000894  0E1E               	movlw	low main@ssd
  1074   000896  6E01               	movwf	display@ssd^0,c
  1075   000898  EC09  F005         	call	_display	;wreg free
  1076   00089C  EF52  F003         	goto	l1229
  1077   0008A0  EFFE  F017         	goto	start
  1078   0008A4                     __end_of_main:
  1079                           	callstack 0
  1080                           
  1081 ;; *************** function _write_internal_eeprom *****************
  1082 ;; Defined at:
  1083 ;;		line 139 in file "main.c"
  1084 ;; Parameters:    Size  Location     Type
  1085 ;;  address         1    wreg     unsigned char 
  1086 ;;  data            1   14[COMRAM] unsigned char 
  1087 ;; Auto vars:     Size  Location     Type
  1088 ;;  address         1   15[COMRAM] unsigned char 
  1089 ;; Return value:  Size  Location     Type
  1090 ;;                  1    wreg      void 
  1091 ;; Registers used:
  1092 ;;		wreg, status,2
  1093 ;; Tracked objects:
  1094 ;;		On entry : 0/0
  1095 ;;		On exit  : 0/0
  1096 ;;		Unchanged: 0/0
  1097 ;; Data sizes:     COMRAM   BANK0   BANK1   BANK2   BANK3   BANK4   BANK5
  1098 ;;      Params:         1       0       0       0       0       0       0
  1099 ;;      Locals:         1       0       0       0       0       0       0
  1100 ;;      Temps:          0       0       0       0       0       0       0
  1101 ;;      Totals:         2       0       0       0       0       0       0
  1102 ;;Total ram usage:        2 bytes
  1103 ;; Hardware stack levels used: 1
  1104 ;; This function calls:
  1105 ;;		Nothing
  1106 ;; This function is called by:
  1107 ;;		_main
  1108 ;; This function uses a non-reentrant model
  1109 ;;
  1110                           
  1111                           	psect	text1
  1112   000AFC                     __ptext1:
  1113                           	callstack 0
  1114   000AFC                     _write_internal_eeprom:
  1115                           	callstack 30
  1116                           
  1117                           ;incstack = 0
  1118                           ;write_internal_eeprom@address stored from wreg
  1119   000AFC  6E10               	movwf	write_internal_eeprom@address^0,c
  1120   000AFE                     
  1121                           ;main.c: 140:     EEADR = address;
  1122   000AFE  C010  FFA9         	movff	write_internal_eeprom@address,4009	;volatile
  1123   000B02                     
  1124                           ;main.c: 141:     EEDATA = data;
  1125   000B02  C00F  FFA8         	movff	write_internal_eeprom@data,4008	;volatile
  1126   000B06                     
  1127                           ;main.c: 143:     EECON1bits.EEPGD = 0;
  1128   000B06  9EA6               	bcf	166,7,c	;volsfr
  1129   000B08                     
  1130                           ;main.c: 144:     EECON1bits.CFGS = 0;
  1131   000B08  9CA6               	bcf	166,6,c	;volsfr
  1132   000B0A                     
  1133                           ;main.c: 145:     EECON1bits.WREN = 1;
  1134   000B0A  84A6               	bsf	166,2,c	;volsfr
  1135   000B0C                     
  1136                           ;main.c: 147:     GIE = 0;
  1137   000B0C  9EF2               	bcf	4082,7,c	;volatile
  1138   000B0E                     
  1139                           ;main.c: 149:     EECON2 = 0x55;
  1140   000B0E  0E55               	movlw	85
  1141   000B10  6EA7               	movwf	167,c	;volsfr
  1142   000B12                     
  1143                           ;main.c: 150:     EECON2 = 0xAA;
  1144   000B12  0EAA               	movlw	170
  1145   000B14  6EA7               	movwf	167,c	;volsfr
  1146   000B16                     
  1147                           ;main.c: 152:     EECON1bits.WR = 1;
  1148   000B16  82A6               	bsf	166,1,c	;volsfr
  1149   000B18                     
  1150                           ;main.c: 154:     GIE = 1;
  1151   000B18  8EF2               	bsf	4082,7,c	;volatile
  1152   000B1A                     l77:
  1153   000B1A  A8A1               	btfss	161,4,c	;volatile
  1154   000B1C  EF92  F005         	goto	u291
  1155   000B20  EF94  F005         	goto	u290
  1156   000B24                     u291:
  1157   000B24  EF8D  F005         	goto	l77
  1158   000B28                     u290:
  1159   000B28                     
  1160                           ;main.c: 157:     PIR2bits.EEIF = 0;
  1161   000B28  98A1               	bcf	161,4,c	;volatile
  1162   000B2A  0012               	return		;funcret
  1163   000B2C                     __end_of_write_internal_eeprom:
  1164                           	callstack 0
  1165                           
  1166 ;; *************** function _read_internal_eeprom *****************
  1167 ;; Defined at:
  1168 ;;		line 161 in file "main.c"
  1169 ;; Parameters:    Size  Location     Type
  1170 ;;  address         1    wreg     unsigned char 
  1171 ;; Auto vars:     Size  Location     Type
  1172 ;;  address         1    0[COMRAM] unsigned char 
  1173 ;; Return value:  Size  Location     Type
  1174 ;;                  1    wreg      unsigned char 
  1175 ;; Registers used:
  1176 ;;		wreg, status,2
  1177 ;; Tracked objects:
  1178 ;;		On entry : 0/0
  1179 ;;		On exit  : 0/0
  1180 ;;		Unchanged: 0/0
  1181 ;; Data sizes:     COMRAM   BANK0   BANK1   BANK2   BANK3   BANK4   BANK5
  1182 ;;      Params:         0       0       0       0       0       0       0
  1183 ;;      Locals:         1       0       0       0       0       0       0
  1184 ;;      Temps:          0       0       0       0       0       0       0
  1185 ;;      Totals:         1       0       0       0       0       0       0
  1186 ;;Total ram usage:        1 bytes
  1187 ;; Hardware stack levels used: 1
  1188 ;; This function calls:
  1189 ;;		Nothing
  1190 ;; This function is called by:
  1191 ;;		_main
  1192 ;; This function uses a non-reentrant model
  1193 ;;
  1194                           
  1195                           	psect	text2
  1196   000B56                     __ptext2:
  1197                           	callstack 0
  1198   000B56                     _read_internal_eeprom:
  1199                           	callstack 30
  1200                           
  1201                           ;incstack = 0
  1202                           ;read_internal_eeprom@address stored from wreg
  1203   000B56  6E01               	movwf	read_internal_eeprom@address^0,c
  1204   000B58                     
  1205                           ;main.c: 162:     EEADR = address;
  1206   000B58  C001  FFA9         	movff	read_internal_eeprom@address,4009	;volatile
  1207   000B5C                     
  1208                           ;main.c: 164:     EECON1bits.WREN = 0;
  1209   000B5C  94A6               	bcf	166,2,c	;volsfr
  1210   000B5E                     
  1211                           ;main.c: 165:     EECON1bits.EEPGD = 0;
  1212   000B5E  9EA6               	bcf	166,7,c	;volsfr
  1213   000B60                     
  1214                           ;main.c: 166:     EECON1bits.CFGS = 0;
  1215   000B60  9CA6               	bcf	166,6,c	;volsfr
  1216   000B62                     
  1217                           ;main.c: 168:     EECON1bits.RD = 1;
  1218   000B62  80A6               	bsf	166,0,c	;volsfr
  1219   000B64                     
  1220                           ;main.c: 170:     return EEDATA;
  1221   000B64  50A8               	movf	168,w,c	;volatile
  1222   000B66  0012               	return		;funcret
  1223   000B68                     __end_of_read_internal_eeprom:
  1224                           	callstack 0
  1225                           
  1226 ;; *************** function _read_digit_keypad *****************
  1227 ;; Defined at:
  1228 ;;		line 113 in file "main.c"
  1229 ;; Parameters:    Size  Location     Type
  1230 ;;  detect_type     1    wreg     unsigned char 
  1231 ;; Auto vars:     Size  Location     Type
  1232 ;;  detect_type     1    0[COMRAM] unsigned char 
  1233 ;; Return value:  Size  Location     Type
  1234 ;;                  1    wreg      unsigned char 
  1235 ;; Registers used:
  1236 ;;		wreg, status,2, status,0
  1237 ;; Tracked objects:
  1238 ;;		On entry : 0/0
  1239 ;;		On exit  : 0/0
  1240 ;;		Unchanged: 0/0
  1241 ;; Data sizes:     COMRAM   BANK0   BANK1   BANK2   BANK3   BANK4   BANK5
  1242 ;;      Params:         0       0       0       0       0       0       0
  1243 ;;      Locals:         1       0       0       0       0       0       0
  1244 ;;      Temps:          0       0       0       0       0       0       0
  1245 ;;      Totals:         1       0       0       0       0       0       0
  1246 ;;Total ram usage:        1 bytes
  1247 ;; Hardware stack levels used: 1
  1248 ;; This function calls:
  1249 ;;		Nothing
  1250 ;; This function is called by:
  1251 ;;		_main
  1252 ;; This function uses a non-reentrant model
  1253 ;;
  1254                           
  1255                           	psect	text3
  1256   000A8C                     __ptext3:
  1257                           	callstack 0
  1258   000A8C                     _read_digit_keypad:
  1259                           	callstack 30
  1260                           
  1261                           ;incstack = 0
  1262                           ;read_digit_keypad@detect_type stored from wreg
  1263   000A8C  6E01               	movwf	read_digit_keypad@detect_type^0,c
  1264   000A8E                     
  1265                           ;main.c: 114:     if (detect_type == 0) {
  1266   000A8E  5001               	movf	read_digit_keypad@detect_type^0,w,c
  1267   000A90  A4D8               	btfss	status,2,c
  1268   000A92  EF4D  F005         	goto	u11
  1269   000A96  EF4F  F005         	goto	u10
  1270   000A9A                     u11:
  1271   000A9A  EF53  F005         	goto	l891
  1272   000A9E                     u10:
  1273   000A9E                     l885:
  1274                           
  1275                           ;main.c: 115:         return PORTC & 0x0F;
  1276   000A9E  5082               	movf	130,w,c	;volatile
  1277   000AA0  0B0F               	andlw	15
  1278   000AA2  EF7D  F005         	goto	l62
  1279   000AA6                     l891:
  1280   000AA6  0401               	decf	read_digit_keypad@detect_type^0,w,c
  1281   000AA8  A4D8               	btfss	status,2,c
  1282   000AAA  EF59  F005         	goto	u21
  1283   000AAE  EF5B  F005         	goto	u20
  1284   000AB2                     u21:
  1285   000AB2  EF7C  F005         	goto	l909
  1286   000AB6                     u20:
  1287   000AB6                     
  1288                           ;main.c: 117:         if ((PORTC & 0x0F) != 0x0F && once) {
  1289   000AB6  5082               	movf	130,w,c	;volatile
  1290   000AB8  0B0F               	andlw	15
  1291   000ABA  0A0F               	xorlw	15
  1292   000ABC  B4D8               	btfsc	status,2,c
  1293   000ABE  EF63  F005         	goto	u31
  1294   000AC2  EF65  F005         	goto	u30
  1295   000AC6                     u31:
  1296   000AC6  EF70  F005         	goto	l905
  1297   000ACA                     u30:
  1298   000ACA  502C               	movf	_once^0,w,c
  1299   000ACC  B4D8               	btfsc	status,2,c
  1300   000ACE  EF6B  F005         	goto	u41
  1301   000AD2  EF6D  F005         	goto	u40
  1302   000AD6                     u41:
  1303   000AD6  EF70  F005         	goto	l905
  1304   000ADA                     u40:
  1305   000ADA                     
  1306                           ;main.c: 118:             once = 0;
  1307   000ADA  6A2C               	clrf	_once^0,c
  1308   000ADC  EF4F  F005         	goto	l885
  1309   000AE0                     l905:
  1310   000AE0  5082               	movf	130,w,c	;volatile
  1311   000AE2  0B0F               	andlw	15
  1312   000AE4  0A0F               	xorlw	15
  1313   000AE6  A4D8               	btfss	status,2,c
  1314   000AE8  EF78  F005         	goto	u51
  1315   000AEC  EF7A  F005         	goto	u50
  1316   000AF0                     u51:
  1317   000AF0  EF7C  F005         	goto	l909
  1318   000AF4                     u50:
  1319   000AF4                     
  1320                           ;main.c: 121:             once = 1;
  1321   000AF4  0E01               	movlw	1
  1322   000AF6  6E2C               	movwf	_once^0,c
  1323   000AF8                     l909:
  1324                           
  1325                           ;main.c: 125:     return 0x0F;
  1326   000AF8  0E0F               	movlw	15
  1327   000AFA                     l62:
  1328   000AFA  0012               	return		;funcret
  1329   000AFC                     __end_of_read_digit_keypad:
  1330                           	callstack 0
  1331                           
  1332 ;; *************** function _display *****************
  1333 ;; Defined at:
  1334 ;;		line 129 in file "main.c"
  1335 ;; Parameters:    Size  Location     Type
  1336 ;;  ssd             1    0[COMRAM] PTR unsigned char 
  1337 ;;		 -> main@ssd(4), 
  1338 ;; Auto vars:     Size  Location     Type
  1339 ;;  delay           2    3[COMRAM] int 
  1340 ;;  digit           2    5[COMRAM] int 
  1341 ;; Return value:  Size  Location     Type
  1342 ;;                  1    wreg      void 
  1343 ;; Registers used:
  1344 ;;		wreg, fsr2l, fsr2h, status,2, status,0
  1345 ;; Tracked objects:
  1346 ;;		On entry : 0/0
  1347 ;;		On exit  : 0/0
  1348 ;;		Unchanged: 0/0
  1349 ;; Data sizes:     COMRAM   BANK0   BANK1   BANK2   BANK3   BANK4   BANK5
  1350 ;;      Params:         1       0       0       0       0       0       0
  1351 ;;      Locals:         4       0       0       0       0       0       0
  1352 ;;      Temps:          2       0       0       0       0       0       0
  1353 ;;      Totals:         7       0       0       0       0       0       0
  1354 ;;Total ram usage:        7 bytes
  1355 ;; Hardware stack levels used: 1
  1356 ;; This function calls:
  1357 ;;		Nothing
  1358 ;; This function is called by:
  1359 ;;		_main
  1360 ;; This function uses a non-reentrant model
  1361 ;;
  1362                           
  1363                           	psect	text4
  1364   000A12                     __ptext4:
  1365                           	callstack 0
  1366   000A12                     _display:
  1367                           	callstack 30
  1368   000A12                     
  1369                           ;main.c: 130:     for (int digit = 0; digit < 4; digit++) {
  1370   000A12  6A07               	clrf	(display@digit+1)^0,c
  1371   000A14  0E00               	movlw	0
  1372   000A16  6E06               	movwf	display@digit^0,c
  1373   000A18                     l1115:
  1374                           
  1375                           ;main.c: 131:         PORTD = ssd[digit];
  1376   000A18  5001               	movf	display@ssd^0,w,c
  1377   000A1A  2406               	addwf	display@digit^0,w,c
  1378   000A1C  6ED9               	movwf	fsr2l,c
  1379   000A1E  6ADA               	clrf	fsr2h,c
  1380   000A20  50DF               	movf	indf2,w,c
  1381   000A22  6E83               	movwf	131,c	;volatile
  1382   000A24                     
  1383                           ;main.c: 132:         PORTA = (PORTA & 0xF0) | (1 << digit);
  1384   000A24  C006  F002         	movff	display@digit,??_display
  1385   000A28  0E01               	movlw	1
  1386   000A2A  6E03               	movwf	(??_display+1)^0,c
  1387   000A2C  2A02               	incf	??_display^0,f,c
  1388   000A2E  EF1B  F005         	goto	u304
  1389   000A32                     u305:
  1390   000A32  90D8               	bcf	status,0,c
  1391   000A34  3603               	rlcf	(??_display+1)^0,f,c
  1392   000A36                     u304:
  1393   000A36  2E02               	decfsz	??_display^0,f,c
  1394   000A38  EF19  F005         	goto	u305
  1395   000A3C  5080               	movf	128,w,c	;volatile
  1396   000A3E  0BF0               	andlw	240
  1397   000A40  1003               	iorwf	(??_display+1)^0,w,c
  1398   000A42  6E80               	movwf	128,c	;volatile
  1399   000A44                     
  1400                           ;main.c: 134:         for (int delay = 0; delay < 1000; delay++);
  1401   000A44  6A05               	clrf	(display@delay+1)^0,c
  1402   000A46  0E00               	movlw	0
  1403   000A48  6E04               	movwf	display@delay^0,c
  1404   000A4A                     l1125:
  1405   000A4A  4A04               	infsnz	display@delay^0,f,c
  1406   000A4C  2A05               	incf	(display@delay+1)^0,f,c
  1407   000A4E  BE05               	btfsc	(display@delay+1)^0,7,c
  1408   000A50  EF33  F005         	goto	u311
  1409   000A54  0EE8               	movlw	232
  1410   000A56  5C04               	subwf	display@delay^0,w,c
  1411   000A58  0E03               	movlw	3
  1412   000A5A  5805               	subwfb	(display@delay+1)^0,w,c
  1413   000A5C  A0D8               	btfss	status,0,c
  1414   000A5E  EF33  F005         	goto	u311
  1415   000A62  EF35  F005         	goto	u310
  1416   000A66                     u311:
  1417   000A66  EF25  F005         	goto	l1125
  1418   000A6A                     u310:
  1419   000A6A                     
  1420                           ;main.c: 135:     }
  1421   000A6A  4A06               	infsnz	display@digit^0,f,c
  1422   000A6C  2A07               	incf	(display@digit+1)^0,f,c
  1423   000A6E  BE07               	btfsc	(display@digit+1)^0,7,c
  1424   000A70  EF43  F005         	goto	u321
  1425   000A74  5007               	movf	(display@digit+1)^0,w,c
  1426   000A76  E109               	bnz	u320
  1427   000A78  0E04               	movlw	4
  1428   000A7A  5C06               	subwf	display@digit^0,w,c
  1429   000A7C  A0D8               	btfss	status,0,c
  1430   000A7E  EF43  F005         	goto	u321
  1431   000A82  EF45  F005         	goto	u320
  1432   000A86                     u321:
  1433   000A86  EF0C  F005         	goto	l1115
  1434   000A8A                     u320:
  1435   000A8A  0012               	return		;funcret
  1436   000A8C                     __end_of_display:
  1437                           	callstack 0
  1438                           
  1439 ;; *************** function ___awmod *****************
  1440 ;; Defined at:
  1441 ;;		line 7 in file "C:\Program Files\Microchip\xc8\v3.10\pic\sources\c99\common\awmod.c"
  1442 ;; Parameters:    Size  Location     Type
  1443 ;;  dividend        2    8[COMRAM] int 
  1444 ;;  divisor         2   10[COMRAM] int 
  1445 ;; Auto vars:     Size  Location     Type
  1446 ;;  sign            1   13[COMRAM] unsigned char 
  1447 ;;  counter         1   12[COMRAM] unsigned char 
  1448 ;; Return value:  Size  Location     Type
  1449 ;;                  2    8[COMRAM] int 
  1450 ;; Registers used:
  1451 ;;		wreg, status,2, status,0
  1452 ;; Tracked objects:
  1453 ;;		On entry : 0/0
  1454 ;;		On exit  : 0/0
  1455 ;;		Unchanged: 0/0
  1456 ;; Data sizes:     COMRAM   BANK0   BANK1   BANK2   BANK3   BANK4   BANK5
  1457 ;;      Params:         4       0       0       0       0       0       0
  1458 ;;      Locals:         2       0       0       0       0       0       0
  1459 ;;      Temps:          0       0       0       0       0       0       0
  1460 ;;      Totals:         6       0       0       0       0       0       0
  1461 ;;Total ram usage:        6 bytes
  1462 ;; Hardware stack levels used: 1
  1463 ;; This function calls:
  1464 ;;		Nothing
  1465 ;; This function is called by:
  1466 ;;		_main
  1467 ;; This function uses a non-reentrant model
  1468 ;;
  1469                           
  1470                           	psect	text5
  1471   000964                     __ptext5:
  1472                           	callstack 0
  1473   000964                     ___awmod:
  1474                           	callstack 30
  1475   000964  6A0E               	clrf	___awmod@sign^0,c
  1476   000966  BE0A               	btfsc	(___awmod@dividend+1)^0,7,c
  1477   000968  EFBA  F004         	goto	u390
  1478   00096C  EFB8  F004         	goto	u391
  1479   000970                     u391:
  1480   000970  EFC0  F004         	goto	l1185
  1481   000974                     u390:
  1482   000974  6C09               	negf	___awmod@dividend^0,c
  1483   000976  1E0A               	comf	(___awmod@dividend+1)^0,f,c
  1484   000978  B0D8               	btfsc	status,0,c
  1485   00097A  2A0A               	incf	(___awmod@dividend+1)^0,f,c
  1486   00097C  0E01               	movlw	1
  1487   00097E  6E0E               	movwf	___awmod@sign^0,c
  1488   000980                     l1185:
  1489   000980  BE0C               	btfsc	(___awmod@divisor+1)^0,7,c
  1490   000982  EFC7  F004         	goto	u400
  1491   000986  EFC5  F004         	goto	u401
  1492   00098A                     u401:
  1493   00098A  EFCB  F004         	goto	l1189
  1494   00098E                     u400:
  1495   00098E  6C0B               	negf	___awmod@divisor^0,c
  1496   000990  1E0C               	comf	(___awmod@divisor+1)^0,f,c
  1497   000992  B0D8               	btfsc	status,0,c
  1498   000994  2A0C               	incf	(___awmod@divisor+1)^0,f,c
  1499   000996                     l1189:
  1500   000996  500B               	movf	___awmod@divisor^0,w,c
  1501   000998  100C               	iorwf	(___awmod@divisor+1)^0,w,c
  1502   00099A  B4D8               	btfsc	status,2,c
  1503   00099C  EFD2  F004         	goto	u411
  1504   0009A0  EFD4  F004         	goto	u410
  1505   0009A4                     u411:
  1506   0009A4  EFF8  F004         	goto	l1205
  1507   0009A8                     u410:
  1508   0009A8  0E01               	movlw	1
  1509   0009AA  6E0D               	movwf	___awmod@counter^0,c
  1510   0009AC  EFDC  F004         	goto	l1195
  1511   0009B0                     l1193:
  1512   0009B0  90D8               	bcf	status,0,c
  1513   0009B2  360B               	rlcf	___awmod@divisor^0,f,c
  1514   0009B4  360C               	rlcf	(___awmod@divisor+1)^0,f,c
  1515   0009B6  2A0D               	incf	___awmod@counter^0,f,c
  1516   0009B8                     l1195:
  1517   0009B8  AE0C               	btfss	(___awmod@divisor+1)^0,7,c
  1518   0009BA  EFE1  F004         	goto	u421
  1519   0009BE  EFE3  F004         	goto	u420
  1520   0009C2                     u421:
  1521   0009C2  EFD8  F004         	goto	l1193
  1522   0009C6                     u420:
  1523   0009C6                     l1197:
  1524   0009C6  500B               	movf	___awmod@divisor^0,w,c
  1525   0009C8  5C09               	subwf	___awmod@dividend^0,w,c
  1526   0009CA  500C               	movf	(___awmod@divisor+1)^0,w,c
  1527   0009CC  580A               	subwfb	(___awmod@dividend+1)^0,w,c
  1528   0009CE  A0D8               	btfss	status,0,c
  1529   0009D0  EFEC  F004         	goto	u431
  1530   0009D4  EFEE  F004         	goto	u430
  1531   0009D8                     u431:
  1532   0009D8  EFF2  F004         	goto	l1201
  1533   0009DC                     u430:
  1534   0009DC  500B               	movf	___awmod@divisor^0,w,c
  1535   0009DE  5E09               	subwf	___awmod@dividend^0,f,c
  1536   0009E0  500C               	movf	(___awmod@divisor+1)^0,w,c
  1537   0009E2  5A0A               	subwfb	(___awmod@dividend+1)^0,f,c
  1538   0009E4                     l1201:
  1539   0009E4  90D8               	bcf	status,0,c
  1540   0009E6  320C               	rrcf	(___awmod@divisor+1)^0,f,c
  1541   0009E8  320B               	rrcf	___awmod@divisor^0,f,c
  1542   0009EA  2E0D               	decfsz	___awmod@counter^0,f,c
  1543   0009EC  EFE3  F004         	goto	l1197
  1544   0009F0                     l1205:
  1545   0009F0  500E               	movf	___awmod@sign^0,w,c
  1546   0009F2  B4D8               	btfsc	status,2,c
  1547   0009F4  EFFE  F004         	goto	u441
  1548   0009F8  EF00  F005         	goto	u440
  1549   0009FC                     u441:
  1550   0009FC  EF04  F005         	goto	l1209
  1551   000A00                     u440:
  1552   000A00  6C09               	negf	___awmod@dividend^0,c
  1553   000A02  1E0A               	comf	(___awmod@dividend+1)^0,f,c
  1554   000A04  B0D8               	btfsc	status,0,c
  1555   000A06  2A0A               	incf	(___awmod@dividend+1)^0,f,c
  1556   000A08                     l1209:
  1557   000A08  C009  F009         	movff	___awmod@dividend,?___awmod
  1558   000A0C  C00A  F00A         	movff	___awmod@dividend+1,?___awmod+1
  1559   000A10  0012               	return		;funcret
  1560   000A12                     __end_of___awmod:
  1561                           	callstack 0
  1562                           
  1563 ;; *************** function ___awdiv *****************
  1564 ;; Defined at:
  1565 ;;		line 7 in file "C:\Program Files\Microchip\xc8\v3.10\pic\sources\c99\common\awdiv.c"
  1566 ;; Parameters:    Size  Location     Type
  1567 ;;  dividend        2    0[COMRAM] int 
  1568 ;;  divisor         2    2[COMRAM] int 
  1569 ;; Auto vars:     Size  Location     Type
  1570 ;;  quotient        2    6[COMRAM] int 
  1571 ;;  sign            1    5[COMRAM] unsigned char 
  1572 ;;  counter         1    4[COMRAM] unsigned char 
  1573 ;; Return value:  Size  Location     Type
  1574 ;;                  2    0[COMRAM] int 
  1575 ;; Registers used:
  1576 ;;		wreg, status,2, status,0
  1577 ;; Tracked objects:
  1578 ;;		On entry : 0/0
  1579 ;;		On exit  : 0/0
  1580 ;;		Unchanged: 0/0
  1581 ;; Data sizes:     COMRAM   BANK0   BANK1   BANK2   BANK3   BANK4   BANK5
  1582 ;;      Params:         4       0       0       0       0       0       0
  1583 ;;      Locals:         4       0       0       0       0       0       0
  1584 ;;      Temps:          0       0       0       0       0       0       0
  1585 ;;      Totals:         8       0       0       0       0       0       0
  1586 ;;Total ram usage:        8 bytes
  1587 ;; Hardware stack levels used: 1
  1588 ;; This function calls:
  1589 ;;		Nothing
  1590 ;; This function is called by:
  1591 ;;		_main
  1592 ;; This function uses a non-reentrant model
  1593 ;;
  1594                           
  1595                           	psect	text6
  1596   0008A4                     __ptext6:
  1597                           	callstack 0
  1598   0008A4                     ___awdiv:
  1599                           	callstack 30
  1600   0008A4  6A06               	clrf	___awdiv@sign^0,c
  1601   0008A6  BE04               	btfsc	(___awdiv@divisor+1)^0,7,c
  1602   0008A8  EF5A  F004         	goto	u330
  1603   0008AC  EF58  F004         	goto	u331
  1604   0008B0                     u331:
  1605   0008B0  EF60  F004         	goto	l1141
  1606   0008B4                     u330:
  1607   0008B4  6C03               	negf	___awdiv@divisor^0,c
  1608   0008B6  1E04               	comf	(___awdiv@divisor+1)^0,f,c
  1609   0008B8  B0D8               	btfsc	status,0,c
  1610   0008BA  2A04               	incf	(___awdiv@divisor+1)^0,f,c
  1611   0008BC  0E01               	movlw	1
  1612   0008BE  6E06               	movwf	___awdiv@sign^0,c
  1613   0008C0                     l1141:
  1614   0008C0  BE02               	btfsc	(___awdiv@dividend+1)^0,7,c
  1615   0008C2  EF67  F004         	goto	u340
  1616   0008C6  EF65  F004         	goto	u341
  1617   0008CA                     u341:
  1618   0008CA  EF6D  F004         	goto	l1147
  1619   0008CE                     u340:
  1620   0008CE  6C01               	negf	___awdiv@dividend^0,c
  1621   0008D0  1E02               	comf	(___awdiv@dividend+1)^0,f,c
  1622   0008D2  B0D8               	btfsc	status,0,c
  1623   0008D4  2A02               	incf	(___awdiv@dividend+1)^0,f,c
  1624   0008D6  0E01               	movlw	1
  1625   0008D8  1A06               	xorwf	___awdiv@sign^0,f,c
  1626   0008DA                     l1147:
  1627   0008DA  6A08               	clrf	(___awdiv@quotient+1)^0,c
  1628   0008DC  0E00               	movlw	0
  1629   0008DE  6E07               	movwf	___awdiv@quotient^0,c
  1630   0008E0  5003               	movf	___awdiv@divisor^0,w,c
  1631   0008E2  1004               	iorwf	(___awdiv@divisor+1)^0,w,c
  1632   0008E4  B4D8               	btfsc	status,2,c
  1633   0008E6  EF77  F004         	goto	u351
  1634   0008EA  EF79  F004         	goto	u350
  1635   0008EE                     u351:
  1636   0008EE  EFA1  F004         	goto	l1169
  1637   0008F2                     u350:
  1638   0008F2  0E01               	movlw	1
  1639   0008F4  6E05               	movwf	___awdiv@counter^0,c
  1640   0008F6  EF81  F004         	goto	l1155
  1641   0008FA                     l1153:
  1642   0008FA  90D8               	bcf	status,0,c
  1643   0008FC  3603               	rlcf	___awdiv@divisor^0,f,c
  1644   0008FE  3604               	rlcf	(___awdiv@divisor+1)^0,f,c
  1645   000900  2A05               	incf	___awdiv@counter^0,f,c
  1646   000902                     l1155:
  1647   000902  AE04               	btfss	(___awdiv@divisor+1)^0,7,c
  1648   000904  EF86  F004         	goto	u361
  1649   000908  EF88  F004         	goto	u360
  1650   00090C                     u361:
  1651   00090C  EF7D  F004         	goto	l1153
  1652   000910                     u360:
  1653   000910                     l1157:
  1654   000910  90D8               	bcf	status,0,c
  1655   000912  3607               	rlcf	___awdiv@quotient^0,f,c
  1656   000914  3608               	rlcf	(___awdiv@quotient+1)^0,f,c
  1657   000916  5003               	movf	___awdiv@divisor^0,w,c
  1658   000918  5C01               	subwf	___awdiv@dividend^0,w,c
  1659   00091A  5004               	movf	(___awdiv@divisor+1)^0,w,c
  1660   00091C  5802               	subwfb	(___awdiv@dividend+1)^0,w,c
  1661   00091E  A0D8               	btfss	status,0,c
  1662   000920  EF94  F004         	goto	u371
  1663   000924  EF96  F004         	goto	u370
  1664   000928                     u371:
  1665   000928  EF9B  F004         	goto	l1165
  1666   00092C                     u370:
  1667   00092C  5003               	movf	___awdiv@divisor^0,w,c
  1668   00092E  5E01               	subwf	___awdiv@dividend^0,f,c
  1669   000930  5004               	movf	(___awdiv@divisor+1)^0,w,c
  1670   000932  5A02               	subwfb	(___awdiv@dividend+1)^0,f,c
  1671   000934  8007               	bsf	___awdiv@quotient^0,0,c
  1672   000936                     l1165:
  1673   000936  90D8               	bcf	status,0,c
  1674   000938  3204               	rrcf	(___awdiv@divisor+1)^0,f,c
  1675   00093A  3203               	rrcf	___awdiv@divisor^0,f,c
  1676   00093C  2E05               	decfsz	___awdiv@counter^0,f,c
  1677   00093E  EF88  F004         	goto	l1157
  1678   000942                     l1169:
  1679   000942  5006               	movf	___awdiv@sign^0,w,c
  1680   000944  B4D8               	btfsc	status,2,c
  1681   000946  EFA7  F004         	goto	u381
  1682   00094A  EFA9  F004         	goto	u380
  1683   00094E                     u381:
  1684   00094E  EFAD  F004         	goto	l1173
  1685   000952                     u380:
  1686   000952  6C07               	negf	___awdiv@quotient^0,c
  1687   000954  1E08               	comf	(___awdiv@quotient+1)^0,f,c
  1688   000956  B0D8               	btfsc	status,0,c
  1689   000958  2A08               	incf	(___awdiv@quotient+1)^0,f,c
  1690   00095A                     l1173:
  1691   00095A  C007  F001         	movff	___awdiv@quotient,?___awdiv
  1692   00095E  C008  F002         	movff	___awdiv@quotient+1,?___awdiv+1
  1693   000962  0012               	return		;funcret
  1694   000964                     __end_of___awdiv:
  1695                           	callstack 0
  1696                           
  1697                           	psect	smallconst
  1698   000600                     __psmallconst:
  1699                           	callstack 0
  1700   000600  00                 	db	0
  1701   000601  00                 	db	0	; dummy byte at the end
  1702   000600                     __smallconst    set	__psmallconst
  1703   000600                     __mediumconst   set	__psmallconst
  1704   000000                     __activetblptr  equ	0
  1705                           
  1706                           	psect	rparam
  1707   000001                     ___rparam_used  equ	1
  1708   000000                     ___param_bank   equ	0
  1709   000000                     __Lparam        equ	__Lrparam
  1710   000000                     __Hparam        equ	__Hrparam
  1711                           
  1712                           	psect	idloc
  1713                           
  1714                           ;Config register IDLOC0 @ 0x200000
  1715                           ;	unspecified, using default values
  1716   200000                     	org	2097152
  1717   200000  FF                 	db	255
  1718                           
  1719                           ;Config register IDLOC1 @ 0x200001
  1720                           ;	unspecified, using default values
  1721   200001                     	org	2097153
  1722   200001  FF                 	db	255
  1723                           
  1724                           ;Config register IDLOC2 @ 0x200002
  1725                           ;	unspecified, using default values
  1726   200002                     	org	2097154
  1727   200002  FF                 	db	255
  1728                           
  1729                           ;Config register IDLOC3 @ 0x200003
  1730                           ;	unspecified, using default values
  1731   200003                     	org	2097155
  1732   200003  FF                 	db	255
  1733                           
  1734                           ;Config register IDLOC4 @ 0x200004
  1735                           ;	unspecified, using default values
  1736   200004                     	org	2097156
  1737   200004  FF                 	db	255
  1738                           
  1739                           ;Config register IDLOC5 @ 0x200005
  1740                           ;	unspecified, using default values
  1741   200005                     	org	2097157
  1742   200005  FF                 	db	255
  1743                           
  1744                           ;Config register IDLOC6 @ 0x200006
  1745                           ;	unspecified, using default values
  1746   200006                     	org	2097158
  1747   200006  FF                 	db	255
  1748                           
  1749                           ;Config register IDLOC7 @ 0x200007
  1750                           ;	unspecified, using default values
  1751   200007                     	org	2097159
  1752   200007  FF                 	db	255
  1753                           
  1754                           	psect	config
  1755                           
  1756                           ; Padding undefined space
  1757   300000                     	org	3145728
  1758   300000  FF                 	db	255
  1759                           
  1760                           ;Config register CONFIG1H @ 0x300001
  1761                           ;	unspecified, using default values
  1762                           ;	Oscillator Selection bits
  1763                           ;	OSC = 0x7, unprogrammed default
  1764                           ;	Fail-Safe Clock Monitor Enable bit
  1765                           ;	FCMEN = 0x0, unprogrammed default
  1766                           ;	Internal/External Oscillator Switchover bit
  1767                           ;	IESO = 0x0, unprogrammed default
  1768   300001                     	org	3145729
  1769   300001  07                 	db	7
  1770                           
  1771                           ;Config register CONFIG2L @ 0x300002
  1772                           ;	unspecified, using default values
  1773                           ;	Power-up Timer Enable bit
  1774                           ;	PWRT = 0x1, unprogrammed default
  1775                           ;	Brown-out Reset Enable bits
  1776                           ;	BOREN = 0x3, unprogrammed default
  1777                           ;	Brown-out Reset Voltage bits
  1778                           ;	BORV = 0x3, unprogrammed default
  1779   300002                     	org	3145730
  1780   300002  1F                 	db	31
  1781                           
  1782                           ;Config register CONFIG2H @ 0x300003
  1783                           ;	unspecified, using default values
  1784                           ;	Watchdog Timer Enable bit
  1785                           ;	WDT = 0x1, unprogrammed default
  1786                           ;	Watchdog Timer Postscale Select bits
  1787                           ;	WDTPS = 0xF, unprogrammed default
  1788   300003                     	org	3145731
  1789   300003  1F                 	db	31
  1790                           
  1791                           ; Padding undefined space
  1792   300004                     	org	3145732
  1793   300004  FF                 	db	255
  1794                           
  1795                           ;Config register CONFIG3H @ 0x300005
  1796                           ;	unspecified, using default values
  1797                           ;	PORTB A/D Enable bit
  1798                           ;	PBADEN = 0x1, unprogrammed default
  1799                           ;	Low-Power Timer 1 Oscillator Enable bit
  1800                           ;	LPT1OSC = 0x0, unprogrammed default
  1801                           ;	MCLR Pin Enable bit
  1802                           ;	MCLRE = 0x1, unprogrammed default
  1803   300005                     	org	3145733
  1804   300005  82                 	db	130
  1805                           
  1806                           ;Config register CONFIG4L @ 0x300006
  1807                           ;	unspecified, using default values
  1808                           ;	Stack Full/Underflow Reset Enable bit
  1809                           ;	STVREN = 0x1, unprogrammed default
  1810                           ;	Single-Supply ICSP Enable bit
  1811                           ;	LVP = 0x1, unprogrammed default
  1812                           ;	Boot Block Size Select bit
  1813                           ;	BBSIZ = 0x0, unprogrammed default
  1814                           ;	Extended Instruction Set Enable bit
  1815                           ;	XINST = 0x0, unprogrammed default
  1816                           ;	Background Debugger Enable bit
  1817                           ;	DEBUG = 0x1, unprogrammed default
  1818   300006                     	org	3145734
  1819   300006  85                 	db	133
  1820                           
  1821                           ; Padding undefined space
  1822   300007                     	org	3145735
  1823   300007  FF                 	db	255
  1824                           
  1825                           ;Config register CONFIG5L @ 0x300008
  1826                           ;	unspecified, using default values
  1827                           ;	Code Protection bit
  1828                           ;	CP0 = 0x1, unprogrammed default
  1829                           ;	Code Protection bit
  1830                           ;	CP1 = 0x1, unprogrammed default
  1831                           ;	Code Protection bit
  1832                           ;	CP2 = 0x1, unprogrammed default
  1833                           ;	Code Protection bit
  1834                           ;	CP3 = 0x1, unprogrammed default
  1835   300008                     	org	3145736
  1836   300008  0F                 	db	15
  1837                           
  1838                           ;Config register CONFIG5H @ 0x300009
  1839                           ;	unspecified, using default values
  1840                           ;	Boot Block Code Protection bit
  1841                           ;	CPB = 0x1, unprogrammed default
  1842                           ;	Data EEPROM Code Protection bit
  1843                           ;	CPD = 0x1, unprogrammed default
  1844   300009                     	org	3145737
  1845   300009  C0                 	db	192
  1846                           
  1847                           ;Config register CONFIG6L @ 0x30000A
  1848                           ;	unspecified, using default values
  1849                           ;	Write Protection bit
  1850                           ;	WRT0 = 0x1, unprogrammed default
  1851                           ;	Write Protection bit
  1852                           ;	WRT1 = 0x1, unprogrammed default
  1853                           ;	Write Protection bit
  1854                           ;	WRT2 = 0x1, unprogrammed default
  1855                           ;	Write Protection bit
  1856                           ;	WRT3 = 0x1, unprogrammed default
  1857   30000A                     	org	3145738
  1858   30000A  0F                 	db	15
  1859                           
  1860                           ;Config register CONFIG6H @ 0x30000B
  1861                           ;	unspecified, using default values
  1862                           ;	Configuration Register Write Protection bit
  1863                           ;	WRTC = 0x1, unprogrammed default
  1864                           ;	Boot Block Write Protection bit
  1865                           ;	WRTB = 0x1, unprogrammed default
  1866                           ;	Data EEPROM Write Protection bit
  1867                           ;	WRTD = 0x1, unprogrammed default
  1868   30000B                     	org	3145739
  1869   30000B  E0                 	db	224
  1870                           
  1871                           ;Config register CONFIG7L @ 0x30000C
  1872                           ;	unspecified, using default values
  1873                           ;	Table Read Protection bit
  1874                           ;	EBTR0 = 0x1, unprogrammed default
  1875                           ;	Table Read Protection bit
  1876                           ;	EBTR1 = 0x1, unprogrammed default
  1877                           ;	Table Read Protection bit
  1878                           ;	EBTR2 = 0x1, unprogrammed default
  1879                           ;	Table Read Protection bit
  1880                           ;	EBTR3 = 0x1, unprogrammed default
  1881   30000C                     	org	3145740
  1882   30000C  0F                 	db	15
  1883                           
  1884                           ;Config register CONFIG7H @ 0x30000D
  1885                           ;	unspecified, using default values
  1886                           ;	Boot Block Table Read Protection bit
  1887                           ;	EBTRB = 0x1, unprogrammed default
  1888   30000D                     	org	3145741
  1889   30000D  40                 	db	64
  1890                           tosu	equ	0xFFF
  1891                           tosh	equ	0xFFE
  1892                           tosl	equ	0xFFD
  1893                           stkptr	equ	0xFFC
  1894                           pclatu	equ	0xFFB
  1895                           pclath	equ	0xFFA
  1896                           pcl	equ	0xFF9
  1897                           tblptru	equ	0xFF8
  1898                           tblptrh	equ	0xFF7
  1899                           tblptrl	equ	0xFF6
  1900                           tablat	equ	0xFF5
  1901                           prodh	equ	0xFF4
  1902                           prodl	equ	0xFF3
  1903                           indf0	equ	0xFEF
  1904                           postinc0	equ	0xFEE
  1905                           postdec0	equ	0xFED
  1906                           preinc0	equ	0xFEC
  1907                           plusw0	equ	0xFEB
  1908                           fsr0h	equ	0xFEA
  1909                           fsr0l	equ	0xFE9
  1910                           wreg	equ	0xFE8
  1911                           indf1	equ	0xFE7
  1912                           postinc1	equ	0xFE6
  1913                           postdec1	equ	0xFE5
  1914                           preinc1	equ	0xFE4
  1915                           plusw1	equ	0xFE3
  1916                           fsr1h	equ	0xFE2
  1917                           fsr1l	equ	0xFE1
  1918                           bsr	equ	0xFE0
  1919                           indf2	equ	0xFDF
  1920                           postinc2	equ	0xFDE
  1921                           postdec2	equ	0xFDD
  1922                           preinc2	equ	0xFDC
  1923                           plusw2	equ	0xFDB
  1924                           fsr2h	equ	0xFDA
  1925                           fsr2l	equ	0xFD9
  1926                           status	equ	0xFD8

Data Sizes:
    Strings     0
    Constant    0
    Data        11
    BSS         2
    Persistent  3
    Stack       0

Auto Spaces:
    Space          Size  Autos    Used
    COMRAM           95     33      49
    BANK0           160      0       0
    BANK1           256      0       0
    BANK2           256      0       0
    BANK3           256      0       0
    BANK4           256      0       0
    BANK5           256      0       0

Pointer List with Targets:

    display@ssd	PTR unsigned char  size(1) Largest target is 4
		 -> main@ssd(COMRAM[4]), 


Critical Paths under _main in COMRAM

    _main->_write_internal_eeprom
    _write_internal_eeprom->___awmod
    ___awmod->___awdiv

Critical Paths under _main in BANK0

    None.

Critical Paths under _main in BANK1

    None.

Critical Paths under _main in BANK2

    None.

Critical Paths under _main in BANK3

    None.

Critical Paths under _main in BANK4

    None.

Critical Paths under _main in BANK5

    None.

Call Graph Tables:

 ---------------------------------------------------------------------------------
 (Depth) Function   	        Calls       Base Space   Used Autos Params    Refs
 ---------------------------------------------------------------------------------
 (0) _main                                                17    17      0    1068
                                             16 COMRAM    17    17      0
                            ___awdiv
                            ___awmod
                            _display
                  _read_digit_keypad
               _read_internal_eeprom
              _write_internal_eeprom
 ---------------------------------------------------------------------------------
 (1) _write_internal_eeprom                                2     1      1      55
                                             14 COMRAM     2     1      1
                            ___awdiv (ARG)
                            ___awmod (ARG)
 ---------------------------------------------------------------------------------
 (1) _read_internal_eeprom                                 1     1      0      15
                                              0 COMRAM     1     1      0
 ---------------------------------------------------------------------------------
 (1) _read_digit_keypad                                    1     1      0      30
                                              0 COMRAM     1     1      0
 ---------------------------------------------------------------------------------
 (1) _display                                              7     6      1     159
                                              0 COMRAM     7     6      1
 ---------------------------------------------------------------------------------
 (1) ___awmod                                              6     2      4     308
                                              8 COMRAM     6     2      4
                            ___awdiv (ARG)
 ---------------------------------------------------------------------------------
 (1) ___awdiv                                              8     4      4     312
                                              0 COMRAM     8     4      4
 ---------------------------------------------------------------------------------
 Estimated maximum stack depth 1
 ---------------------------------------------------------------------------------

 Call Graph Graphs:

 _main (ROOT)
   ___awdiv
   ___awmod
     ___awdiv (ARG)
   _display
   _read_digit_keypad
   _read_internal_eeprom
   _write_internal_eeprom
     ___awdiv (ARG)
     ___awmod (ARG)

Address spaces:
Name               Size   Autos  Total    Usage
BIGRAM            1535      0       0      0.0%
BITBIGSFRlll       640      0       0      0.0%
BITBANK5           256      0       0      0.0%
BANK5              256      0       0      0.0%
BITBANK4           256      0       0      0.0%
BANK4              256      0       0      0.0%
BITBANK3           256      0       0      0.0%
BANK3              256      0       0      0.0%
BITBANK2           256      0       0      0.0%
BANK2              256      0       0      0.0%
BITBANK1           256      0       0      0.0%
BANK1              256      0       0      0.0%
BITBANK0           160      0       0      0.0%
BANK0              160      0       0      0.0%
BITCOMRAM           95      0       0      0.0%
COMRAM              95     33      49     51.6%
BITBIGSFRh          88      0       0      0.0%
BITBIGSFRllh        32      0       0      0.0%
BITBIGSFRlh          5      0       0      0.0%
STACK                0      0       0      0.0%
DATA                 0      0      49      0.0%


Microchip Technology PIC18 Macro Assembler V3.10 build 20250813170317 
Symbol Table                                                                                   Thu Mar 12 09:46:38 2026

                           l62 0AFA                             l54 07F0                             l80 0B2A  
                           l74 0A8A                             l83 0B66                             l77 0B1A  
                           l79 0B28                             u10 0A9E                             u11 0A9A  
                           u20 0AB6                             u21 0AB2                             u30 0ACA  
                           u31 0AC6                             u40 0ADA                             u41 0AD6  
                           u50 0AF4                             u51 0AF0                   ___awdiv@sign 0006  
                          l440 0A10                            l427 0962                            l905 0AE0  
                          l907 0AF4                            l909 0AF8                            l871 0B5C  
                          l873 0B5E                            l891 0AA6                            l883 0A8E  
                          l875 0B60                            l893 0AB6                            l885 0A9E  
                          l877 0B62                            l869 0B58                            l895 0ACA  
                          l879 0B64                            l897 0ADA                            _GIE 7F97  
                          u310 0A6A                            u311 0A66                            u400 098E  
                          u320 0A8A                            u304 0A36                            u401 098A  
                          u321 0A86                            u305 0A32                            u330 08B4  
                          u410 09A8                            u331 08B0                            u411 09A4  
                          u340 08CE                            u420 09C6                            u500 07CA  
                          u341 08CA                            u421 09C2                            u501 07C6  
                          u350 08F2                            u430 09DC                            u510 07EA  
                          u351 08EE                            u431 09D8                            u511 07E6  
                          u360 0910                            u440 0A00                            u361 090C  
                          u441 09FC                            u370 092C                            u290 0B28  
                          u371 0928                            u291 0B24                            u451 069C  
                          u380 0952                            u460 06BE                            u381 094E  
                          u461 06BA                            u390 0974                            u470 076A  
                          u391 0970                            u471 0766                            u480 078A  
                          u481 0786                            u490 07B0                            u491 07AC  
                          _key 002F                   ___awmod@sign 000E                            wreg 0FE8  
                         l1101 0B0E                           l1103 0B12                           l1201 09E4  
                         l1105 0B16                           l1203 09EA                           l1131 0A6E  
                         l1115 0A18                           l1107 0B18                           l1141 08C0  
                         l1133 08A4                           l1205 09F0                           l1125 0A4A  
                         l1117 0A24                           l1109 0A12                           l1221 0620  
                         l1213 0602                           l1151 08F2                           l1143 08CE  
                         l1135 08A6                           l1207 0A00                           l1127 0A4E  
                         l1119 0A44                           l1231 06AC                           l1223 0646  
                         l1215 0604                           l1161 092C                           l1153 08FA  
                         l1145 08D6                           l1137 08B4                           l1209 0A08  
                         l1129 0A6A                           l1241 078A                           l1233 06BE  
                         l1225 066C                           l1217 060C                           l1171 0952  
                         l1163 0934                           l1155 0902                           l1147 08DA  
                         l1139 08BC                           l1091 0B02                           l1251 07EA  
                         l1243 0794                           l1235 0758                           l1227 0692  
                         l1219 0612                           l1173 095A                           l1165 0936  
                         l1157 0910                           l1149 08E0                           l1181 0974  
                         l1093 0B06                           l1261 0876                           l1245 07B0  
                         l1237 076A                           l1229 06A4                           l1167 093C  
                         l1159 0916                           l1191 09A8                           l1183 097C  
                         l1095 0B08                           l1263 0894                           l1247 07CA  
                         l1239 076E                           l1255 07F6                           l1169 0942  
                         l1193 09B0                           l1185 0980                           l1177 0964  
                         l1097 0B0A                           l1089 0AFE                           l1257 0816  
                         l1249 07CE                           l1195 09B8                           l1187 098E  
                         l1179 0966                           l1099 0B0C                           l1259 0846  
                         l1197 09C6                           l1189 0996                           l1199 09DC  
                         _main 0602                           _once 002C                           _time 0030  
                         fsr2h 0FDA                           indf2 0FDF                           fsr1l 0FE1  
                         fsr2l 0FD9                           prodh 0FF4                           prodl 0FF3  
                         start 2FFC                   ___param_bank 0000                          ?_main 0001  
              __end_of___awdiv 0964                          _EEADR 0FA9                __end_of___awmod 0A12  
              ___awdiv@divisor 0003                ___awdiv@counter 0005                          _PORTA 0F80  
                        _PORTC 0F82                          _PORTD 0F83                          _TRISA 0F92  
                        _TRISC 0F94                          _TRISD 0F95                   display@delay 0004  
                 display@digit 0006                __end_of_display 0A8C                          _count 002D  
                        tablat 0FF5                          plusw1 0FE3                          plusw2 0FDB  
                        status 0FD8        ??_write_internal_eeprom 0010                __initialization 0B2C  
                 __end_of_main 08A4                         ??_main 0011                  __activetblptr 0000  
                       _EEDATA 0FA8                         _EECON2 0FA7               ___awdiv@dividend 0001  
                    ??___awdiv 0005                      ??___awmod 000D               ___awdiv@quotient 0007  
              ___awmod@divisor 000B                         isa$std 0001                ___awmod@counter 000D  
                    ??_display 0002                   __pdataCOMRAM 0022                   __mediumconst 0600  
                       tblptrh 0FF7                         tblptrl 0FF6                         tblptru 0FF8  
            _read_digit_keypad 0A8C             ?_read_digit_keypad 0001                     __accesstop 0060  
      __end_of__initialization 0B50                  ___rparam_used 0001            ??_read_digit_keypad 0001  
               __pcstackCOMRAM 0001      __end_of_read_digit_keypad 0AFC                     __pnvCOMRAM 002D  
  read_internal_eeprom@address 0001  __end_of_write_internal_eeprom 0B2C                        __Hparam 0000  
 read_digit_keypad@detect_type 0001                        __Lparam 0000                        ___awdiv 08A4  
                      ___awmod 0964                   __psmallconst 0600                        __pcinit 0B2C  
                      __ramtop 0600                        __ptext0 0602                        __ptext1 0AFC  
                      __ptext2 0B56                        __ptext3 0A8C                        __ptext4 0A12  
                      __ptext5 0964                        __ptext6 08A4                        _display 0A12  
             ___awmod@dividend 0009      write_internal_eeprom@data 000F                        main@ssd 001E  
         end_of_initialization 0B50                        postdec1 0FE5                        postinc0 0FEE  
                   main@F10494 0022                     main@digits 0014                     display@ssd 0001  
 __end_of_read_internal_eeprom 0B68                  __pidataCOMRAM 0B68            start_initialization 0B2C  
                  __pbssCOMRAM 0030                       ?___awdiv 0001                       ?___awmod 0009  
                     ?_display 0001                    __smallconst 0600           _read_internal_eeprom 0B56  
                     _PIR2bits 0FA1          _write_internal_eeprom 0AFC          ?_read_internal_eeprom 0001  
                    copy_data0 0B40                     _EECON1bits 0FA6                       __Hrparam 0000  
                     __Lrparam 0000         ?_write_internal_eeprom 000F                       isa$xinst 0000  
       ??_read_internal_eeprom 0001   write_internal_eeprom@address 0010  
