

Microchip MPLAB XC8 Assembler V3.10 build 20250813170317 
                                                                                               Fri Mar 27 10:02:12 2026

Microchip MPLAB XC8 C Compiler v3.10 (Free license) build 20250813170317 Og1 
     1                           	processor	18F4580
     2                           	fnconf	rparam,??,?,0
     3                           	pagewidth 120
     4                           	opt	flic
     5                           	psect	idataCOMRAM,global,class=CODE,space=0,delta=1,noexec
     6                           	psect	cinit,global,reloc=2,class=CODE,space=0,delta=1
     7                           	psect	dataCOMRAM,global,class=COMRAM,space=1,delta=1,lowdata,noexec
     8                           	psect	cstackCOMRAM,global,class=COMRAM,space=1,delta=1,lowdata,noexec
     9                           	psect	text0,global,reloc=2,class=CODE,space=0,delta=1
    10                           	psect	text1,global,reloc=2,class=CODE,space=0,delta=1
    11                           	psect	text2,global,reloc=2,class=CODE,space=0,delta=1
    12                           	psect	text3,global,reloc=2,class=CODE,space=0,delta=1
    13                           	psect	text4,global,reloc=2,class=CODE,space=0,delta=1
    14                           	psect	smallconst,global,reloc=2,class=SMALLCONST,space=0,delta=1,noexec
    15                           	psect	intsave_regs,global,class=BIGRAM,space=1,delta=1,noexec
    16                           	psect	rparam,global,class=COMRAM,space=1,delta=1,noexec
    17                           	psect	idloc,global,abs,ovrld,class=IDLOC,space=5,delta=1,noexec
    18                           	psect	config,global,abs,ovrld,class=CONFIG,space=4,delta=1,noexec
    19   000000                     
    20                           ; Version 2.40
    21                           ; Generated 17/11/2021 GMT
    22                           ; 
    23                           ; Copyright © 2021, Microchip Technology Inc. and its subsidiaries ("Microchip")
    24                           ; All rights reserved.
    25                           ; 
    26                           ; This software is developed by Microchip Technology Inc. and its subsidiaries ("Microch
      +                          ip").
    27                           ; 
    28                           ; Redistribution and use in source and binary forms, with or without modification, are
    29                           ; permitted provided that the following conditions are met:
    30                           ; 
    31                           ;     1. Redistributions of source code must retain the above copyright notice, this lis
      +                          t of
    32                           ;        conditions and the following disclaimer.
    33                           ; 
    34                           ;     2. Redistributions in binary form must reproduce the above copyright notice, this 
      +                          list
    35                           ;        of conditions and the following disclaimer in the documentation and/or other
    36                           ;        materials provided with the distribution. Publication is not required when
    37                           ;        this file is used in an embedded application.
    38                           ; 
    39                           ;     3. Microchip's name may not be used to endorse or promote products derived from th
      +                          is
    40                           ;        software without specific prior written permission.
    41                           ; 
    42                           ; THIS SOFTWARE IS PROVIDED BY MICROCHIP "AS IS" AND ANY EXPRESS OR IMPLIED WARRANTIES,
    43                           ; INCLUDING, BUT NOT LIMITED TO, THE IMPLIED WARRANTIES OF MERCHANTABILITY AND FITNESS F
      +                          OR
    44                           ; PURPOSE ARE DISCLAIMED.  IN NO EVENT SHALL MICROCHIP BE LIABLE FOR ANY DIRECT, INDIREC
      +                          T,
    45                           ; INCIDENTAL, SPECIAL, EXEMPLARY, OR CONSEQUENTIAL DAMAGES (INCLUDING BUT NOT LIMITED TO
    46                           ; PROCUREMENT OF SUBSTITUTE GOODS OR SERVICES; LOSS OF USE, DATA OR PROFITS; OR BUSINESS
    47                           ; INTERRUPTION) HOWSOEVER CAUSED AND ON ANY THEORY OF LIABILITY, WHETHER IN CONTRACT, ST
      +                          RICT
    48                           ; LIABILITY, OR TORT (INCLUDING NEGLIGENCE OR OTHERWISE) ARISING IN ANY WAY OUT OF THE U
      +                          SE OF
    49                           ; THIS SOFTWARE, EVEN IF ADVISED OF THE POSSIBILITY OF SUCH DAMAGE.
    50                           ; 
    51                           ; 
    52                           ; Code-generator required, PIC18F4580 Definitions
    53                           ; 
    54                           ; SFR Addresses
    55   000FE0                     bsr             equ	4064
    56   000FE9                     fsr0            equ	4073
    57   000FEA                     fsr0h           equ	4074
    58   000FE9                     fsr0l           equ	4073
    59   000FE1                     fsr1            equ	4065
    60   000FE2                     fsr1h           equ	4066
    61   000FE1                     fsr1l           equ	4065
    62   000FD9                     fsr2            equ	4057
    63   000FDA                     fsr2h           equ	4058
    64   000FD9                     fsr2l           equ	4057
    65   000FEF                     indf0           equ	4079
    66   000FE7                     indf1           equ	4071
    67   000FDF                     indf2           equ	4063
    68   000FF2                     intcon          equ	4082
    69   000000                     nvmcon          equ	0
    70   000FF9                     pcl             equ	4089
    71   000FFA                     pclath          equ	4090
    72   000FFB                     pclatu          equ	4091
    73   000FEB                     plusw0          equ	4075
    74   000FE3                     plusw1          equ	4067
    75   000FDB                     plusw2          equ	4059
    76   000FED                     postdec0        equ	4077
    77   000FE5                     postdec1        equ	4069
    78   000FDD                     postdec2        equ	4061
    79   000FEE                     postinc0        equ	4078
    80   000FE6                     postinc1        equ	4070
    81   000FDE                     postinc2        equ	4062
    82   000FEC                     preinc0         equ	4076
    83   000FE4                     preinc1         equ	4068
    84   000FDC                     preinc2         equ	4060
    85   000FF3                     prod            equ	4083
    86   000FF4                     prodh           equ	4084
    87   000FF3                     prodl           equ	4083
    88   000FD8                     status          equ	4056
    89   000FF5                     tablat          equ	4085
    90   000FF6                     tblptr          equ	4086
    91   000FF7                     tblptrh         equ	4087
    92   000FF6                     tblptrl         equ	4086
    93   000FF8                     tblptru         equ	4088
    94   000FFD                     tosl            equ	4093
    95   000FE8                     wreg            equ	4072
    96   000D60                     RXF6SIDH        equ	3424	;# 
    97   000D61                     RXF6SIDL        equ	3425	;# 
    98   000D62                     RXF6EIDH        equ	3426	;# 
    99   000D63                     RXF6EIDL        equ	3427	;# 
   100   000D64                     RXF7SIDH        equ	3428	;# 
   101   000D65                     RXF7SIDL        equ	3429	;# 
   102   000D66                     RXF7EIDH        equ	3430	;# 
   103   000D67                     RXF7EIDL        equ	3431	;# 
   104   000D68                     RXF8SIDH        equ	3432	;# 
   105   000D69                     RXF8SIDL        equ	3433	;# 
   106   000D6A                     RXF8EIDH        equ	3434	;# 
   107   000D6B                     RXF8EIDL        equ	3435	;# 
   108   000D70                     RXF9SIDH        equ	3440	;# 
   109   000D71                     RXF9SIDL        equ	3441	;# 
   110   000D72                     RXF9EIDH        equ	3442	;# 
   111   000D73                     RXF9EIDL        equ	3443	;# 
   112   000D74                     RXF10SIDH       equ	3444	;# 
   113   000D75                     RXF10SIDL       equ	3445	;# 
   114   000D76                     RXF10EIDH       equ	3446	;# 
   115   000D77                     RXF10EIDL       equ	3447	;# 
   116   000D78                     RXF11SIDH       equ	3448	;# 
   117   000D79                     RXF11SIDL       equ	3449	;# 
   118   000D7A                     RXF11EIDH       equ	3450	;# 
   119   000D7B                     RXF11EIDL       equ	3451	;# 
   120   000D80                     RXF12SIDH       equ	3456	;# 
   121   000D81                     RXF12SIDL       equ	3457	;# 
   122   000D82                     RXF12EIDH       equ	3458	;# 
   123   000D83                     RXF12EIDL       equ	3459	;# 
   124   000D84                     RXF13SIDH       equ	3460	;# 
   125   000D85                     RXF13SIDL       equ	3461	;# 
   126   000D86                     RXF13EIDH       equ	3462	;# 
   127   000D87                     RXF13EIDL       equ	3463	;# 
   128   000D88                     RXF14SIDH       equ	3464	;# 
   129   000D89                     RXF14SIDL       equ	3465	;# 
   130   000D8A                     RXF14EIDH       equ	3466	;# 
   131   000D8B                     RXF14EIDL       equ	3467	;# 
   132   000D90                     RXF15SIDH       equ	3472	;# 
   133   000D91                     RXF15SIDL       equ	3473	;# 
   134   000D92                     RXF15EIDH       equ	3474	;# 
   135   000D93                     RXF15EIDL       equ	3475	;# 
   136   000DD4                     RXFCON0         equ	3540	;# 
   137   000DD5                     RXFCON1         equ	3541	;# 
   138   000DD8                     SDFLC           equ	3544	;# 
   139   000DE0                     RXFBCON0        equ	3552	;# 
   140   000DE1                     RXFBCON1        equ	3553	;# 
   141   000DE2                     RXFBCON2        equ	3554	;# 
   142   000DE3                     RXFBCON3        equ	3555	;# 
   143   000DE4                     RXFBCON4        equ	3556	;# 
   144   000DE5                     RXFBCON5        equ	3557	;# 
   145   000DE6                     RXFBCON6        equ	3558	;# 
   146   000DE7                     RXFBCON7        equ	3559	;# 
   147   000DF0                     MSEL0           equ	3568	;# 
   148   000DF1                     MSEL1           equ	3569	;# 
   149   000DF2                     MSEL2           equ	3570	;# 
   150   000DF3                     MSEL3           equ	3571	;# 
   151   000DF8                     BSEL0           equ	3576	;# 
   152   000DFA                     BIE0            equ	3578	;# 
   153   000DFC                     TXBIE           equ	3580	;# 
   154   000E20                     B0CON           equ	3616	;# 
   155   000E21                     B0SIDH          equ	3617	;# 
   156   000E22                     B0SIDL          equ	3618	;# 
   157   000E23                     B0EIDH          equ	3619	;# 
   158   000E24                     B0EIDL          equ	3620	;# 
   159   000E25                     B0DLC           equ	3621	;# 
   160   000E26                     B0D0            equ	3622	;# 
   161   000E27                     B0D1            equ	3623	;# 
   162   000E28                     B0D2            equ	3624	;# 
   163   000E29                     B0D3            equ	3625	;# 
   164   000E2A                     B0D4            equ	3626	;# 
   165   000E2B                     B0D5            equ	3627	;# 
   166   000E2C                     B0D6            equ	3628	;# 
   167   000E2D                     B0D7            equ	3629	;# 
   168   000E2E                     CANSTAT_RO9     equ	3630	;# 
   169   000E2F                     CANCON_RO9      equ	3631	;# 
   170   000E30                     B1CON           equ	3632	;# 
   171   000E31                     B1SIDH          equ	3633	;# 
   172   000E32                     B1SIDL          equ	3634	;# 
   173   000E33                     B1EIDH          equ	3635	;# 
   174   000E34                     B1EIDL          equ	3636	;# 
   175   000E35                     B1DLC           equ	3637	;# 
   176   000E36                     B1D0            equ	3638	;# 
   177   000E37                     B1D1            equ	3639	;# 
   178   000E38                     B1D2            equ	3640	;# 
   179   000E39                     B1D3            equ	3641	;# 
   180   000E3A                     B1D4            equ	3642	;# 
   181   000E3B                     B1D5            equ	3643	;# 
   182   000E3C                     B1D6            equ	3644	;# 
   183   000E3D                     B1D7            equ	3645	;# 
   184   000E3E                     CANSTAT_RO8     equ	3646	;# 
   185   000E3F                     CANCON_RO8      equ	3647	;# 
   186   000E40                     B2CON           equ	3648	;# 
   187   000E41                     B2SIDH          equ	3649	;# 
   188   000E42                     B2SIDL          equ	3650	;# 
   189   000E43                     B2EIDH          equ	3651	;# 
   190   000E44                     B2EIDL          equ	3652	;# 
   191   000E45                     B2DLC           equ	3653	;# 
   192   000E46                     B2D0            equ	3654	;# 
   193   000E47                     B2D1            equ	3655	;# 
   194   000E48                     B2D2            equ	3656	;# 
   195   000E49                     B2D3            equ	3657	;# 
   196   000E4A                     B2D4            equ	3658	;# 
   197   000E4B                     B2D5            equ	3659	;# 
   198   000E4C                     B2D6            equ	3660	;# 
   199   000E4D                     B2D7            equ	3661	;# 
   200   000E4E                     CANSTAT_RO7     equ	3662	;# 
   201   000E4F                     CANCON_RO7      equ	3663	;# 
   202   000E50                     B3CON           equ	3664	;# 
   203   000E51                     B3SIDH          equ	3665	;# 
   204   000E52                     B3SIDL          equ	3666	;# 
   205   000E53                     B3EIDH          equ	3667	;# 
   206   000E54                     B3EIDL          equ	3668	;# 
   207   000E55                     B3DLC           equ	3669	;# 
   208   000E56                     B3D0            equ	3670	;# 
   209   000E57                     B3D1            equ	3671	;# 
   210   000E58                     B3D2            equ	3672	;# 
   211   000E59                     B3D3            equ	3673	;# 
   212   000E5A                     B3D4            equ	3674	;# 
   213   000E5B                     B3D5            equ	3675	;# 
   214   000E5C                     B3D6            equ	3676	;# 
   215   000E5D                     B3D7            equ	3677	;# 
   216   000E5E                     CANSTAT_RO6     equ	3678	;# 
   217   000E5F                     CANCON_RO6      equ	3679	;# 
   218   000E60                     B4CON           equ	3680	;# 
   219   000E61                     B4SIDH          equ	3681	;# 
   220   000E62                     B4SIDL          equ	3682	;# 
   221   000E63                     B4EIDH          equ	3683	;# 
   222   000E64                     B4EIDL          equ	3684	;# 
   223   000E65                     B4DLC           equ	3685	;# 
   224   000E66                     B4D0            equ	3686	;# 
   225   000E67                     B4D1            equ	3687	;# 
   226   000E68                     B4D2            equ	3688	;# 
   227   000E69                     B4D3            equ	3689	;# 
   228   000E6A                     B4D4            equ	3690	;# 
   229   000E6B                     B4D5            equ	3691	;# 
   230   000E6C                     B4D6            equ	3692	;# 
   231   000E6D                     B4D7            equ	3693	;# 
   232   000E6E                     CANSTAT_RO5     equ	3694	;# 
   233   000E6F                     CANCON_RO5      equ	3695	;# 
   234   000E70                     B5CON           equ	3696	;# 
   235   000E71                     B5SIDH          equ	3697	;# 
   236   000E72                     B5SIDL          equ	3698	;# 
   237   000E73                     B5EIDH          equ	3699	;# 
   238   000E74                     B5EIDL          equ	3700	;# 
   239   000E75                     B5DLC           equ	3701	;# 
   240   000E76                     B5D0            equ	3702	;# 
   241   000E77                     B5D1            equ	3703	;# 
   242   000E78                     B5D2            equ	3704	;# 
   243   000E79                     B5D3            equ	3705	;# 
   244   000E7A                     B5D4            equ	3706	;# 
   245   000E7B                     B5D5            equ	3707	;# 
   246   000E7C                     B5D6            equ	3708	;# 
   247   000E7D                     B5D7            equ	3709	;# 
   248   000E7E                     CANSTAT_RO4     equ	3710	;# 
   249   000E7F                     CANCON_RO4      equ	3711	;# 
   250   000F00                     RXF0SIDH        equ	3840	;# 
   251   000F01                     RXF0SIDL        equ	3841	;# 
   252   000F02                     RXF0EIDH        equ	3842	;# 
   253   000F03                     RXF0EIDL        equ	3843	;# 
   254   000F04                     RXF1SIDH        equ	3844	;# 
   255   000F05                     RXF1SIDL        equ	3845	;# 
   256   000F06                     RXF1EIDH        equ	3846	;# 
   257   000F07                     RXF1EIDL        equ	3847	;# 
   258   000F08                     RXF2SIDH        equ	3848	;# 
   259   000F09                     RXF2SIDL        equ	3849	;# 
   260   000F0A                     RXF2EIDH        equ	3850	;# 
   261   000F0B                     RXF2EIDL        equ	3851	;# 
   262   000F0C                     RXF3SIDH        equ	3852	;# 
   263   000F0D                     RXF3SIDL        equ	3853	;# 
   264   000F0E                     RXF3EIDH        equ	3854	;# 
   265   000F0F                     RXF3EIDL        equ	3855	;# 
   266   000F10                     RXF4SIDH        equ	3856	;# 
   267   000F11                     RXF4SIDL        equ	3857	;# 
   268   000F12                     RXF4EIDH        equ	3858	;# 
   269   000F13                     RXF4EIDL        equ	3859	;# 
   270   000F14                     RXF5SIDH        equ	3860	;# 
   271   000F15                     RXF5SIDL        equ	3861	;# 
   272   000F16                     RXF5EIDH        equ	3862	;# 
   273   000F17                     RXF5EIDL        equ	3863	;# 
   274   000F18                     RXM0SIDH        equ	3864	;# 
   275   000F19                     RXM0SIDL        equ	3865	;# 
   276   000F1A                     RXM0EIDH        equ	3866	;# 
   277   000F1B                     RXM0EIDL        equ	3867	;# 
   278   000F1C                     RXM1SIDH        equ	3868	;# 
   279   000F1D                     RXM1SIDL        equ	3869	;# 
   280   000F1E                     RXM1EIDH        equ	3870	;# 
   281   000F1F                     RXM1EIDL        equ	3871	;# 
   282   000F20                     TXB2CON         equ	3872	;# 
   283   000F21                     TXB2SIDH        equ	3873	;# 
   284   000F22                     TXB2SIDL        equ	3874	;# 
   285   000F23                     TXB2EIDH        equ	3875	;# 
   286   000F24                     TXB2EIDL        equ	3876	;# 
   287   000F25                     TXB2DLC         equ	3877	;# 
   288   000F26                     TXB2D0          equ	3878	;# 
   289   000F27                     TXB2D1          equ	3879	;# 
   290   000F28                     TXB2D2          equ	3880	;# 
   291   000F29                     TXB2D3          equ	3881	;# 
   292   000F2A                     TXB2D4          equ	3882	;# 
   293   000F2B                     TXB2D5          equ	3883	;# 
   294   000F2C                     TXB2D6          equ	3884	;# 
   295   000F2D                     TXB2D7          equ	3885	;# 
   296   000F2E                     CANSTAT_RO3     equ	3886	;# 
   297   000F2F                     CANCON_RO3      equ	3887	;# 
   298   000F30                     TXB1CON         equ	3888	;# 
   299   000F31                     TXB1SIDH        equ	3889	;# 
   300   000F32                     TXB1SIDL        equ	3890	;# 
   301   000F33                     TXB1EIDH        equ	3891	;# 
   302   000F34                     TXB1EIDL        equ	3892	;# 
   303   000F35                     TXB1DLC         equ	3893	;# 
   304   000F36                     TXB1D0          equ	3894	;# 
   305   000F37                     TXB1D1          equ	3895	;# 
   306   000F38                     TXB1D2          equ	3896	;# 
   307   000F39                     TXB1D3          equ	3897	;# 
   308   000F3A                     TXB1D4          equ	3898	;# 
   309   000F3B                     TXB1D5          equ	3899	;# 
   310   000F3C                     TXB1D6          equ	3900	;# 
   311   000F3D                     TXB1D7          equ	3901	;# 
   312   000F3E                     CANSTAT_RO2     equ	3902	;# 
   313   000F3F                     CANCON_RO2      equ	3903	;# 
   314   000F40                     TXB0CON         equ	3904	;# 
   315   000F41                     TXB0SIDH        equ	3905	;# 
   316   000F42                     TXB0SIDL        equ	3906	;# 
   317   000F43                     TXB0EIDH        equ	3907	;# 
   318   000F44                     TXB0EIDL        equ	3908	;# 
   319   000F45                     TXB0DLC         equ	3909	;# 
   320   000F46                     TXB0D0          equ	3910	;# 
   321   000F47                     TXB0D1          equ	3911	;# 
   322   000F48                     TXB0D2          equ	3912	;# 
   323   000F49                     TXB0D3          equ	3913	;# 
   324   000F4A                     TXB0D4          equ	3914	;# 
   325   000F4B                     TXB0D5          equ	3915	;# 
   326   000F4C                     TXB0D6          equ	3916	;# 
   327   000F4D                     TXB0D7          equ	3917	;# 
   328   000F4E                     CANSTAT_RO1     equ	3918	;# 
   329   000F4F                     CANCON_RO1      equ	3919	;# 
   330   000F50                     RXB1CON         equ	3920	;# 
   331   000F51                     RXB1SIDH        equ	3921	;# 
   332   000F52                     RXB1SIDL        equ	3922	;# 
   333   000F53                     RXB1EIDH        equ	3923	;# 
   334   000F54                     RXB1EIDL        equ	3924	;# 
   335   000F55                     RXB1DLC         equ	3925	;# 
   336   000F56                     RXB1D0          equ	3926	;# 
   337   000F57                     RXB1D1          equ	3927	;# 
   338   000F58                     RXB1D2          equ	3928	;# 
   339   000F59                     RXB1D3          equ	3929	;# 
   340   000F5A                     RXB1D4          equ	3930	;# 
   341   000F5B                     RXB1D5          equ	3931	;# 
   342   000F5C                     RXB1D6          equ	3932	;# 
   343   000F5D                     RXB1D7          equ	3933	;# 
   344   000F5E                     CANSTAT_RO0     equ	3934	;# 
   345   000F5F                     CANCON_RO0      equ	3935	;# 
   346   000F60                     RXB0CON         equ	3936	;# 
   347   000F61                     RXB0SIDH        equ	3937	;# 
   348   000F62                     RXB0SIDL        equ	3938	;# 
   349   000F63                     RXB0EIDH        equ	3939	;# 
   350   000F64                     RXB0EIDL        equ	3940	;# 
   351   000F65                     RXB0DLC         equ	3941	;# 
   352   000F66                     RXB0D0          equ	3942	;# 
   353   000F67                     RXB0D1          equ	3943	;# 
   354   000F68                     RXB0D2          equ	3944	;# 
   355   000F69                     RXB0D3          equ	3945	;# 
   356   000F6A                     RXB0D4          equ	3946	;# 
   357   000F6B                     RXB0D5          equ	3947	;# 
   358   000F6C                     RXB0D6          equ	3948	;# 
   359   000F6D                     RXB0D7          equ	3949	;# 
   360   000F6E                     CANSTAT         equ	3950	;# 
   361   000F6F                     CANCON          equ	3951	;# 
   362   000F70                     BRGCON1         equ	3952	;# 
   363   000F71                     BRGCON2         equ	3953	;# 
   364   000F72                     BRGCON3         equ	3954	;# 
   365   000F73                     CIOCON          equ	3955	;# 
   366   000F74                     COMSTAT         equ	3956	;# 
   367   000F75                     RXERRCNT        equ	3957	;# 
   368   000F76                     TXERRCNT        equ	3958	;# 
   369   000F77                     ECANCON         equ	3959	;# 
   370   000F80                     PORTA           equ	3968	;# 
   371   000F81                     PORTB           equ	3969	;# 
   372   000F82                     PORTC           equ	3970	;# 
   373   000F83                     PORTD           equ	3971	;# 
   374   000F84                     PORTE           equ	3972	;# 
   375   000F89                     LATA            equ	3977	;# 
   376   000F8A                     LATB            equ	3978	;# 
   377   000F8B                     LATC            equ	3979	;# 
   378   000F8C                     LATD            equ	3980	;# 
   379   000F8D                     LATE            equ	3981	;# 
   380   000F92                     TRISA           equ	3986	;# 
   381   000F92                     DDRA            equ	3986	;# 
   382   000F93                     TRISB           equ	3987	;# 
   383   000F93                     DDRB            equ	3987	;# 
   384   000F94                     TRISC           equ	3988	;# 
   385   000F94                     DDRC            equ	3988	;# 
   386   000F95                     TRISD           equ	3989	;# 
   387   000F95                     DDRD            equ	3989	;# 
   388   000F96                     TRISE           equ	3990	;# 
   389   000F96                     DDRE            equ	3990	;# 
   390   000F9B                     OSCTUNE         equ	3995	;# 
   391   000F9D                     PIE1            equ	3997	;# 
   392   000F9E                     PIR1            equ	3998	;# 
   393   000F9F                     IPR1            equ	3999	;# 
   394   000FA0                     PIE2            equ	4000	;# 
   395   000FA1                     PIR2            equ	4001	;# 
   396   000FA2                     IPR2            equ	4002	;# 
   397   000FA3                     PIE3            equ	4003	;# 
   398   000FA4                     PIR3            equ	4004	;# 
   399   000FA5                     IPR3            equ	4005	;# 
   400   000FA6                     EECON1          equ	4006	;# 
   401   000FA7                     EECON2          equ	4007	;# 
   402   000FA8                     EEDATA          equ	4008	;# 
   403   000FA9                     EEADR           equ	4009	;# 
   404   000FAB                     RCSTA           equ	4011	;# 
   405   000FAB                     RCSTA1          equ	4011	;# 
   406   000FAC                     TXSTA           equ	4012	;# 
   407   000FAC                     TXSTA1          equ	4012	;# 
   408   000FAD                     TXREG           equ	4013	;# 
   409   000FAD                     TXREG1          equ	4013	;# 
   410   000FAE                     RCREG           equ	4014	;# 
   411   000FAE                     RCREG1          equ	4014	;# 
   412   000FAF                     SPBRG           equ	4015	;# 
   413   000FAF                     SPBRG1          equ	4015	;# 
   414   000FB0                     SPBRGH          equ	4016	;# 
   415   000FB1                     T3CON           equ	4017	;# 
   416   000FB2                     TMR3            equ	4018	;# 
   417   000FB2                     TMR3L           equ	4018	;# 
   418   000FB3                     TMR3H           equ	4019	;# 
   419   000FB4                     CMCON           equ	4020	;# 
   420   000FB5                     CVRCON          equ	4021	;# 
   421   000FB6                     ECCP1AS         equ	4022	;# 
   422   000FB7                     ECCP1DEL        equ	4023	;# 
   423   000FB8                     BAUDCON         equ	4024	;# 
   424   000FB8                     BAUDCTL         equ	4024	;# 
   425   000FBA                     ECCP1CON        equ	4026	;# 
   426   000FBB                     ECCPR1          equ	4027	;# 
   427   000FBB                     ECCPR1L         equ	4027	;# 
   428   000FBC                     ECCPR1H         equ	4028	;# 
   429   000FBD                     CCP1CON         equ	4029	;# 
   430   000FBE                     CCPR1           equ	4030	;# 
   431   000FBE                     CCPR1L          equ	4030	;# 
   432   000FBF                     CCPR1H          equ	4031	;# 
   433   000FC0                     ADCON2          equ	4032	;# 
   434   000FC1                     ADCON1          equ	4033	;# 
   435   000FC2                     ADCON0          equ	4034	;# 
   436   000FC3                     ADRES           equ	4035	;# 
   437   000FC3                     ADRESL          equ	4035	;# 
   438   000FC4                     ADRESH          equ	4036	;# 
   439   000FC5                     SSPCON2         equ	4037	;# 
   440   000FC6                     SSPCON1         equ	4038	;# 
   441   000FC7                     SSPSTAT         equ	4039	;# 
   442   000FC8                     SSPADD          equ	4040	;# 
   443   000FC9                     SSPBUF          equ	4041	;# 
   444   000FCA                     T2CON           equ	4042	;# 
   445   000FCB                     PR2             equ	4043	;# 
   446   000FCB                     MEMCON          equ	4043	;# 
   447   000FCC                     TMR2            equ	4044	;# 
   448   000FCD                     T1CON           equ	4045	;# 
   449   000FCE                     TMR1            equ	4046	;# 
   450   000FCE                     TMR1L           equ	4046	;# 
   451   000FCF                     TMR1H           equ	4047	;# 
   452   000FD0                     RCON            equ	4048	;# 
   453   000FD1                     WDTCON          equ	4049	;# 
   454   000FD2                     HLVDCON         equ	4050	;# 
   455   000FD2                     LVDCON          equ	4050	;# 
   456   000FD3                     OSCCON          equ	4051	;# 
   457   000FD5                     T0CON           equ	4053	;# 
   458   000FD6                     TMR0            equ	4054	;# 
   459   000FD6                     TMR0L           equ	4054	;# 
   460   000FD7                     TMR0H           equ	4055	;# 
   461   000FD8                     STATUS          equ	4056	;# 
   462   000FD9                     FSR2            equ	4057	;# 
   463   000FD9                     FSR2L           equ	4057	;# 
   464   000FDA                     FSR2H           equ	4058	;# 
   465   000FDB                     PLUSW2          equ	4059	;# 
   466   000FDC                     PREINC2         equ	4060	;# 
   467   000FDD                     POSTDEC2        equ	4061	;# 
   468   000FDE                     POSTINC2        equ	4062	;# 
   469   000FDF                     INDF2           equ	4063	;# 
   470   000FE0                     BSR             equ	4064	;# 
   471   000FE1                     FSR1            equ	4065	;# 
   472   000FE1                     FSR1L           equ	4065	;# 
   473   000FE2                     FSR1H           equ	4066	;# 
   474   000FE3                     PLUSW1          equ	4067	;# 
   475   000FE4                     PREINC1         equ	4068	;# 
   476   000FE5                     POSTDEC1        equ	4069	;# 
   477   000FE6                     POSTINC1        equ	4070	;# 
   478   000FE7                     INDF1           equ	4071	;# 
   479   000FE8                     WREG            equ	4072	;# 
   480   000FE9                     FSR0            equ	4073	;# 
   481   000FE9                     FSR0L           equ	4073	;# 
   482   000FEA                     FSR0H           equ	4074	;# 
   483   000FEB                     PLUSW0          equ	4075	;# 
   484   000FEC                     PREINC0         equ	4076	;# 
   485   000FED                     POSTDEC0        equ	4077	;# 
   486   000FEE                     POSTINC0        equ	4078	;# 
   487   000FEF                     INDF0           equ	4079	;# 
   488   000FF0                     INTCON3         equ	4080	;# 
   489   000FF1                     INTCON2         equ	4081	;# 
   490   000FF2                     INTCON          equ	4082	;# 
   491   000FF3                     PROD            equ	4083	;# 
   492   000FF3                     PRODL           equ	4083	;# 
   493   000FF4                     PRODH           equ	4084	;# 
   494   000FF5                     TABLAT          equ	4085	;# 
   495   000FF6                     TBLPTR          equ	4086	;# 
   496   000FF6                     TBLPTRL         equ	4086	;# 
   497   000FF7                     TBLPTRH         equ	4087	;# 
   498   000FF8                     TBLPTRU         equ	4088	;# 
   499   000FF9                     PCLAT           equ	4089	;# 
   500   000FF9                     PC              equ	4089	;# 
   501   000FF9                     PCL             equ	4089	;# 
   502   000FFA                     PCLATH          equ	4090	;# 
   503   000FFB                     PCLATU          equ	4091	;# 
   504   000FFC                     STKPTR          equ	4092	;# 
   505   000FFD                     TOS             equ	4093	;# 
   506   000FFD                     TOSL            equ	4093	;# 
   507   000FFE                     TOSH            equ	4094	;# 
   508   000FFF                     TOSU            equ	4095	;# 
   509   000D60                     RXF6SIDH        equ	3424	;# 
   510   000D61                     RXF6SIDL        equ	3425	;# 
   511   000D62                     RXF6EIDH        equ	3426	;# 
   512   000D63                     RXF6EIDL        equ	3427	;# 
   513   000D64                     RXF7SIDH        equ	3428	;# 
   514   000D65                     RXF7SIDL        equ	3429	;# 
   515   000D66                     RXF7EIDH        equ	3430	;# 
   516   000D67                     RXF7EIDL        equ	3431	;# 
   517   000D68                     RXF8SIDH        equ	3432	;# 
   518   000D69                     RXF8SIDL        equ	3433	;# 
   519   000D6A                     RXF8EIDH        equ	3434	;# 
   520   000D6B                     RXF8EIDL        equ	3435	;# 
   521   000D70                     RXF9SIDH        equ	3440	;# 
   522   000D71                     RXF9SIDL        equ	3441	;# 
   523   000D72                     RXF9EIDH        equ	3442	;# 
   524   000D73                     RXF9EIDL        equ	3443	;# 
   525   000D74                     RXF10SIDH       equ	3444	;# 
   526   000D75                     RXF10SIDL       equ	3445	;# 
   527   000D76                     RXF10EIDH       equ	3446	;# 
   528   000D77                     RXF10EIDL       equ	3447	;# 
   529   000D78                     RXF11SIDH       equ	3448	;# 
   530   000D79                     RXF11SIDL       equ	3449	;# 
   531   000D7A                     RXF11EIDH       equ	3450	;# 
   532   000D7B                     RXF11EIDL       equ	3451	;# 
   533   000D80                     RXF12SIDH       equ	3456	;# 
   534   000D81                     RXF12SIDL       equ	3457	;# 
   535   000D82                     RXF12EIDH       equ	3458	;# 
   536   000D83                     RXF12EIDL       equ	3459	;# 
   537   000D84                     RXF13SIDH       equ	3460	;# 
   538   000D85                     RXF13SIDL       equ	3461	;# 
   539   000D86                     RXF13EIDH       equ	3462	;# 
   540   000D87                     RXF13EIDL       equ	3463	;# 
   541   000D88                     RXF14SIDH       equ	3464	;# 
   542   000D89                     RXF14SIDL       equ	3465	;# 
   543   000D8A                     RXF14EIDH       equ	3466	;# 
   544   000D8B                     RXF14EIDL       equ	3467	;# 
   545   000D90                     RXF15SIDH       equ	3472	;# 
   546   000D91                     RXF15SIDL       equ	3473	;# 
   547   000D92                     RXF15EIDH       equ	3474	;# 
   548   000D93                     RXF15EIDL       equ	3475	;# 
   549   000DD4                     RXFCON0         equ	3540	;# 
   550   000DD5                     RXFCON1         equ	3541	;# 
   551   000DD8                     SDFLC           equ	3544	;# 
   552   000DE0                     RXFBCON0        equ	3552	;# 
   553   000DE1                     RXFBCON1        equ	3553	;# 
   554   000DE2                     RXFBCON2        equ	3554	;# 
   555   000DE3                     RXFBCON3        equ	3555	;# 
   556   000DE4                     RXFBCON4        equ	3556	;# 
   557   000DE5                     RXFBCON5        equ	3557	;# 
   558   000DE6                     RXFBCON6        equ	3558	;# 
   559   000DE7                     RXFBCON7        equ	3559	;# 
   560   000DF0                     MSEL0           equ	3568	;# 
   561   000DF1                     MSEL1           equ	3569	;# 
   562   000DF2                     MSEL2           equ	3570	;# 
   563   000DF3                     MSEL3           equ	3571	;# 
   564   000DF8                     BSEL0           equ	3576	;# 
   565   000DFA                     BIE0            equ	3578	;# 
   566   000DFC                     TXBIE           equ	3580	;# 
   567   000E20                     B0CON           equ	3616	;# 
   568   000E21                     B0SIDH          equ	3617	;# 
   569   000E22                     B0SIDL          equ	3618	;# 
   570   000E23                     B0EIDH          equ	3619	;# 
   571   000E24                     B0EIDL          equ	3620	;# 
   572   000E25                     B0DLC           equ	3621	;# 
   573   000E26                     B0D0            equ	3622	;# 
   574   000E27                     B0D1            equ	3623	;# 
   575   000E28                     B0D2            equ	3624	;# 
   576   000E29                     B0D3            equ	3625	;# 
   577   000E2A                     B0D4            equ	3626	;# 
   578   000E2B                     B0D5            equ	3627	;# 
   579   000E2C                     B0D6            equ	3628	;# 
   580   000E2D                     B0D7            equ	3629	;# 
   581   000E2E                     CANSTAT_RO9     equ	3630	;# 
   582   000E2F                     CANCON_RO9      equ	3631	;# 
   583   000E30                     B1CON           equ	3632	;# 
   584   000E31                     B1SIDH          equ	3633	;# 
   585   000E32                     B1SIDL          equ	3634	;# 
   586   000E33                     B1EIDH          equ	3635	;# 
   587   000E34                     B1EIDL          equ	3636	;# 
   588   000E35                     B1DLC           equ	3637	;# 
   589   000E36                     B1D0            equ	3638	;# 
   590   000E37                     B1D1            equ	3639	;# 
   591   000E38                     B1D2            equ	3640	;# 
   592   000E39                     B1D3            equ	3641	;# 
   593   000E3A                     B1D4            equ	3642	;# 
   594   000E3B                     B1D5            equ	3643	;# 
   595   000E3C                     B1D6            equ	3644	;# 
   596   000E3D                     B1D7            equ	3645	;# 
   597   000E3E                     CANSTAT_RO8     equ	3646	;# 
   598   000E3F                     CANCON_RO8      equ	3647	;# 
   599   000E40                     B2CON           equ	3648	;# 
   600   000E41                     B2SIDH          equ	3649	;# 
   601   000E42                     B2SIDL          equ	3650	;# 
   602   000E43                     B2EIDH          equ	3651	;# 
   603   000E44                     B2EIDL          equ	3652	;# 
   604   000E45                     B2DLC           equ	3653	;# 
   605   000E46                     B2D0            equ	3654	;# 
   606   000E47                     B2D1            equ	3655	;# 
   607   000E48                     B2D2            equ	3656	;# 
   608   000E49                     B2D3            equ	3657	;# 
   609   000E4A                     B2D4            equ	3658	;# 
   610   000E4B                     B2D5            equ	3659	;# 
   611   000E4C                     B2D6            equ	3660	;# 
   612   000E4D                     B2D7            equ	3661	;# 
   613   000E4E                     CANSTAT_RO7     equ	3662	;# 
   614   000E4F                     CANCON_RO7      equ	3663	;# 
   615   000E50                     B3CON           equ	3664	;# 
   616   000E51                     B3SIDH          equ	3665	;# 
   617   000E52                     B3SIDL          equ	3666	;# 
   618   000E53                     B3EIDH          equ	3667	;# 
   619   000E54                     B3EIDL          equ	3668	;# 
   620   000E55                     B3DLC           equ	3669	;# 
   621   000E56                     B3D0            equ	3670	;# 
   622   000E57                     B3D1            equ	3671	;# 
   623   000E58                     B3D2            equ	3672	;# 
   624   000E59                     B3D3            equ	3673	;# 
   625   000E5A                     B3D4            equ	3674	;# 
   626   000E5B                     B3D5            equ	3675	;# 
   627   000E5C                     B3D6            equ	3676	;# 
   628   000E5D                     B3D7            equ	3677	;# 
   629   000E5E                     CANSTAT_RO6     equ	3678	;# 
   630   000E5F                     CANCON_RO6      equ	3679	;# 
   631   000E60                     B4CON           equ	3680	;# 
   632   000E61                     B4SIDH          equ	3681	;# 
   633   000E62                     B4SIDL          equ	3682	;# 
   634   000E63                     B4EIDH          equ	3683	;# 
   635   000E64                     B4EIDL          equ	3684	;# 
   636   000E65                     B4DLC           equ	3685	;# 
   637   000E66                     B4D0            equ	3686	;# 
   638   000E67                     B4D1            equ	3687	;# 
   639   000E68                     B4D2            equ	3688	;# 
   640   000E69                     B4D3            equ	3689	;# 
   641   000E6A                     B4D4            equ	3690	;# 
   642   000E6B                     B4D5            equ	3691	;# 
   643   000E6C                     B4D6            equ	3692	;# 
   644   000E6D                     B4D7            equ	3693	;# 
   645   000E6E                     CANSTAT_RO5     equ	3694	;# 
   646   000E6F                     CANCON_RO5      equ	3695	;# 
   647   000E70                     B5CON           equ	3696	;# 
   648   000E71                     B5SIDH          equ	3697	;# 
   649   000E72                     B5SIDL          equ	3698	;# 
   650   000E73                     B5EIDH          equ	3699	;# 
   651   000E74                     B5EIDL          equ	3700	;# 
   652   000E75                     B5DLC           equ	3701	;# 
   653   000E76                     B5D0            equ	3702	;# 
   654   000E77                     B5D1            equ	3703	;# 
   655   000E78                     B5D2            equ	3704	;# 
   656   000E79                     B5D3            equ	3705	;# 
   657   000E7A                     B5D4            equ	3706	;# 
   658   000E7B                     B5D5            equ	3707	;# 
   659   000E7C                     B5D6            equ	3708	;# 
   660   000E7D                     B5D7            equ	3709	;# 
   661   000E7E                     CANSTAT_RO4     equ	3710	;# 
   662   000E7F                     CANCON_RO4      equ	3711	;# 
   663   000F00                     RXF0SIDH        equ	3840	;# 
   664   000F01                     RXF0SIDL        equ	3841	;# 
   665   000F02                     RXF0EIDH        equ	3842	;# 
   666   000F03                     RXF0EIDL        equ	3843	;# 
   667   000F04                     RXF1SIDH        equ	3844	;# 
   668   000F05                     RXF1SIDL        equ	3845	;# 
   669   000F06                     RXF1EIDH        equ	3846	;# 
   670   000F07                     RXF1EIDL        equ	3847	;# 
   671   000F08                     RXF2SIDH        equ	3848	;# 
   672   000F09                     RXF2SIDL        equ	3849	;# 
   673   000F0A                     RXF2EIDH        equ	3850	;# 
   674   000F0B                     RXF2EIDL        equ	3851	;# 
   675   000F0C                     RXF3SIDH        equ	3852	;# 
   676   000F0D                     RXF3SIDL        equ	3853	;# 
   677   000F0E                     RXF3EIDH        equ	3854	;# 
   678   000F0F                     RXF3EIDL        equ	3855	;# 
   679   000F10                     RXF4SIDH        equ	3856	;# 
   680   000F11                     RXF4SIDL        equ	3857	;# 
   681   000F12                     RXF4EIDH        equ	3858	;# 
   682   000F13                     RXF4EIDL        equ	3859	;# 
   683   000F14                     RXF5SIDH        equ	3860	;# 
   684   000F15                     RXF5SIDL        equ	3861	;# 
   685   000F16                     RXF5EIDH        equ	3862	;# 
   686   000F17                     RXF5EIDL        equ	3863	;# 
   687   000F18                     RXM0SIDH        equ	3864	;# 
   688   000F19                     RXM0SIDL        equ	3865	;# 
   689   000F1A                     RXM0EIDH        equ	3866	;# 
   690   000F1B                     RXM0EIDL        equ	3867	;# 
   691   000F1C                     RXM1SIDH        equ	3868	;# 
   692   000F1D                     RXM1SIDL        equ	3869	;# 
   693   000F1E                     RXM1EIDH        equ	3870	;# 
   694   000F1F                     RXM1EIDL        equ	3871	;# 
   695   000F20                     TXB2CON         equ	3872	;# 
   696   000F21                     TXB2SIDH        equ	3873	;# 
   697   000F22                     TXB2SIDL        equ	3874	;# 
   698   000F23                     TXB2EIDH        equ	3875	;# 
   699   000F24                     TXB2EIDL        equ	3876	;# 
   700   000F25                     TXB2DLC         equ	3877	;# 
   701   000F26                     TXB2D0          equ	3878	;# 
   702   000F27                     TXB2D1          equ	3879	;# 
   703   000F28                     TXB2D2          equ	3880	;# 
   704   000F29                     TXB2D3          equ	3881	;# 
   705   000F2A                     TXB2D4          equ	3882	;# 
   706   000F2B                     TXB2D5          equ	3883	;# 
   707   000F2C                     TXB2D6          equ	3884	;# 
   708   000F2D                     TXB2D7          equ	3885	;# 
   709   000F2E                     CANSTAT_RO3     equ	3886	;# 
   710   000F2F                     CANCON_RO3      equ	3887	;# 
   711   000F30                     TXB1CON         equ	3888	;# 
   712   000F31                     TXB1SIDH        equ	3889	;# 
   713   000F32                     TXB1SIDL        equ	3890	;# 
   714   000F33                     TXB1EIDH        equ	3891	;# 
   715   000F34                     TXB1EIDL        equ	3892	;# 
   716   000F35                     TXB1DLC         equ	3893	;# 
   717   000F36                     TXB1D0          equ	3894	;# 
   718   000F37                     TXB1D1          equ	3895	;# 
   719   000F38                     TXB1D2          equ	3896	;# 
   720   000F39                     TXB1D3          equ	3897	;# 
   721   000F3A                     TXB1D4          equ	3898	;# 
   722   000F3B                     TXB1D5          equ	3899	;# 
   723   000F3C                     TXB1D6          equ	3900	;# 
   724   000F3D                     TXB1D7          equ	3901	;# 
   725   000F3E                     CANSTAT_RO2     equ	3902	;# 
   726   000F3F                     CANCON_RO2      equ	3903	;# 
   727   000F40                     TXB0CON         equ	3904	;# 
   728   000F41                     TXB0SIDH        equ	3905	;# 
   729   000F42                     TXB0SIDL        equ	3906	;# 
   730   000F43                     TXB0EIDH        equ	3907	;# 
   731   000F44                     TXB0EIDL        equ	3908	;# 
   732   000F45                     TXB0DLC         equ	3909	;# 
   733   000F46                     TXB0D0          equ	3910	;# 
   734   000F47                     TXB0D1          equ	3911	;# 
   735   000F48                     TXB0D2          equ	3912	;# 
   736   000F49                     TXB0D3          equ	3913	;# 
   737   000F4A                     TXB0D4          equ	3914	;# 
   738   000F4B                     TXB0D5          equ	3915	;# 
   739   000F4C                     TXB0D6          equ	3916	;# 
   740   000F4D                     TXB0D7          equ	3917	;# 
   741   000F4E                     CANSTAT_RO1     equ	3918	;# 
   742   000F4F                     CANCON_RO1      equ	3919	;# 
   743   000F50                     RXB1CON         equ	3920	;# 
   744   000F51                     RXB1SIDH        equ	3921	;# 
   745   000F52                     RXB1SIDL        equ	3922	;# 
   746   000F53                     RXB1EIDH        equ	3923	;# 
   747   000F54                     RXB1EIDL        equ	3924	;# 
   748   000F55                     RXB1DLC         equ	3925	;# 
   749   000F56                     RXB1D0          equ	3926	;# 
   750   000F57                     RXB1D1          equ	3927	;# 
   751   000F58                     RXB1D2          equ	3928	;# 
   752   000F59                     RXB1D3          equ	3929	;# 
   753   000F5A                     RXB1D4          equ	3930	;# 
   754   000F5B                     RXB1D5          equ	3931	;# 
   755   000F5C                     RXB1D6          equ	3932	;# 
   756   000F5D                     RXB1D7          equ	3933	;# 
   757   000F5E                     CANSTAT_RO0     equ	3934	;# 
   758   000F5F                     CANCON_RO0      equ	3935	;# 
   759   000F60                     RXB0CON         equ	3936	;# 
   760   000F61                     RXB0SIDH        equ	3937	;# 
   761   000F62                     RXB0SIDL        equ	3938	;# 
   762   000F63                     RXB0EIDH        equ	3939	;# 
   763   000F64                     RXB0EIDL        equ	3940	;# 
   764   000F65                     RXB0DLC         equ	3941	;# 
   765   000F66                     RXB0D0          equ	3942	;# 
   766   000F67                     RXB0D1          equ	3943	;# 
   767   000F68                     RXB0D2          equ	3944	;# 
   768   000F69                     RXB0D3          equ	3945	;# 
   769   000F6A                     RXB0D4          equ	3946	;# 
   770   000F6B                     RXB0D5          equ	3947	;# 
   771   000F6C                     RXB0D6          equ	3948	;# 
   772   000F6D                     RXB0D7          equ	3949	;# 
   773   000F6E                     CANSTAT         equ	3950	;# 
   774   000F6F                     CANCON          equ	3951	;# 
   775   000F70                     BRGCON1         equ	3952	;# 
   776   000F71                     BRGCON2         equ	3953	;# 
   777   000F72                     BRGCON3         equ	3954	;# 
   778   000F73                     CIOCON          equ	3955	;# 
   779   000F74                     COMSTAT         equ	3956	;# 
   780   000F75                     RXERRCNT        equ	3957	;# 
   781   000F76                     TXERRCNT        equ	3958	;# 
   782   000F77                     ECANCON         equ	3959	;# 
   783   000F80                     PORTA           equ	3968	;# 
   784   000F81                     PORTB           equ	3969	;# 
   785   000F82                     PORTC           equ	3970	;# 
   786   000F83                     PORTD           equ	3971	;# 
   787   000F84                     PORTE           equ	3972	;# 
   788   000F89                     LATA            equ	3977	;# 
   789   000F8A                     LATB            equ	3978	;# 
   790   000F8B                     LATC            equ	3979	;# 
   791   000F8C                     LATD            equ	3980	;# 
   792   000F8D                     LATE            equ	3981	;# 
   793   000F92                     TRISA           equ	3986	;# 
   794   000F92                     DDRA            equ	3986	;# 
   795   000F93                     TRISB           equ	3987	;# 
   796   000F93                     DDRB            equ	3987	;# 
   797   000F94                     TRISC           equ	3988	;# 
   798   000F94                     DDRC            equ	3988	;# 
   799   000F95                     TRISD           equ	3989	;# 
   800   000F95                     DDRD            equ	3989	;# 
   801   000F96                     TRISE           equ	3990	;# 
   802   000F96                     DDRE            equ	3990	;# 
   803   000F9B                     OSCTUNE         equ	3995	;# 
   804   000F9D                     PIE1            equ	3997	;# 
   805   000F9E                     PIR1            equ	3998	;# 
   806   000F9F                     IPR1            equ	3999	;# 
   807   000FA0                     PIE2            equ	4000	;# 
   808   000FA1                     PIR2            equ	4001	;# 
   809   000FA2                     IPR2            equ	4002	;# 
   810   000FA3                     PIE3            equ	4003	;# 
   811   000FA4                     PIR3            equ	4004	;# 
   812   000FA5                     IPR3            equ	4005	;# 
   813   000FA6                     EECON1          equ	4006	;# 
   814   000FA7                     EECON2          equ	4007	;# 
   815   000FA8                     EEDATA          equ	4008	;# 
   816   000FA9                     EEADR           equ	4009	;# 
   817   000FAB                     RCSTA           equ	4011	;# 
   818   000FAB                     RCSTA1          equ	4011	;# 
   819   000FAC                     TXSTA           equ	4012	;# 
   820   000FAC                     TXSTA1          equ	4012	;# 
   821   000FAD                     TXREG           equ	4013	;# 
   822   000FAD                     TXREG1          equ	4013	;# 
   823   000FAE                     RCREG           equ	4014	;# 
   824   000FAE                     RCREG1          equ	4014	;# 
   825   000FAF                     SPBRG           equ	4015	;# 
   826   000FAF                     SPBRG1          equ	4015	;# 
   827   000FB0                     SPBRGH          equ	4016	;# 
   828   000FB1                     T3CON           equ	4017	;# 
   829   000FB2                     TMR3            equ	4018	;# 
   830   000FB2                     TMR3L           equ	4018	;# 
   831   000FB3                     TMR3H           equ	4019	;# 
   832   000FB4                     CMCON           equ	4020	;# 
   833   000FB5                     CVRCON          equ	4021	;# 
   834   000FB6                     ECCP1AS         equ	4022	;# 
   835   000FB7                     ECCP1DEL        equ	4023	;# 
   836   000FB8                     BAUDCON         equ	4024	;# 
   837   000FB8                     BAUDCTL         equ	4024	;# 
   838   000FBA                     ECCP1CON        equ	4026	;# 
   839   000FBB                     ECCPR1          equ	4027	;# 
   840   000FBB                     ECCPR1L         equ	4027	;# 
   841   000FBC                     ECCPR1H         equ	4028	;# 
   842   000FBD                     CCP1CON         equ	4029	;# 
   843   000FBE                     CCPR1           equ	4030	;# 
   844   000FBE                     CCPR1L          equ	4030	;# 
   845   000FBF                     CCPR1H          equ	4031	;# 
   846   000FC0                     ADCON2          equ	4032	;# 
   847   000FC1                     ADCON1          equ	4033	;# 
   848   000FC2                     ADCON0          equ	4034	;# 
   849   000FC3                     ADRES           equ	4035	;# 
   850   000FC3                     ADRESL          equ	4035	;# 
   851   000FC4                     ADRESH          equ	4036	;# 
   852   000FC5                     SSPCON2         equ	4037	;# 
   853   000FC6                     SSPCON1         equ	4038	;# 
   854   000FC7                     SSPSTAT         equ	4039	;# 
   855   000FC8                     SSPADD          equ	4040	;# 
   856   000FC9                     SSPBUF          equ	4041	;# 
   857   000FCA                     T2CON           equ	4042	;# 
   858   000FCB                     PR2             equ	4043	;# 
   859   000FCB                     MEMCON          equ	4043	;# 
   860   000FCC                     TMR2            equ	4044	;# 
   861   000FCD                     T1CON           equ	4045	;# 
   862   000FCE                     TMR1            equ	4046	;# 
   863   000FCE                     TMR1L           equ	4046	;# 
   864   000FCF                     TMR1H           equ	4047	;# 
   865   000FD0                     RCON            equ	4048	;# 
   866   000FD1                     WDTCON          equ	4049	;# 
   867   000FD2                     HLVDCON         equ	4050	;# 
   868   000FD2                     LVDCON          equ	4050	;# 
   869   000FD3                     OSCCON          equ	4051	;# 
   870   000FD5                     T0CON           equ	4053	;# 
   871   000FD6                     TMR0            equ	4054	;# 
   872   000FD6                     TMR0L           equ	4054	;# 
   873   000FD7                     TMR0H           equ	4055	;# 
   874   000FD8                     STATUS          equ	4056	;# 
   875   000FD9                     FSR2            equ	4057	;# 
   876   000FD9                     FSR2L           equ	4057	;# 
   877   000FDA                     FSR2H           equ	4058	;# 
   878   000FDB                     PLUSW2          equ	4059	;# 
   879   000FDC                     PREINC2         equ	4060	;# 
   880   000FDD                     POSTDEC2        equ	4061	;# 
   881   000FDE                     POSTINC2        equ	4062	;# 
   882   000FDF                     INDF2           equ	4063	;# 
   883   000FE0                     BSR             equ	4064	;# 
   884   000FE1                     FSR1            equ	4065	;# 
   885   000FE1                     FSR1L           equ	4065	;# 
   886   000FE2                     FSR1H           equ	4066	;# 
   887   000FE3                     PLUSW1          equ	4067	;# 
   888   000FE4                     PREINC1         equ	4068	;# 
   889   000FE5                     POSTDEC1        equ	4069	;# 
   890   000FE6                     POSTINC1        equ	4070	;# 
   891   000FE7                     INDF1           equ	4071	;# 
   892   000FE8                     WREG            equ	4072	;# 
   893   000FE9                     FSR0            equ	4073	;# 
   894   000FE9                     FSR0L           equ	4073	;# 
   895   000FEA                     FSR0H           equ	4074	;# 
   896   000FEB                     PLUSW0          equ	4075	;# 
   897   000FEC                     PREINC0         equ	4076	;# 
   898   000FED                     POSTDEC0        equ	4077	;# 
   899   000FEE                     POSTINC0        equ	4078	;# 
   900   000FEF                     INDF0           equ	4079	;# 
   901   000FF0                     INTCON3         equ	4080	;# 
   902   000FF1                     INTCON2         equ	4081	;# 
   903   000FF2                     INTCON          equ	4082	;# 
   904   000FF3                     PROD            equ	4083	;# 
   905   000FF3                     PRODL           equ	4083	;# 
   906   000FF4                     PRODH           equ	4084	;# 
   907   000FF5                     TABLAT          equ	4085	;# 
   908   000FF6                     TBLPTR          equ	4086	;# 
   909   000FF6                     TBLPTRL         equ	4086	;# 
   910   000FF7                     TBLPTRH         equ	4087	;# 
   911   000FF8                     TBLPTRU         equ	4088	;# 
   912   000FF9                     PCLAT           equ	4089	;# 
   913   000FF9                     PC              equ	4089	;# 
   914   000FF9                     PCL             equ	4089	;# 
   915   000FFA                     PCLATH          equ	4090	;# 
   916   000FFB                     PCLATU          equ	4091	;# 
   917   000FFC                     STKPTR          equ	4092	;# 
   918   000FFD                     TOS             equ	4093	;# 
   919   000FFD                     TOSL            equ	4093	;# 
   920   000FFE                     TOSH            equ	4094	;# 
   921   000FFF                     TOSU            equ	4095	;# 
   922                           
   923                           	psect	idataCOMRAM
   924   0007CA                     __pidataCOMRAM:
   925                           	callstack 0
   926                           
   927                           ;initializer for main@F10492
   928   0007CA  48                 	db	72
   929   0007CB  65                 	db	101
   930   0007CC  6C                 	db	108
   931   0007CD  6C                 	db	108
   932   0007CE  6F                 	db	111
   933   0007CF  20                 	db	32
   934   0007D0  57                 	db	87
   935   0007D1  6F                 	db	111
   936   0007D2  72                 	db	114
   937   0007D3  6C                 	db	108
   938   0007D4  64                 	db	100
   939   0007D5  20                 	db	32
   940   0007D6  20                 	db	32
   941   0007D7  20                 	db	32
   942   0007D8  20                 	db	32
   943   0007D9  20                 	db	32
   944   0007DA  00                 	db	0
   945   000F94                     _TRISC          set	3988
   946   000F95                     _TRISD          set	3989
   947   000F83                     _PORTD          set	3971
   948   007C1F                     _RD7            set	31775
   949   007C10                     _RC0            set	31760
   950   007CAF                     _TRISD7         set	31919
   951   007C12                     _RC2            set	31762
   952   007C11                     _RC1            set	31761
   953                           
   954                           ; #config settings
   955                           
   956                           	psect	cinit
   957   0007A4                     __pcinit:
   958                           	callstack 0
   959   0007A4                     start_initialization:
   960                           	callstack 0
   961   0007A4                     __initialization:
   962                           	callstack 0
   963                           
   964                           ; Initialize objects allocated to COMRAM (17 bytes)
   965                           ; load TBLPTR registers with __pidataCOMRAM
   966   0007A4  0ECA               	movlw	low __pidataCOMRAM
   967   0007A6  6EF6               	movwf	tblptrl,c
   968   0007A8  0E07               	movlw	high __pidataCOMRAM
   969   0007AA  6EF7               	movwf	tblptrh,c
   970   0007AC  0E00               	movlw	low (__pidataCOMRAM shr (0+16))
   971   0007AE  6EF8               	movwf	tblptru,c
   972   0007B0  EE00  F01B         	lfsr	0,__pdataCOMRAM
   973   0007B4  EE10 F011          	lfsr	1,17
   974   0007B8                     copy_data0:
   975   0007B8  0009               	tblrd		*+
   976   0007BA  CFF5 FFEE          	movff	tablat,postinc0
   977   0007BE  50E5               	movf	postdec1,w,c
   978   0007C0  50E1               	movf	fsr1l,w,c
   979   0007C2  E1FA               	bnz	copy_data0
   980   0007C4                     end_of_initialization:
   981                           	callstack 0
   982   0007C4                     __end_of__initialization:
   983                           	callstack 0
   984   0007C4  0100               	movlb	0
   985   0007C6  EF54  F003         	goto	_main	;jump to C main() function
   986                           
   987                           	psect	dataCOMRAM
   988   00001B                     __pdataCOMRAM:
   989                           	callstack 0
   990   00001B                     main@F10492:
   991                           	callstack 0
   992   00001B                     	ds	17
   993                           
   994                           	psect	cstackCOMRAM
   995   000001                     __pcstackCOMRAM:
   996                           	callstack 0
   997   000001                     clcd_write@control_bit:
   998                           	callstack 0
   999                           
  1000                           ; 1 bytes @ 0x0
  1001   000001                     	ds	1
  1002   000002                     clcd_write@byte:
  1003                           	callstack 0
  1004   000002                     
  1005                           ; 1 bytes @ 0x1
  1006   000002                     	ds	1
  1007   000003                     clcd_print@data:
  1008                           	callstack 0
  1009   000003                     ??_init_clcd:
  1010                           
  1011                           ; 1 bytes @ 0x2
  1012   000003                     	ds	1
  1013   000004                     clcd_print@addr:
  1014                           	callstack 0
  1015   000004                     
  1016                           ; 1 bytes @ 0x3
  1017   000004                     	ds	1
  1018   000005                     ??_main:
  1019                           
  1020                           ; 1 bytes @ 0x4
  1021   000005                     	ds	2
  1022   000007                     main@str:
  1023                           	callstack 0
  1024                           
  1025                           ; 17 bytes @ 0x6
  1026   000007                     	ds	17
  1027   000018                     main@last:
  1028                           	callstack 0
  1029                           
  1030                           ; 1 bytes @ 0x17
  1031   000018                     	ds	1
  1032   000019                     main@i:
  1033                           	callstack 0
  1034                           
  1035                           ; 2 bytes @ 0x18
  1036   000019                     	ds	2
  1037                           
  1038 ;;
  1039 ;;Main: autosize = 0, tempsize = 2, incstack = 0, save=0
  1040 ;;
  1041 ;; *************** function _main *****************
  1042 ;; Defined at:
  1043 ;;		line 29 in file "main.c"
  1044 ;; Parameters:    Size  Location     Type
  1045 ;;		None
  1046 ;; Auto vars:     Size  Location     Type
  1047 ;;  i               2   24[COMRAM] int 
  1048 ;;  last            1   23[COMRAM] unsigned char 
  1049 ;;  str            17    6[COMRAM] unsigned char [17]
  1050 ;; Return value:  Size  Location     Type
  1051 ;;                  1    wreg      void 
  1052 ;; Registers used:
  1053 ;;		wreg, fsr1l, fsr1h, fsr2l, fsr2h, status,2, status,0, cstack
  1054 ;; Tracked objects:
  1055 ;;		On entry : 0/0
  1056 ;;		On exit  : 0/0
  1057 ;;		Unchanged: 0/0
  1058 ;; Data sizes:     COMRAM   BANK0   BANK1   BANK2   BANK3   BANK4   BANK5
  1059 ;;      Params:         0       0       0       0       0       0       0
  1060 ;;      Locals:        20       0       0       0       0       0       0
  1061 ;;      Temps:          2       0       0       0       0       0       0
  1062 ;;      Totals:        22       0       0       0       0       0       0
  1063 ;;Total ram usage:       22 bytes
  1064 ;; Hardware stack levels required when called: 3
  1065 ;; This function calls:
  1066 ;;		_clcd_print
  1067 ;;		_init_config
  1068 ;; This function is called by:
  1069 ;;		Startup code after reset
  1070 ;; This function uses a non-reentrant model
  1071 ;;
  1072                           
  1073                           	psect	text0
  1074   0006A8                     __ptext0:
  1075                           	callstack 0
  1076   0006A8                     _main:
  1077                           	callstack 28
  1078   0006A8                     
  1079                           ;main.c: 30:     init_config();
  1080   0006A8  ECEE  F003         	call	_init_config	;wreg free
  1081   0006AC                     
  1082                           ;main.c: 32:     char str[17] = "Hello World     ";
  1083   0006AC  EE20  F01B         	lfsr	2,main@F10492
  1084   0006B0  EE10  F007         	lfsr	1,main@str
  1085   0006B4  0E10               	movlw	16
  1086   0006B6                     u111:
  1087   0006B6  CFDB FFE3          	movff	plusw2,plusw1
  1088   0006BA  06E8               	decf	wreg,f,c
  1089   0006BC  E2FC               	bc	u111
  1090   0006BE                     l1002:
  1091                           
  1092                           ;main.c: 35:         clcd_print(str, (0x80 + (0)));
  1093   0006BE  0E07               	movlw	low main@str
  1094   0006C0  6E03               	movwf	clcd_print@data^0,c
  1095   0006C2  0E80               	movlw	128
  1096   0006C4  6E04               	movwf	clcd_print@addr^0,c
  1097   0006C6  ECB6  F003         	call	_clcd_print	;wreg free
  1098   0006CA                     
  1099                           ;main.c: 37:         _delay((unsigned long)((2000)*(20000000/4000.0)));
  1100   0006CA  0E33               	movlw	51
  1101   0006CC  6E06               	movwf	(??_main+1)^0,c
  1102   0006CE  0EBB               	movlw	187
  1103   0006D0  6E05               	movwf	??_main^0,c
  1104   0006D2  0EE0               	movlw	224
  1105   0006D4                     u137:
  1106   0006D4  2EE8               	decfsz	wreg,f,c
  1107   0006D6  D7FE               	bra	u137
  1108   0006D8  2E05               	decfsz	??_main^0,f,c
  1109   0006DA  D7FC               	bra	u137
  1110   0006DC  2E06               	decfsz	(??_main+1)^0,f,c
  1111   0006DE  D7FA               	bra	u137
  1112   0006E0                     
  1113                           ;main.c: 40:         char last = str[15];
  1114   0006E0  C016  F018         	movff	main@str+15,main@last
  1115   0006E4                     
  1116                           ;main.c: 42:         for (int i = 15; i > 0; i--) {
  1117   0006E4  6A1A               	clrf	(main@i+1)^0,c
  1118   0006E6  0E0F               	movlw	15
  1119   0006E8  6E19               	movwf	main@i^0,c
  1120   0006EA                     l1014:
  1121                           
  1122                           ;main.c: 43:             str[i] = str[i - 1];
  1123   0006EA  C019  F005         	movff	main@i,??_main
  1124   0006EE  0EFF               	movlw	255
  1125   0006F0  2605               	addwf	??_main^0,f,c
  1126   0006F2  5005               	movf	??_main^0,w,c
  1127   0006F4  0F07               	addlw	low main@str
  1128   0006F6  6ED9               	movwf	fsr2l,c
  1129   0006F8  6ADA               	clrf	fsr2h,c
  1130   0006FA  5019               	movf	main@i^0,w,c
  1131   0006FC  0F07               	addlw	low main@str
  1132   0006FE  6EE1               	movwf	fsr1l,c
  1133   000700  6AE2               	clrf	fsr1h,c
  1134   000702  CFDF FFE7          	movff	indf2,indf1
  1135   000706                     
  1136                           ;main.c: 44:         }
  1137   000706  0619               	decf	main@i^0,f,c
  1138   000708  A0D8               	btfss	status,0,c
  1139   00070A  061A               	decf	(main@i+1)^0,f,c
  1140   00070C  BE1A               	btfsc	(main@i+1)^0,7,c
  1141   00070E  EF93  F003         	goto	u120
  1142   000712  501A               	movf	(main@i+1)^0,w,c
  1143   000714  E106               	bnz	u121
  1144   000716  0419               	decf	main@i^0,w,c
  1145   000718  B0D8               	btfsc	status,0,c
  1146   00071A  EF91  F003         	goto	u121
  1147   00071E  EF93  F003         	goto	u120
  1148   000722                     u121:
  1149   000722  EF75  F003         	goto	l1014
  1150   000726                     u120:
  1151   000726                     
  1152                           ;main.c: 46:         str[0] = last;
  1153   000726  C018  F007         	movff	main@last,main@str
  1154   00072A  EF5F  F003         	goto	l1002
  1155   00072E  EFFE  F017         	goto	start
  1156   000732                     __end_of_main:
  1157                           	callstack 0
  1158                           
  1159 ;; *************** function _init_config *****************
  1160 ;; Defined at:
  1161 ;;		line 5 in file "main.c"
  1162 ;; Parameters:    Size  Location     Type
  1163 ;;		None
  1164 ;; Auto vars:     Size  Location     Type
  1165 ;;		None
  1166 ;; Return value:  Size  Location     Type
  1167 ;;                  1    wreg      void 
  1168 ;; Registers used:
  1169 ;;		wreg, status,2, status,0, cstack
  1170 ;; Tracked objects:
  1171 ;;		On entry : 0/0
  1172 ;;		On exit  : 0/0
  1173 ;;		Unchanged: 0/0
  1174 ;; Data sizes:     COMRAM   BANK0   BANK1   BANK2   BANK3   BANK4   BANK5
  1175 ;;      Params:         0       0       0       0       0       0       0
  1176 ;;      Locals:         0       0       0       0       0       0       0
  1177 ;;      Temps:          0       0       0       0       0       0       0
  1178 ;;      Totals:         0       0       0       0       0       0       0
  1179 ;;Total ram usage:        0 bytes
  1180 ;; Hardware stack levels used: 1
  1181 ;; Hardware stack levels required when called: 2
  1182 ;; This function calls:
  1183 ;;		_init_clcd
  1184 ;; This function is called by:
  1185 ;;		_main
  1186 ;; This function uses a non-reentrant model
  1187 ;;
  1188                           
  1189                           	psect	text1
  1190   0007DC                     __ptext1:
  1191                           	callstack 0
  1192   0007DC                     _init_config:
  1193                           	callstack 28
  1194   0007DC                     
  1195                           ;main.c: 6:     init_clcd();
  1196   0007DC  EC01  F003         	call	_init_clcd	;wreg free
  1197   0007E0  0012               	return		;funcret
  1198   0007E2                     __end_of_init_config:
  1199                           	callstack 0
  1200                           
  1201 ;; *************** function _init_clcd *****************
  1202 ;; Defined at:
  1203 ;;		line 27 in file "clcd.c"
  1204 ;; Parameters:    Size  Location     Type
  1205 ;;		None
  1206 ;; Auto vars:     Size  Location     Type
  1207 ;;		None
  1208 ;; Return value:  Size  Location     Type
  1209 ;;                  1    wreg      void 
  1210 ;; Registers used:
  1211 ;;		wreg, status,2, status,0, cstack
  1212 ;; Tracked objects:
  1213 ;;		On entry : 0/0
  1214 ;;		On exit  : 0/0
  1215 ;;		Unchanged: 0/0
  1216 ;; Data sizes:     COMRAM   BANK0   BANK1   BANK2   BANK3   BANK4   BANK5
  1217 ;;      Params:         0       0       0       0       0       0       0
  1218 ;;      Locals:         0       0       0       0       0       0       0
  1219 ;;      Temps:          1       0       0       0       0       0       0
  1220 ;;      Totals:         1       0       0       0       0       0       0
  1221 ;;Total ram usage:        1 bytes
  1222 ;; Hardware stack levels used: 1
  1223 ;; Hardware stack levels required when called: 1
  1224 ;; This function calls:
  1225 ;;		_clcd_write
  1226 ;; This function is called by:
  1227 ;;		_init_config
  1228 ;; This function uses a non-reentrant model
  1229 ;;
  1230                           
  1231                           	psect	text2
  1232   000602                     __ptext2:
  1233                           	callstack 0
  1234   000602                     _init_clcd:
  1235                           	callstack 28
  1236   000602                     
  1237                           ;clcd.c: 30:  TRISD = 0x00;
  1238   000602  6A95               	clrf	149,c	;volatile
  1239   000604                     
  1240                           ;clcd.c: 32:  TRISC = TRISC & 0xF8;
  1241   000604  5094               	movf	148,w,c	;volatile
  1242   000606  0BF8               	andlw	248
  1243   000608  6E94               	movwf	148,c	;volatile
  1244   00060A                     
  1245                           ;clcd.c: 34:  RC0 = 0;
  1246   00060A  9082               	bcf	3970,0,c	;volatile
  1247   00060C                     
  1248                           ;clcd.c: 38:     _delay((unsigned long)((30)*(20000000/4000.0)));
  1249   00060C  0EC3               	movlw	195
  1250   00060E  6E03               	movwf	??_init_clcd^0,c
  1251   000610  0ECD               	movlw	205
  1252   000612                     u147:
  1253   000612  2EE8               	decfsz	wreg,f,c
  1254   000614  D7FE               	bra	u147
  1255   000616  2E03               	decfsz	??_init_clcd^0,f,c
  1256   000618  D7FC               	bra	u147
  1257   00061A  0000               	nop	
  1258   00061C                     
  1259                           ;clcd.c: 41:     clcd_write(0x33, 0 );
  1260   00061C  0E00               	movlw	0
  1261   00061E  6E01               	movwf	clcd_write@control_bit^0,c
  1262   000620  0E33               	movlw	51
  1263   000622  EC99  F003         	call	_clcd_write
  1264   000626                     
  1265                           ;clcd.c: 42:     _delay((unsigned long)((4100)*(20000000/4000000.0)));
  1266   000626  0E1B               	movlw	27
  1267   000628  6E03               	movwf	??_init_clcd^0,c
  1268   00062A  0E9E               	movlw	158
  1269   00062C                     u157:
  1270   00062C  2EE8               	decfsz	wreg,f,c
  1271   00062E  D7FE               	bra	u157
  1272   000630  2E03               	decfsz	??_init_clcd^0,f,c
  1273   000632  D7FC               	bra	u157
  1274   000634  D000               	nop2	
  1275   000636                     
  1276                           ;clcd.c: 43:     clcd_write(0x33, 0 );
  1277   000636  0E00               	movlw	0
  1278   000638  6E01               	movwf	clcd_write@control_bit^0,c
  1279   00063A  0E33               	movlw	51
  1280   00063C  EC99  F003         	call	_clcd_write
  1281   000640                     
  1282                           ;clcd.c: 44:     _delay((unsigned long)((100)*(20000000/4000000.0)));
  1283   000640  0EA6               	movlw	166
  1284   000642                     u167:
  1285   000642  2EE8               	decfsz	wreg,f,c
  1286   000644  D7FE               	bra	u167
  1287   000646  D000               	nop2	
  1288   000648                     
  1289                           ;clcd.c: 45:     clcd_write(0x33, 0 );
  1290   000648  0E00               	movlw	0
  1291   00064A  6E01               	movwf	clcd_write@control_bit^0,c
  1292   00064C  0E33               	movlw	51
  1293   00064E  EC99  F003         	call	_clcd_write
  1294   000652                     
  1295                           ;clcd.c: 46:     _delay((unsigned long)((1)*(20000000/4000000.0)));
  1296   000652  D000               	nop2		;2 cycle nop
  1297   000654  D000               	nop2		;2 cycle nop
  1298   000656  0000               	nop	
  1299   000658                     
  1300                           ;clcd.c: 48:     clcd_write(0x02, 0);
  1301   000658  0E00               	movlw	0
  1302   00065A  6E01               	movwf	clcd_write@control_bit^0,c
  1303   00065C  0E02               	movlw	2
  1304   00065E  EC99  F003         	call	_clcd_write
  1305   000662                     
  1306                           ;clcd.c: 49:     _delay((unsigned long)((100)*(20000000/4000000.0)));
  1307   000662  0EA6               	movlw	166
  1308   000664                     u177:
  1309   000664  2EE8               	decfsz	wreg,f,c
  1310   000666  D7FE               	bra	u177
  1311   000668  D000               	nop2	
  1312   00066A                     
  1313                           ;clcd.c: 50:     clcd_write(0x38, 0);
  1314   00066A  0E00               	movlw	0
  1315   00066C  6E01               	movwf	clcd_write@control_bit^0,c
  1316   00066E  0E38               	movlw	56
  1317   000670  EC99  F003         	call	_clcd_write
  1318   000674                     
  1319                           ;clcd.c: 51:     _delay((unsigned long)((100)*(20000000/4000000.0)));
  1320   000674  0EA6               	movlw	166
  1321   000676                     u187:
  1322   000676  2EE8               	decfsz	wreg,f,c
  1323   000678  D7FE               	bra	u187
  1324   00067A  D000               	nop2	
  1325   00067C                     
  1326                           ;clcd.c: 52:     clcd_write(0x01, 0);
  1327   00067C  0E00               	movlw	0
  1328   00067E  6E01               	movwf	clcd_write@control_bit^0,c
  1329   000680  0E01               	movlw	1
  1330   000682  EC99  F003         	call	_clcd_write
  1331   000686                     
  1332                           ;clcd.c: 53:     _delay((unsigned long)((500)*(20000000/4000000.0)));
  1333   000686  0E04               	movlw	4
  1334   000688  6E03               	movwf	??_init_clcd^0,c
  1335   00068A  0E3E               	movlw	62
  1336   00068C                     u197:
  1337   00068C  2EE8               	decfsz	wreg,f,c
  1338   00068E  D7FE               	bra	u197
  1339   000690  2E03               	decfsz	??_init_clcd^0,f,c
  1340   000692  D7FC               	bra	u197
  1341   000694                     
  1342                           ;clcd.c: 54:     clcd_write(0x0C, 0);
  1343   000694  0E00               	movlw	0
  1344   000696  6E01               	movwf	clcd_write@control_bit^0,c
  1345   000698  0E0C               	movlw	12
  1346   00069A  EC99  F003         	call	_clcd_write
  1347   00069E                     
  1348                           ;clcd.c: 55:     _delay((unsigned long)((100)*(20000000/4000000.0)));
  1349   00069E  0EA6               	movlw	166
  1350   0006A0                     u207:
  1351   0006A0  2EE8               	decfsz	wreg,f,c
  1352   0006A2  D7FE               	bra	u207
  1353   0006A4  D000               	nop2	
  1354   0006A6  0012               	return		;funcret
  1355   0006A8                     __end_of_init_clcd:
  1356                           	callstack 0
  1357                           
  1358 ;; *************** function _clcd_print *****************
  1359 ;; Defined at:
  1360 ;;		line 58 in file "clcd.c"
  1361 ;; Parameters:    Size  Location     Type
  1362 ;;  data            1    2[COMRAM] PTR const unsigned char 
  1363 ;;		 -> main@str(17), 
  1364 ;;  addr            1    3[COMRAM] unsigned char 
  1365 ;; Auto vars:     Size  Location     Type
  1366 ;;		None
  1367 ;; Return value:  Size  Location     Type
  1368 ;;                  1    wreg      void 
  1369 ;; Registers used:
  1370 ;;		wreg, fsr2l, fsr2h, status,2, status,0, cstack
  1371 ;; Tracked objects:
  1372 ;;		On entry : 0/0
  1373 ;;		On exit  : 0/0
  1374 ;;		Unchanged: 0/0
  1375 ;; Data sizes:     COMRAM   BANK0   BANK1   BANK2   BANK3   BANK4   BANK5
  1376 ;;      Params:         2       0       0       0       0       0       0
  1377 ;;      Locals:         0       0       0       0       0       0       0
  1378 ;;      Temps:          0       0       0       0       0       0       0
  1379 ;;      Totals:         2       0       0       0       0       0       0
  1380 ;;Total ram usage:        2 bytes
  1381 ;; Hardware stack levels used: 1
  1382 ;; Hardware stack levels required when called: 1
  1383 ;; This function calls:
  1384 ;;		_clcd_write
  1385 ;; This function is called by:
  1386 ;;		_main
  1387 ;; This function uses a non-reentrant model
  1388 ;;
  1389                           
  1390                           	psect	text3
  1391   00076C                     __ptext3:
  1392                           	callstack 0
  1393   00076C                     _clcd_print:
  1394                           	callstack 29
  1395   00076C                     
  1396                           ;clcd.c: 58: void clcd_print(const unsigned char *data, unsigned char addr);clcd.c: 59: 
      +                          {;clcd.c: 60:  clcd_write(addr, 0);
  1397   00076C  0E00               	movlw	0
  1398   00076E  6E01               	movwf	clcd_write@control_bit^0,c
  1399   000770  5004               	movf	clcd_print@addr^0,w,c
  1400   000772  EC99  F003         	call	_clcd_write
  1401                           
  1402                           ;clcd.c: 61:  while (*data != '\0')
  1403   000776  EFC6  F003         	goto	l996
  1404   00077A                     l992:
  1405                           
  1406                           ;clcd.c: 62:  {;clcd.c: 63:   clcd_write(*data++, 1);
  1407   00077A  0E01               	movlw	1
  1408   00077C  6E01               	movwf	clcd_write@control_bit^0,c
  1409   00077E  5003               	movf	clcd_print@data^0,w,c
  1410   000780  6ED9               	movwf	fsr2l,c
  1411   000782  6ADA               	clrf	fsr2h,c
  1412   000784  50DF               	movf	indf2,w,c
  1413   000786  EC99  F003         	call	_clcd_write
  1414   00078A  2A03               	incf	clcd_print@data^0,f,c
  1415   00078C                     l996:
  1416                           
  1417                           ;clcd.c: 61:  while (*data != '\0')
  1418   00078C  5003               	movf	clcd_print@data^0,w,c
  1419   00078E  6ED9               	movwf	fsr2l,c
  1420   000790  6ADA               	clrf	fsr2h,c
  1421   000792  50DF               	movf	indf2,w,c
  1422   000794  A4D8               	btfss	status,2,c
  1423   000796  EFCF  F003         	goto	u101
  1424   00079A  EFD1  F003         	goto	u100
  1425   00079E                     u101:
  1426   00079E  EFBD  F003         	goto	l992
  1427   0007A2                     u100:
  1428   0007A2  0012               	return		;funcret
  1429   0007A4                     __end_of_clcd_print:
  1430                           	callstack 0
  1431                           
  1432 ;; *************** function _clcd_write *****************
  1433 ;; Defined at:
  1434 ;;		line 4 in file "clcd.c"
  1435 ;; Parameters:    Size  Location     Type
  1436 ;;  byte            1    wreg     unsigned char 
  1437 ;;  control_bit     1    0[COMRAM] unsigned char 
  1438 ;; Auto vars:     Size  Location     Type
  1439 ;;  byte            1    1[COMRAM] unsigned char 
  1440 ;; Return value:  Size  Location     Type
  1441 ;;                  1    wreg      void 
  1442 ;; Registers used:
  1443 ;;		wreg
  1444 ;; Tracked objects:
  1445 ;;		On entry : 0/0
  1446 ;;		On exit  : 0/0
  1447 ;;		Unchanged: 0/0
  1448 ;; Data sizes:     COMRAM   BANK0   BANK1   BANK2   BANK3   BANK4   BANK5
  1449 ;;      Params:         1       0       0       0       0       0       0
  1450 ;;      Locals:         1       0       0       0       0       0       0
  1451 ;;      Temps:          0       0       0       0       0       0       0
  1452 ;;      Totals:         2       0       0       0       0       0       0
  1453 ;;Total ram usage:        2 bytes
  1454 ;; Hardware stack levels used: 1
  1455 ;; This function calls:
  1456 ;;		Nothing
  1457 ;; This function is called by:
  1458 ;;		_init_clcd
  1459 ;;		_clcd_print
  1460 ;;		_clcd_putch
  1461 ;; This function uses a non-reentrant model
  1462 ;;
  1463                           
  1464                           	psect	text4
  1465   000732                     __ptext4:
  1466                           	callstack 0
  1467   000732                     _clcd_write:
  1468                           	callstack 28
  1469                           
  1470                           ;incstack = 0
  1471                           ;clcd_write@byte stored from wreg
  1472   000732  6E02               	movwf	clcd_write@byte^0,c
  1473   000734                     
  1474                           ;clcd.c: 4: void clcd_write(unsigned char byte, unsigned char control_bit);clcd.c: 5: {;
      +                          clcd.c: 6:  RC1 = control_bit;
  1475   000734  B001               	btfsc	clcd_write@control_bit^0,0,c
  1476   000736  EF9F  F003         	goto	u71
  1477   00073A  EFA2  F003         	goto	u70
  1478   00073E                     u71:
  1479   00073E  8282               	bsf	3970,1,c	;volatile
  1480   000740  EFA3  F003         	goto	u85
  1481   000744                     u70:
  1482   000744  9282               	bcf	3970,1,c	;volatile
  1483   000746                     u85:
  1484   000746                     
  1485                           ;clcd.c: 7:  PORTD = byte;
  1486   000746  C002  FF83         	movff	clcd_write@byte,3971	;volatile
  1487   00074A                     
  1488                           ;clcd.c: 10:  RC2 = 1;
  1489   00074A  8482               	bsf	3970,2,c	;volatile
  1490   00074C                     
  1491                           ;clcd.c: 11:  RC2 = 0;
  1492   00074C  9482               	bcf	3970,2,c	;volatile
  1493   00074E                     
  1494                           ;clcd.c: 13:  TRISD7 = 0xFF;
  1495   00074E  8E95               	bsf	3989,7,c	;volatile
  1496   000750                     
  1497                           ;clcd.c: 14:  RC0 = 1;
  1498   000750  8082               	bsf	3970,0,c	;volatile
  1499   000752                     
  1500                           ;clcd.c: 15:  RC1 = 0;
  1501   000752  9282               	bcf	3970,1,c	;volatile
  1502   000754                     l946:
  1503                           
  1504                           ;clcd.c: 18:  {;clcd.c: 19:   RC2 = 1;
  1505   000754  8482               	bsf	3970,2,c	;volatile
  1506   000756                     
  1507                           ;clcd.c: 20:   RC2 = 0;
  1508   000756  9482               	bcf	3970,2,c	;volatile
  1509   000758                     
  1510                           ;clcd.c: 21:  } while (RD7);
  1511   000758  BE83               	btfsc	3971,7,c	;volatile
  1512   00075A  EFB1  F003         	goto	u91
  1513   00075E  EFB3  F003         	goto	u90
  1514   000762                     u91:
  1515   000762  EFAA  F003         	goto	l946
  1516   000766                     u90:
  1517   000766                     
  1518                           ;clcd.c: 23:  RC0 = 0;
  1519   000766  9082               	bcf	3970,0,c	;volatile
  1520                           
  1521                           ;clcd.c: 24:  TRISD7 = 0x00;
  1522   000768  9E95               	bcf	3989,7,c	;volatile
  1523   00076A  0012               	return		;funcret
  1524   00076C                     __end_of_clcd_write:
  1525                           	callstack 0
  1526                           
  1527                           	psect	smallconst
  1528   000600                     __psmallconst:
  1529                           	callstack 0
  1530   000600  00                 	db	0
  1531   000601  00                 	db	0	; dummy byte at the end
  1532   000600                     __smallconst    set	__psmallconst
  1533   000600                     __mediumconst   set	__psmallconst
  1534   000000                     __activetblptr  equ	0
  1535                           
  1536                           	psect	rparam
  1537   000001                     ___rparam_used  equ	1
  1538   000000                     ___param_bank   equ	0
  1539   000000                     __Lparam        equ	__Lrparam
  1540   000000                     __Hparam        equ	__Hrparam
  1541                           
  1542                           	psect	idloc
  1543                           
  1544                           ;Config register IDLOC0 @ 0x200000
  1545                           ;	unspecified, using default values
  1546   200000                     	org	2097152
  1547   200000  FF                 	db	255
  1548                           
  1549                           ;Config register IDLOC1 @ 0x200001
  1550                           ;	unspecified, using default values
  1551   200001                     	org	2097153
  1552   200001  FF                 	db	255
  1553                           
  1554                           ;Config register IDLOC2 @ 0x200002
  1555                           ;	unspecified, using default values
  1556   200002                     	org	2097154
  1557   200002  FF                 	db	255
  1558                           
  1559                           ;Config register IDLOC3 @ 0x200003
  1560                           ;	unspecified, using default values
  1561   200003                     	org	2097155
  1562   200003  FF                 	db	255
  1563                           
  1564                           ;Config register IDLOC4 @ 0x200004
  1565                           ;	unspecified, using default values
  1566   200004                     	org	2097156
  1567   200004  FF                 	db	255
  1568                           
  1569                           ;Config register IDLOC5 @ 0x200005
  1570                           ;	unspecified, using default values
  1571   200005                     	org	2097157
  1572   200005  FF                 	db	255
  1573                           
  1574                           ;Config register IDLOC6 @ 0x200006
  1575                           ;	unspecified, using default values
  1576   200006                     	org	2097158
  1577   200006  FF                 	db	255
  1578                           
  1579                           ;Config register IDLOC7 @ 0x200007
  1580                           ;	unspecified, using default values
  1581   200007                     	org	2097159
  1582   200007  FF                 	db	255
  1583                           
  1584                           	psect	config
  1585                           
  1586                           ; Padding undefined space
  1587   300000                     	org	3145728
  1588   300000  FF                 	db	255
  1589                           
  1590                           ;Config register CONFIG1H @ 0x300001
  1591                           ;	unspecified, using default values
  1592                           ;	Oscillator Selection bits
  1593                           ;	OSC = 0x7, unprogrammed default
  1594                           ;	Fail-Safe Clock Monitor Enable bit
  1595                           ;	FCMEN = 0x0, unprogrammed default
  1596                           ;	Internal/External Oscillator Switchover bit
  1597                           ;	IESO = 0x0, unprogrammed default
  1598   300001                     	org	3145729
  1599   300001  07                 	db	7
  1600                           
  1601                           ;Config register CONFIG2L @ 0x300002
  1602                           ;	unspecified, using default values
  1603                           ;	Power-up Timer Enable bit
  1604                           ;	PWRT = 0x1, unprogrammed default
  1605                           ;	Brown-out Reset Enable bits
  1606                           ;	BOREN = 0x3, unprogrammed default
  1607                           ;	Brown-out Reset Voltage bits
  1608                           ;	BORV = 0x3, unprogrammed default
  1609   300002                     	org	3145730
  1610   300002  1F                 	db	31
  1611                           
  1612                           ;Config register CONFIG2H @ 0x300003
  1613                           ;	unspecified, using default values
  1614                           ;	Watchdog Timer Enable bit
  1615                           ;	WDT = 0x1, unprogrammed default
  1616                           ;	Watchdog Timer Postscale Select bits
  1617                           ;	WDTPS = 0xF, unprogrammed default
  1618   300003                     	org	3145731
  1619   300003  1F                 	db	31
  1620                           
  1621                           ; Padding undefined space
  1622   300004                     	org	3145732
  1623   300004  FF                 	db	255
  1624                           
  1625                           ;Config register CONFIG3H @ 0x300005
  1626                           ;	unspecified, using default values
  1627                           ;	PORTB A/D Enable bit
  1628                           ;	PBADEN = 0x1, unprogrammed default
  1629                           ;	Low-Power Timer 1 Oscillator Enable bit
  1630                           ;	LPT1OSC = 0x0, unprogrammed default
  1631                           ;	MCLR Pin Enable bit
  1632                           ;	MCLRE = 0x1, unprogrammed default
  1633   300005                     	org	3145733
  1634   300005  82                 	db	130
  1635                           
  1636                           ;Config register CONFIG4L @ 0x300006
  1637                           ;	unspecified, using default values
  1638                           ;	Stack Full/Underflow Reset Enable bit
  1639                           ;	STVREN = 0x1, unprogrammed default
  1640                           ;	Single-Supply ICSP Enable bit
  1641                           ;	LVP = 0x1, unprogrammed default
  1642                           ;	Boot Block Size Select bit
  1643                           ;	BBSIZ = 0x0, unprogrammed default
  1644                           ;	Extended Instruction Set Enable bit
  1645                           ;	XINST = 0x0, unprogrammed default
  1646                           ;	Background Debugger Enable bit
  1647                           ;	DEBUG = 0x1, unprogrammed default
  1648   300006                     	org	3145734
  1649   300006  85                 	db	133
  1650                           
  1651                           ; Padding undefined space
  1652   300007                     	org	3145735
  1653   300007  FF                 	db	255
  1654                           
  1655                           ;Config register CONFIG5L @ 0x300008
  1656                           ;	unspecified, using default values
  1657                           ;	Code Protection bit
  1658                           ;	CP0 = 0x1, unprogrammed default
  1659                           ;	Code Protection bit
  1660                           ;	CP1 = 0x1, unprogrammed default
  1661                           ;	Code Protection bit
  1662                           ;	CP2 = 0x1, unprogrammed default
  1663                           ;	Code Protection bit
  1664                           ;	CP3 = 0x1, unprogrammed default
  1665   300008                     	org	3145736
  1666   300008  0F                 	db	15
  1667                           
  1668                           ;Config register CONFIG5H @ 0x300009
  1669                           ;	unspecified, using default values
  1670                           ;	Boot Block Code Protection bit
  1671                           ;	CPB = 0x1, unprogrammed default
  1672                           ;	Data EEPROM Code Protection bit
  1673                           ;	CPD = 0x1, unprogrammed default
  1674   300009                     	org	3145737
  1675   300009  C0                 	db	192
  1676                           
  1677                           ;Config register CONFIG6L @ 0x30000A
  1678                           ;	unspecified, using default values
  1679                           ;	Write Protection bit
  1680                           ;	WRT0 = 0x1, unprogrammed default
  1681                           ;	Write Protection bit
  1682                           ;	WRT1 = 0x1, unprogrammed default
  1683                           ;	Write Protection bit
  1684                           ;	WRT2 = 0x1, unprogrammed default
  1685                           ;	Write Protection bit
  1686                           ;	WRT3 = 0x1, unprogrammed default
  1687   30000A                     	org	3145738
  1688   30000A  0F                 	db	15
  1689                           
  1690                           ;Config register CONFIG6H @ 0x30000B
  1691                           ;	unspecified, using default values
  1692                           ;	Configuration Register Write Protection bit
  1693                           ;	WRTC = 0x1, unprogrammed default
  1694                           ;	Boot Block Write Protection bit
  1695                           ;	WRTB = 0x1, unprogrammed default
  1696                           ;	Data EEPROM Write Protection bit
  1697                           ;	WRTD = 0x1, unprogrammed default
  1698   30000B                     	org	3145739
  1699   30000B  E0                 	db	224
  1700                           
  1701                           ;Config register CONFIG7L @ 0x30000C
  1702                           ;	unspecified, using default values
  1703                           ;	Table Read Protection bit
  1704                           ;	EBTR0 = 0x1, unprogrammed default
  1705                           ;	Table Read Protection bit
  1706                           ;	EBTR1 = 0x1, unprogrammed default
  1707                           ;	Table Read Protection bit
  1708                           ;	EBTR2 = 0x1, unprogrammed default
  1709                           ;	Table Read Protection bit
  1710                           ;	EBTR3 = 0x1, unprogrammed default
  1711   30000C                     	org	3145740
  1712   30000C  0F                 	db	15
  1713                           
  1714                           ;Config register CONFIG7H @ 0x30000D
  1715                           ;	unspecified, using default values
  1716                           ;	Boot Block Table Read Protection bit
  1717                           ;	EBTRB = 0x1, unprogrammed default
  1718   30000D                     	org	3145741
  1719   30000D  40                 	db	64
  1720                           tosu	equ	0xFFF
  1721                           tosh	equ	0xFFE
  1722                           tosl	equ	0xFFD
  1723                           stkptr	equ	0xFFC
  1724                           pclatu	equ	0xFFB
  1725                           pclath	equ	0xFFA
  1726                           pcl	equ	0xFF9
  1727                           tblptru	equ	0xFF8
  1728                           tblptrh	equ	0xFF7
  1729                           tblptrl	equ	0xFF6
  1730                           tablat	equ	0xFF5
  1731                           prodh	equ	0xFF4
  1732                           prodl	equ	0xFF3
  1733                           indf0	equ	0xFEF
  1734                           postinc0	equ	0xFEE
  1735                           postdec0	equ	0xFED
  1736                           preinc0	equ	0xFEC
  1737                           plusw0	equ	0xFEB
  1738                           fsr0h	equ	0xFEA
  1739                           fsr0l	equ	0xFE9
  1740                           wreg	equ	0xFE8
  1741                           indf1	equ	0xFE7
  1742                           postinc1	equ	0xFE6
  1743                           postdec1	equ	0xFE5
  1744                           preinc1	equ	0xFE4
  1745                           plusw1	equ	0xFE3
  1746                           fsr1h	equ	0xFE2
  1747                           fsr1l	equ	0xFE1
  1748                           bsr	equ	0xFE0
  1749                           indf2	equ	0xFDF
  1750                           postinc2	equ	0xFDE
  1751                           postdec2	equ	0xFDD
  1752                           preinc2	equ	0xFDC
  1753                           plusw2	equ	0xFDB
  1754                           fsr2h	equ	0xFDA
  1755                           fsr2l	equ	0xFD9
  1756                           status	equ	0xFD8

Data Sizes:
    Strings     0
    Constant    0
    Data        17
    BSS         0
    Persistent  0
    Stack       0

Auto Spaces:
    Space          Size  Autos    Used
    COMRAM           95     26      43
    BANK0           160      0       0
    BANK1           256      0       0
    BANK2           256      0       0
    BANK3           256      0       0
    BANK4           256      0       0
    BANK5           256      0       0

Pointer List with Targets:

    clcd_print@data	PTR const unsigned char  size(1) Largest target is 17
		 -> main@str(COMRAM[17]), 


Critical Paths under _main in COMRAM

    _main->_clcd_print
    _init_config->_init_clcd
    _init_clcd->_clcd_write
    _clcd_print->_clcd_write

Critical Paths under _main in BANK0

    None.

Critical Paths under _main in BANK1

    None.

Critical Paths under _main in BANK2

    None.

Critical Paths under _main in BANK3

    None.

Critical Paths under _main in BANK4

    None.

Critical Paths under _main in BANK5

    None.

Call Graph Tables:

 ---------------------------------------------------------------------------------
 (Depth) Function   	        Calls       Base Space   Used Autos Params    Refs
 ---------------------------------------------------------------------------------
 (0) _main                                                22    22      0     402
                                              4 COMRAM    22    22      0
                         _clcd_print
                        _init_config
 ---------------------------------------------------------------------------------
 (1) _init_config                                          0     0      0      62
                          _init_clcd
 ---------------------------------------------------------------------------------
 (2) _init_clcd                                            1     1      0      62
                                              2 COMRAM     1     1      0
                         _clcd_write
 ---------------------------------------------------------------------------------
 (1) _clcd_print                                           2     0      2     131
                                              2 COMRAM     2     0      2
                         _clcd_write
 ---------------------------------------------------------------------------------
 (3) _clcd_write                                           2     1      1      62
                                              0 COMRAM     2     1      1
 ---------------------------------------------------------------------------------
 Estimated maximum stack depth 3
 ---------------------------------------------------------------------------------

 Call Graph Graphs:

 _main (ROOT)
   _clcd_print
     _clcd_write
   _init_config
     _init_clcd
       _clcd_write

Address spaces:
Name               Size   Autos  Total    Usage
BIGRAM            1535      0       0      0.0%
BITBIGSFRl         642      0       0      0.0%
BITBANK5           256      0       0      0.0%
BANK5              256      0       0      0.0%
BITBANK4           256      0       0      0.0%
BANK4              256      0       0      0.0%
BITBANK3           256      0       0      0.0%
BANK3              256      0       0      0.0%
BITBANK2           256      0       0      0.0%
BANK2              256      0       0      0.0%
BITBANK1           256      0       0      0.0%
BANK1              256      0       0      0.0%
BITBANK0           160      0       0      0.0%
BANK0              160      0       0      0.0%
BITBIGSFRh         125      0       0      0.0%
BITCOMRAM           95      0       0      0.0%
COMRAM              95     26      43     45.3%
STACK                0      0       0      0.0%
DATA                 0      0      43      0.0%


Microchip Technology PIC18 Macro Assembler V3.10 build 20250813170317 
Symbol Table                                                                                   Fri Mar 27 10:02:12 2026

                      l9 07E0           clcd_print@addr 0004           clcd_print@data 0003  
                     l18 0726                       l43 0766                       l44 076A  
                     l53 07A2                       l47 06A6                       u70 0744  
                     u71 073E                       u90 0766                       u91 0762  
                     u85 0746                      l940 074E                      l932 0734  
                    l950 0758                      l942 0750                      l934 0746  
                    l944 0752                      l936 074A                      l960 061C  
                    l952 0602                      l946 0754                      l938 074C  
                    l970 0652                      l962 0626                      l954 0604  
                    l948 0756                      l980 067C                      l972 0658  
                    l964 0636                      l956 060A                      l990 076C  
                    l982 0686                      l974 0662                      l966 0640  
                    l958 060C                      l992 077A                      l984 0694  
                    l976 066A                      l968 0648                      l994 078A  
                    l986 069E                      l978 0674                      l996 078C  
                    l988 07DC                      l998 06A8                      _RC0 7C10  
                    _RC1 7C11                      _RC2 7C12                      u100 07A2  
                    u101 079E                      u111 06B6                      _RD7 7C1F  
                    u120 0726                      u121 0722                      u207 06A0  
                    u137 06D4                      u147 0612                      u157 062C  
                    u167 0642                      u177 0664                      u187 0676  
                    u197 068C                      wreg 0FE8                     l1000 06AC  
                   l1002 06BE                     l1004 06CA                     l1014 06EA  
                   l1006 06E0                     l1016 0706                     l1008 06E4  
                   l1018 070C                     _main 06A8                     fsr1h 0FE2  
                   fsr2h 0FDA                     indf1 0FE7                     indf2 0FDF  
                   fsr1l 0FE1                     fsr2l 0FD9                     start 2FFC  
           ___param_bank 0000           clcd_write@byte 0002                    ?_main 0001  
           ?_init_config 0001                    _PORTD 0F83                    _TRISC 0F94  
                  _TRISD 0F95                    main@i 0019                    tablat 0FF5  
                  plusw1 0FE3                    plusw2 0FDB                    status 0FD8  
        __initialization 07A4             __end_of_main 0732                   ??_main 0005  
          __activetblptr 0000                   _TRISD7 7CAF                   isa$std 0001  
           __pdataCOMRAM 001B             __mediumconst 0600                   tblptrh 0FF7  
                 tblptrl 0FF6                   tblptru 0FF8               __accesstop 0060  
__end_of__initialization 07C4            ___rparam_used 0001           __pcstackCOMRAM 0001  
             _clcd_print 076C               _clcd_write 0732                  __Hparam 0000  
                __Lparam 0000             __psmallconst 0600                  __pcinit 07A4  
                __ramtop 0600                  __ptext0 06A8                  __ptext1 07DC  
                __ptext2 0602                  __ptext3 076C                  __ptext4 0732  
      __end_of_init_clcd 06A8                  main@str 0007     end_of_initialization 07C4  
            ?_clcd_print 0003              ?_clcd_write 0001                  postdec1 0FE5  
                postinc0 0FEE               main@F10492 001B            __pidataCOMRAM 07CA  
    start_initialization 07A4            ??_init_config 0004              __smallconst 0600  
              _init_clcd 0602      __end_of_init_config 07E2             ??_clcd_print 0005  
           ??_clcd_write 0002    clcd_write@control_bit 0001       __end_of_clcd_print 07A4  
     __end_of_clcd_write 076C               ?_init_clcd 0001                copy_data0 07B8  
               __Hrparam 0000                 __Lrparam 0000              _init_config 07DC  
               isa$xinst 0000                 main@last 0018              ??_init_clcd 0003  
