

Microchip MPLAB XC8 Assembler V3.10 build 20250813170317 
                                                                                               Fri Mar  6 16:55:45 2026

Microchip MPLAB XC8 C Compiler v3.10 (Free license) build 20250813170317 Og1 
     1                           	processor	18F4580
     2                           	fnconf	rparam,??,?,0
     3                           	pagewidth 120
     4                           	opt	flic
     5                           	psect	cinit,global,reloc=2,class=CODE,space=0,delta=1
     6                           	psect	bssCOMRAM,global,class=COMRAM,space=1,delta=1,lowdata,noexec
     7                           	psect	cstackCOMRAM,global,class=COMRAM,space=1,delta=1,lowdata,noexec
     8                           	psect	text0,global,reloc=2,class=CODE,space=0,delta=1
     9                           	psect	text1,global,reloc=2,class=CODE,space=0,delta=1
    10                           	psect	intcode,global,reloc=2,class=CODE,space=0,delta=1
    11                           	psect	intcode_body,global,reloc=2,class=CODE,space=0,delta=1
    12                           	psect	smallconst,global,reloc=2,class=SMALLCONST,space=0,delta=1,noexec
    13                           	psect	intsave_regs,global,class=BIGRAM,space=1,delta=1,noexec
    14                           	psect	rparam,global,class=COMRAM,space=1,delta=1,noexec
    15                           	psect	idloc,global,abs,ovrld,class=IDLOC,space=5,delta=1,noexec
    16                           	psect	config,global,abs,ovrld,class=CONFIG,space=4,delta=1,noexec
    17                           	dabs	1,0x1,1
    18   000000                     
    19                           ; Version 2.40
    20                           ; Generated 17/11/2021 GMT
    21                           ; 
    22                           ; Copyright © 2021, Microchip Technology Inc. and its subsidiaries ("Microchip")
    23                           ; All rights reserved.
    24                           ; 
    25                           ; This software is developed by Microchip Technology Inc. and its subsidiaries ("Microch
      +                          ip").
    26                           ; 
    27                           ; Redistribution and use in source and binary forms, with or without modification, are
    28                           ; permitted provided that the following conditions are met:
    29                           ; 
    30                           ;     1. Redistributions of source code must retain the above copyright notice, this lis
      +                          t of
    31                           ;        conditions and the following disclaimer.
    32                           ; 
    33                           ;     2. Redistributions in binary form must reproduce the above copyright notice, this 
      +                          list
    34                           ;        of conditions and the following disclaimer in the documentation and/or other
    35                           ;        materials provided with the distribution. Publication is not required when
    36                           ;        this file is used in an embedded application.
    37                           ; 
    38                           ;     3. Microchip's name may not be used to endorse or promote products derived from th
      +                          is
    39                           ;        software without specific prior written permission.
    40                           ; 
    41                           ; THIS SOFTWARE IS PROVIDED BY MICROCHIP "AS IS" AND ANY EXPRESS OR IMPLIED WARRANTIES,
    42                           ; INCLUDING, BUT NOT LIMITED TO, THE IMPLIED WARRANTIES OF MERCHANTABILITY AND FITNESS F
      +                          OR
    43                           ; PURPOSE ARE DISCLAIMED.  IN NO EVENT SHALL MICROCHIP BE LIABLE FOR ANY DIRECT, INDIREC
      +                          T,
    44                           ; INCIDENTAL, SPECIAL, EXEMPLARY, OR CONSEQUENTIAL DAMAGES (INCLUDING BUT NOT LIMITED TO
    45                           ; PROCUREMENT OF SUBSTITUTE GOODS OR SERVICES; LOSS OF USE, DATA OR PROFITS; OR BUSINESS
    46                           ; INTERRUPTION) HOWSOEVER CAUSED AND ON ANY THEORY OF LIABILITY, WHETHER IN CONTRACT, ST
      +                          RICT
    47                           ; LIABILITY, OR TORT (INCLUDING NEGLIGENCE OR OTHERWISE) ARISING IN ANY WAY OUT OF THE U
      +                          SE OF
    48                           ; THIS SOFTWARE, EVEN IF ADVISED OF THE POSSIBILITY OF SUCH DAMAGE.
    49                           ; 
    50                           ; 
    51                           ; Code-generator required, PIC18F4580 Definitions
    52                           ; 
    53                           ; SFR Addresses
    54   000FE0                     bsr             equ	4064
    55   000FE9                     fsr0            equ	4073
    56   000FEA                     fsr0h           equ	4074
    57   000FE9                     fsr0l           equ	4073
    58   000FE1                     fsr1            equ	4065
    59   000FE2                     fsr1h           equ	4066
    60   000FE1                     fsr1l           equ	4065
    61   000FD9                     fsr2            equ	4057
    62   000FDA                     fsr2h           equ	4058
    63   000FD9                     fsr2l           equ	4057
    64   000FEF                     indf0           equ	4079
    65   000FE7                     indf1           equ	4071
    66   000FDF                     indf2           equ	4063
    67   000FF2                     intcon          equ	4082
    68   000000                     nvmcon          equ	0
    69   000FF9                     pcl             equ	4089
    70   000FFA                     pclath          equ	4090
    71   000FFB                     pclatu          equ	4091
    72   000FEB                     plusw0          equ	4075
    73   000FE3                     plusw1          equ	4067
    74   000FDB                     plusw2          equ	4059
    75   000FED                     postdec0        equ	4077
    76   000FE5                     postdec1        equ	4069
    77   000FDD                     postdec2        equ	4061
    78   000FEE                     postinc0        equ	4078
    79   000FE6                     postinc1        equ	4070
    80   000FDE                     postinc2        equ	4062
    81   000FEC                     preinc0         equ	4076
    82   000FE4                     preinc1         equ	4068
    83   000FDC                     preinc2         equ	4060
    84   000FF3                     prod            equ	4083
    85   000FF4                     prodh           equ	4084
    86   000FF3                     prodl           equ	4083
    87   000FD8                     status          equ	4056
    88   000FF5                     tablat          equ	4085
    89   000FF6                     tblptr          equ	4086
    90   000FF7                     tblptrh         equ	4087
    91   000FF6                     tblptrl         equ	4086
    92   000FF8                     tblptru         equ	4088
    93   000FFD                     tosl            equ	4093
    94   000FE8                     wreg            equ	4072
    95   000D60                     RXF6SIDH        equ	3424	;# 
    96   000D61                     RXF6SIDL        equ	3425	;# 
    97   000D62                     RXF6EIDH        equ	3426	;# 
    98   000D63                     RXF6EIDL        equ	3427	;# 
    99   000D64                     RXF7SIDH        equ	3428	;# 
   100   000D65                     RXF7SIDL        equ	3429	;# 
   101   000D66                     RXF7EIDH        equ	3430	;# 
   102   000D67                     RXF7EIDL        equ	3431	;# 
   103   000D68                     RXF8SIDH        equ	3432	;# 
   104   000D69                     RXF8SIDL        equ	3433	;# 
   105   000D6A                     RXF8EIDH        equ	3434	;# 
   106   000D6B                     RXF8EIDL        equ	3435	;# 
   107   000D70                     RXF9SIDH        equ	3440	;# 
   108   000D71                     RXF9SIDL        equ	3441	;# 
   109   000D72                     RXF9EIDH        equ	3442	;# 
   110   000D73                     RXF9EIDL        equ	3443	;# 
   111   000D74                     RXF10SIDH       equ	3444	;# 
   112   000D75                     RXF10SIDL       equ	3445	;# 
   113   000D76                     RXF10EIDH       equ	3446	;# 
   114   000D77                     RXF10EIDL       equ	3447	;# 
   115   000D78                     RXF11SIDH       equ	3448	;# 
   116   000D79                     RXF11SIDL       equ	3449	;# 
   117   000D7A                     RXF11EIDH       equ	3450	;# 
   118   000D7B                     RXF11EIDL       equ	3451	;# 
   119   000D80                     RXF12SIDH       equ	3456	;# 
   120   000D81                     RXF12SIDL       equ	3457	;# 
   121   000D82                     RXF12EIDH       equ	3458	;# 
   122   000D83                     RXF12EIDL       equ	3459	;# 
   123   000D84                     RXF13SIDH       equ	3460	;# 
   124   000D85                     RXF13SIDL       equ	3461	;# 
   125   000D86                     RXF13EIDH       equ	3462	;# 
   126   000D87                     RXF13EIDL       equ	3463	;# 
   127   000D88                     RXF14SIDH       equ	3464	;# 
   128   000D89                     RXF14SIDL       equ	3465	;# 
   129   000D8A                     RXF14EIDH       equ	3466	;# 
   130   000D8B                     RXF14EIDL       equ	3467	;# 
   131   000D90                     RXF15SIDH       equ	3472	;# 
   132   000D91                     RXF15SIDL       equ	3473	;# 
   133   000D92                     RXF15EIDH       equ	3474	;# 
   134   000D93                     RXF15EIDL       equ	3475	;# 
   135   000DD4                     RXFCON0         equ	3540	;# 
   136   000DD5                     RXFCON1         equ	3541	;# 
   137   000DD8                     SDFLC           equ	3544	;# 
   138   000DE0                     RXFBCON0        equ	3552	;# 
   139   000DE1                     RXFBCON1        equ	3553	;# 
   140   000DE2                     RXFBCON2        equ	3554	;# 
   141   000DE3                     RXFBCON3        equ	3555	;# 
   142   000DE4                     RXFBCON4        equ	3556	;# 
   143   000DE5                     RXFBCON5        equ	3557	;# 
   144   000DE6                     RXFBCON6        equ	3558	;# 
   145   000DE7                     RXFBCON7        equ	3559	;# 
   146   000DF0                     MSEL0           equ	3568	;# 
   147   000DF1                     MSEL1           equ	3569	;# 
   148   000DF2                     MSEL2           equ	3570	;# 
   149   000DF3                     MSEL3           equ	3571	;# 
   150   000DF8                     BSEL0           equ	3576	;# 
   151   000DFA                     BIE0            equ	3578	;# 
   152   000DFC                     TXBIE           equ	3580	;# 
   153   000E20                     B0CON           equ	3616	;# 
   154   000E21                     B0SIDH          equ	3617	;# 
   155   000E22                     B0SIDL          equ	3618	;# 
   156   000E23                     B0EIDH          equ	3619	;# 
   157   000E24                     B0EIDL          equ	3620	;# 
   158   000E25                     B0DLC           equ	3621	;# 
   159   000E26                     B0D0            equ	3622	;# 
   160   000E27                     B0D1            equ	3623	;# 
   161   000E28                     B0D2            equ	3624	;# 
   162   000E29                     B0D3            equ	3625	;# 
   163   000E2A                     B0D4            equ	3626	;# 
   164   000E2B                     B0D5            equ	3627	;# 
   165   000E2C                     B0D6            equ	3628	;# 
   166   000E2D                     B0D7            equ	3629	;# 
   167   000E2E                     CANSTAT_RO9     equ	3630	;# 
   168   000E2F                     CANCON_RO9      equ	3631	;# 
   169   000E30                     B1CON           equ	3632	;# 
   170   000E31                     B1SIDH          equ	3633	;# 
   171   000E32                     B1SIDL          equ	3634	;# 
   172   000E33                     B1EIDH          equ	3635	;# 
   173   000E34                     B1EIDL          equ	3636	;# 
   174   000E35                     B1DLC           equ	3637	;# 
   175   000E36                     B1D0            equ	3638	;# 
   176   000E37                     B1D1            equ	3639	;# 
   177   000E38                     B1D2            equ	3640	;# 
   178   000E39                     B1D3            equ	3641	;# 
   179   000E3A                     B1D4            equ	3642	;# 
   180   000E3B                     B1D5            equ	3643	;# 
   181   000E3C                     B1D6            equ	3644	;# 
   182   000E3D                     B1D7            equ	3645	;# 
   183   000E3E                     CANSTAT_RO8     equ	3646	;# 
   184   000E3F                     CANCON_RO8      equ	3647	;# 
   185   000E40                     B2CON           equ	3648	;# 
   186   000E41                     B2SIDH          equ	3649	;# 
   187   000E42                     B2SIDL          equ	3650	;# 
   188   000E43                     B2EIDH          equ	3651	;# 
   189   000E44                     B2EIDL          equ	3652	;# 
   190   000E45                     B2DLC           equ	3653	;# 
   191   000E46                     B2D0            equ	3654	;# 
   192   000E47                     B2D1            equ	3655	;# 
   193   000E48                     B2D2            equ	3656	;# 
   194   000E49                     B2D3            equ	3657	;# 
   195   000E4A                     B2D4            equ	3658	;# 
   196   000E4B                     B2D5            equ	3659	;# 
   197   000E4C                     B2D6            equ	3660	;# 
   198   000E4D                     B2D7            equ	3661	;# 
   199   000E4E                     CANSTAT_RO7     equ	3662	;# 
   200   000E4F                     CANCON_RO7      equ	3663	;# 
   201   000E50                     B3CON           equ	3664	;# 
   202   000E51                     B3SIDH          equ	3665	;# 
   203   000E52                     B3SIDL          equ	3666	;# 
   204   000E53                     B3EIDH          equ	3667	;# 
   205   000E54                     B3EIDL          equ	3668	;# 
   206   000E55                     B3DLC           equ	3669	;# 
   207   000E56                     B3D0            equ	3670	;# 
   208   000E57                     B3D1            equ	3671	;# 
   209   000E58                     B3D2            equ	3672	;# 
   210   000E59                     B3D3            equ	3673	;# 
   211   000E5A                     B3D4            equ	3674	;# 
   212   000E5B                     B3D5            equ	3675	;# 
   213   000E5C                     B3D6            equ	3676	;# 
   214   000E5D                     B3D7            equ	3677	;# 
   215   000E5E                     CANSTAT_RO6     equ	3678	;# 
   216   000E5F                     CANCON_RO6      equ	3679	;# 
   217   000E60                     B4CON           equ	3680	;# 
   218   000E61                     B4SIDH          equ	3681	;# 
   219   000E62                     B4SIDL          equ	3682	;# 
   220   000E63                     B4EIDH          equ	3683	;# 
   221   000E64                     B4EIDL          equ	3684	;# 
   222   000E65                     B4DLC           equ	3685	;# 
   223   000E66                     B4D0            equ	3686	;# 
   224   000E67                     B4D1            equ	3687	;# 
   225   000E68                     B4D2            equ	3688	;# 
   226   000E69                     B4D3            equ	3689	;# 
   227   000E6A                     B4D4            equ	3690	;# 
   228   000E6B                     B4D5            equ	3691	;# 
   229   000E6C                     B4D6            equ	3692	;# 
   230   000E6D                     B4D7            equ	3693	;# 
   231   000E6E                     CANSTAT_RO5     equ	3694	;# 
   232   000E6F                     CANCON_RO5      equ	3695	;# 
   233   000E70                     B5CON           equ	3696	;# 
   234   000E71                     B5SIDH          equ	3697	;# 
   235   000E72                     B5SIDL          equ	3698	;# 
   236   000E73                     B5EIDH          equ	3699	;# 
   237   000E74                     B5EIDL          equ	3700	;# 
   238   000E75                     B5DLC           equ	3701	;# 
   239   000E76                     B5D0            equ	3702	;# 
   240   000E77                     B5D1            equ	3703	;# 
   241   000E78                     B5D2            equ	3704	;# 
   242   000E79                     B5D3            equ	3705	;# 
   243   000E7A                     B5D4            equ	3706	;# 
   244   000E7B                     B5D5            equ	3707	;# 
   245   000E7C                     B5D6            equ	3708	;# 
   246   000E7D                     B5D7            equ	3709	;# 
   247   000E7E                     CANSTAT_RO4     equ	3710	;# 
   248   000E7F                     CANCON_RO4      equ	3711	;# 
   249   000F00                     RXF0SIDH        equ	3840	;# 
   250   000F01                     RXF0SIDL        equ	3841	;# 
   251   000F02                     RXF0EIDH        equ	3842	;# 
   252   000F03                     RXF0EIDL        equ	3843	;# 
   253   000F04                     RXF1SIDH        equ	3844	;# 
   254   000F05                     RXF1SIDL        equ	3845	;# 
   255   000F06                     RXF1EIDH        equ	3846	;# 
   256   000F07                     RXF1EIDL        equ	3847	;# 
   257   000F08                     RXF2SIDH        equ	3848	;# 
   258   000F09                     RXF2SIDL        equ	3849	;# 
   259   000F0A                     RXF2EIDH        equ	3850	;# 
   260   000F0B                     RXF2EIDL        equ	3851	;# 
   261   000F0C                     RXF3SIDH        equ	3852	;# 
   262   000F0D                     RXF3SIDL        equ	3853	;# 
   263   000F0E                     RXF3EIDH        equ	3854	;# 
   264   000F0F                     RXF3EIDL        equ	3855	;# 
   265   000F10                     RXF4SIDH        equ	3856	;# 
   266   000F11                     RXF4SIDL        equ	3857	;# 
   267   000F12                     RXF4EIDH        equ	3858	;# 
   268   000F13                     RXF4EIDL        equ	3859	;# 
   269   000F14                     RXF5SIDH        equ	3860	;# 
   270   000F15                     RXF5SIDL        equ	3861	;# 
   271   000F16                     RXF5EIDH        equ	3862	;# 
   272   000F17                     RXF5EIDL        equ	3863	;# 
   273   000F18                     RXM0SIDH        equ	3864	;# 
   274   000F19                     RXM0SIDL        equ	3865	;# 
   275   000F1A                     RXM0EIDH        equ	3866	;# 
   276   000F1B                     RXM0EIDL        equ	3867	;# 
   277   000F1C                     RXM1SIDH        equ	3868	;# 
   278   000F1D                     RXM1SIDL        equ	3869	;# 
   279   000F1E                     RXM1EIDH        equ	3870	;# 
   280   000F1F                     RXM1EIDL        equ	3871	;# 
   281   000F20                     TXB2CON         equ	3872	;# 
   282   000F21                     TXB2SIDH        equ	3873	;# 
   283   000F22                     TXB2SIDL        equ	3874	;# 
   284   000F23                     TXB2EIDH        equ	3875	;# 
   285   000F24                     TXB2EIDL        equ	3876	;# 
   286   000F25                     TXB2DLC         equ	3877	;# 
   287   000F26                     TXB2D0          equ	3878	;# 
   288   000F27                     TXB2D1          equ	3879	;# 
   289   000F28                     TXB2D2          equ	3880	;# 
   290   000F29                     TXB2D3          equ	3881	;# 
   291   000F2A                     TXB2D4          equ	3882	;# 
   292   000F2B                     TXB2D5          equ	3883	;# 
   293   000F2C                     TXB2D6          equ	3884	;# 
   294   000F2D                     TXB2D7          equ	3885	;# 
   295   000F2E                     CANSTAT_RO3     equ	3886	;# 
   296   000F2F                     CANCON_RO3      equ	3887	;# 
   297   000F30                     TXB1CON         equ	3888	;# 
   298   000F31                     TXB1SIDH        equ	3889	;# 
   299   000F32                     TXB1SIDL        equ	3890	;# 
   300   000F33                     TXB1EIDH        equ	3891	;# 
   301   000F34                     TXB1EIDL        equ	3892	;# 
   302   000F35                     TXB1DLC         equ	3893	;# 
   303   000F36                     TXB1D0          equ	3894	;# 
   304   000F37                     TXB1D1          equ	3895	;# 
   305   000F38                     TXB1D2          equ	3896	;# 
   306   000F39                     TXB1D3          equ	3897	;# 
   307   000F3A                     TXB1D4          equ	3898	;# 
   308   000F3B                     TXB1D5          equ	3899	;# 
   309   000F3C                     TXB1D6          equ	3900	;# 
   310   000F3D                     TXB1D7          equ	3901	;# 
   311   000F3E                     CANSTAT_RO2     equ	3902	;# 
   312   000F3F                     CANCON_RO2      equ	3903	;# 
   313   000F40                     TXB0CON         equ	3904	;# 
   314   000F41                     TXB0SIDH        equ	3905	;# 
   315   000F42                     TXB0SIDL        equ	3906	;# 
   316   000F43                     TXB0EIDH        equ	3907	;# 
   317   000F44                     TXB0EIDL        equ	3908	;# 
   318   000F45                     TXB0DLC         equ	3909	;# 
   319   000F46                     TXB0D0          equ	3910	;# 
   320   000F47                     TXB0D1          equ	3911	;# 
   321   000F48                     TXB0D2          equ	3912	;# 
   322   000F49                     TXB0D3          equ	3913	;# 
   323   000F4A                     TXB0D4          equ	3914	;# 
   324   000F4B                     TXB0D5          equ	3915	;# 
   325   000F4C                     TXB0D6          equ	3916	;# 
   326   000F4D                     TXB0D7          equ	3917	;# 
   327   000F4E                     CANSTAT_RO1     equ	3918	;# 
   328   000F4F                     CANCON_RO1      equ	3919	;# 
   329   000F50                     RXB1CON         equ	3920	;# 
   330   000F51                     RXB1SIDH        equ	3921	;# 
   331   000F52                     RXB1SIDL        equ	3922	;# 
   332   000F53                     RXB1EIDH        equ	3923	;# 
   333   000F54                     RXB1EIDL        equ	3924	;# 
   334   000F55                     RXB1DLC         equ	3925	;# 
   335   000F56                     RXB1D0          equ	3926	;# 
   336   000F57                     RXB1D1          equ	3927	;# 
   337   000F58                     RXB1D2          equ	3928	;# 
   338   000F59                     RXB1D3          equ	3929	;# 
   339   000F5A                     RXB1D4          equ	3930	;# 
   340   000F5B                     RXB1D5          equ	3931	;# 
   341   000F5C                     RXB1D6          equ	3932	;# 
   342   000F5D                     RXB1D7          equ	3933	;# 
   343   000F5E                     CANSTAT_RO0     equ	3934	;# 
   344   000F5F                     CANCON_RO0      equ	3935	;# 
   345   000F60                     RXB0CON         equ	3936	;# 
   346   000F61                     RXB0SIDH        equ	3937	;# 
   347   000F62                     RXB0SIDL        equ	3938	;# 
   348   000F63                     RXB0EIDH        equ	3939	;# 
   349   000F64                     RXB0EIDL        equ	3940	;# 
   350   000F65                     RXB0DLC         equ	3941	;# 
   351   000F66                     RXB0D0          equ	3942	;# 
   352   000F67                     RXB0D1          equ	3943	;# 
   353   000F68                     RXB0D2          equ	3944	;# 
   354   000F69                     RXB0D3          equ	3945	;# 
   355   000F6A                     RXB0D4          equ	3946	;# 
   356   000F6B                     RXB0D5          equ	3947	;# 
   357   000F6C                     RXB0D6          equ	3948	;# 
   358   000F6D                     RXB0D7          equ	3949	;# 
   359   000F6E                     CANSTAT         equ	3950	;# 
   360   000F6F                     CANCON          equ	3951	;# 
   361   000F70                     BRGCON1         equ	3952	;# 
   362   000F71                     BRGCON2         equ	3953	;# 
   363   000F72                     BRGCON3         equ	3954	;# 
   364   000F73                     CIOCON          equ	3955	;# 
   365   000F74                     COMSTAT         equ	3956	;# 
   366   000F75                     RXERRCNT        equ	3957	;# 
   367   000F76                     TXERRCNT        equ	3958	;# 
   368   000F77                     ECANCON         equ	3959	;# 
   369   000F80                     PORTA           equ	3968	;# 
   370   000F81                     PORTB           equ	3969	;# 
   371   000F82                     PORTC           equ	3970	;# 
   372   000F83                     PORTD           equ	3971	;# 
   373   000F84                     PORTE           equ	3972	;# 
   374   000F89                     LATA            equ	3977	;# 
   375   000F8A                     LATB            equ	3978	;# 
   376   000F8B                     LATC            equ	3979	;# 
   377   000F8C                     LATD            equ	3980	;# 
   378   000F8D                     LATE            equ	3981	;# 
   379   000F92                     TRISA           equ	3986	;# 
   380   000F92                     DDRA            equ	3986	;# 
   381   000F93                     TRISB           equ	3987	;# 
   382   000F93                     DDRB            equ	3987	;# 
   383   000F94                     TRISC           equ	3988	;# 
   384   000F94                     DDRC            equ	3988	;# 
   385   000F95                     TRISD           equ	3989	;# 
   386   000F95                     DDRD            equ	3989	;# 
   387   000F96                     TRISE           equ	3990	;# 
   388   000F96                     DDRE            equ	3990	;# 
   389   000F9B                     OSCTUNE         equ	3995	;# 
   390   000F9D                     PIE1            equ	3997	;# 
   391   000F9E                     PIR1            equ	3998	;# 
   392   000F9F                     IPR1            equ	3999	;# 
   393   000FA0                     PIE2            equ	4000	;# 
   394   000FA1                     PIR2            equ	4001	;# 
   395   000FA2                     IPR2            equ	4002	;# 
   396   000FA3                     PIE3            equ	4003	;# 
   397   000FA4                     PIR3            equ	4004	;# 
   398   000FA5                     IPR3            equ	4005	;# 
   399   000FA6                     EECON1          equ	4006	;# 
   400   000FA7                     EECON2          equ	4007	;# 
   401   000FA8                     EEDATA          equ	4008	;# 
   402   000FA9                     EEADR           equ	4009	;# 
   403   000FAB                     RCSTA           equ	4011	;# 
   404   000FAB                     RCSTA1          equ	4011	;# 
   405   000FAC                     TXSTA           equ	4012	;# 
   406   000FAC                     TXSTA1          equ	4012	;# 
   407   000FAD                     TXREG           equ	4013	;# 
   408   000FAD                     TXREG1          equ	4013	;# 
   409   000FAE                     RCREG           equ	4014	;# 
   410   000FAE                     RCREG1          equ	4014	;# 
   411   000FAF                     SPBRG           equ	4015	;# 
   412   000FAF                     SPBRG1          equ	4015	;# 
   413   000FB0                     SPBRGH          equ	4016	;# 
   414   000FB1                     T3CON           equ	4017	;# 
   415   000FB2                     TMR3            equ	4018	;# 
   416   000FB2                     TMR3L           equ	4018	;# 
   417   000FB3                     TMR3H           equ	4019	;# 
   418   000FB4                     CMCON           equ	4020	;# 
   419   000FB5                     CVRCON          equ	4021	;# 
   420   000FB6                     ECCP1AS         equ	4022	;# 
   421   000FB7                     ECCP1DEL        equ	4023	;# 
   422   000FB8                     BAUDCON         equ	4024	;# 
   423   000FB8                     BAUDCTL         equ	4024	;# 
   424   000FBA                     ECCP1CON        equ	4026	;# 
   425   000FBB                     ECCPR1          equ	4027	;# 
   426   000FBB                     ECCPR1L         equ	4027	;# 
   427   000FBC                     ECCPR1H         equ	4028	;# 
   428   000FBD                     CCP1CON         equ	4029	;# 
   429   000FBE                     CCPR1           equ	4030	;# 
   430   000FBE                     CCPR1L          equ	4030	;# 
   431   000FBF                     CCPR1H          equ	4031	;# 
   432   000FC0                     ADCON2          equ	4032	;# 
   433   000FC1                     ADCON1          equ	4033	;# 
   434   000FC2                     ADCON0          equ	4034	;# 
   435   000FC3                     ADRES           equ	4035	;# 
   436   000FC3                     ADRESL          equ	4035	;# 
   437   000FC4                     ADRESH          equ	4036	;# 
   438   000FC5                     SSPCON2         equ	4037	;# 
   439   000FC6                     SSPCON1         equ	4038	;# 
   440   000FC7                     SSPSTAT         equ	4039	;# 
   441   000FC8                     SSPADD          equ	4040	;# 
   442   000FC9                     SSPBUF          equ	4041	;# 
   443   000FCA                     T2CON           equ	4042	;# 
   444   000FCB                     PR2             equ	4043	;# 
   445   000FCB                     MEMCON          equ	4043	;# 
   446   000FCC                     TMR2            equ	4044	;# 
   447   000FCD                     T1CON           equ	4045	;# 
   448   000FCE                     TMR1            equ	4046	;# 
   449   000FCE                     TMR1L           equ	4046	;# 
   450   000FCF                     TMR1H           equ	4047	;# 
   451   000FD0                     RCON            equ	4048	;# 
   452   000FD1                     WDTCON          equ	4049	;# 
   453   000FD2                     HLVDCON         equ	4050	;# 
   454   000FD2                     LVDCON          equ	4050	;# 
   455   000FD3                     OSCCON          equ	4051	;# 
   456   000FD5                     T0CON           equ	4053	;# 
   457   000FD6                     TMR0            equ	4054	;# 
   458   000FD6                     TMR0L           equ	4054	;# 
   459   000FD7                     TMR0H           equ	4055	;# 
   460   000FD8                     STATUS          equ	4056	;# 
   461   000FD9                     FSR2            equ	4057	;# 
   462   000FD9                     FSR2L           equ	4057	;# 
   463   000FDA                     FSR2H           equ	4058	;# 
   464   000FDB                     PLUSW2          equ	4059	;# 
   465   000FDC                     PREINC2         equ	4060	;# 
   466   000FDD                     POSTDEC2        equ	4061	;# 
   467   000FDE                     POSTINC2        equ	4062	;# 
   468   000FDF                     INDF2           equ	4063	;# 
   469   000FE0                     BSR             equ	4064	;# 
   470   000FE1                     FSR1            equ	4065	;# 
   471   000FE1                     FSR1L           equ	4065	;# 
   472   000FE2                     FSR1H           equ	4066	;# 
   473   000FE3                     PLUSW1          equ	4067	;# 
   474   000FE4                     PREINC1         equ	4068	;# 
   475   000FE5                     POSTDEC1        equ	4069	;# 
   476   000FE6                     POSTINC1        equ	4070	;# 
   477   000FE7                     INDF1           equ	4071	;# 
   478   000FE8                     WREG            equ	4072	;# 
   479   000FE9                     FSR0            equ	4073	;# 
   480   000FE9                     FSR0L           equ	4073	;# 
   481   000FEA                     FSR0H           equ	4074	;# 
   482   000FEB                     PLUSW0          equ	4075	;# 
   483   000FEC                     PREINC0         equ	4076	;# 
   484   000FED                     POSTDEC0        equ	4077	;# 
   485   000FEE                     POSTINC0        equ	4078	;# 
   486   000FEF                     INDF0           equ	4079	;# 
   487   000FF0                     INTCON3         equ	4080	;# 
   488   000FF1                     INTCON2         equ	4081	;# 
   489   000FF2                     INTCON          equ	4082	;# 
   490   000FF3                     PROD            equ	4083	;# 
   491   000FF3                     PRODL           equ	4083	;# 
   492   000FF4                     PRODH           equ	4084	;# 
   493   000FF5                     TABLAT          equ	4085	;# 
   494   000FF6                     TBLPTR          equ	4086	;# 
   495   000FF6                     TBLPTRL         equ	4086	;# 
   496   000FF7                     TBLPTRH         equ	4087	;# 
   497   000FF8                     TBLPTRU         equ	4088	;# 
   498   000FF9                     PCLAT           equ	4089	;# 
   499   000FF9                     PC              equ	4089	;# 
   500   000FF9                     PCL             equ	4089	;# 
   501   000FFA                     PCLATH          equ	4090	;# 
   502   000FFB                     PCLATU          equ	4091	;# 
   503   000FFC                     STKPTR          equ	4092	;# 
   504   000FFD                     TOS             equ	4093	;# 
   505   000FFD                     TOSL            equ	4093	;# 
   506   000FFE                     TOSH            equ	4094	;# 
   507   000FFF                     TOSU            equ	4095	;# 
   508   000D60                     RXF6SIDH        equ	3424	;# 
   509   000D61                     RXF6SIDL        equ	3425	;# 
   510   000D62                     RXF6EIDH        equ	3426	;# 
   511   000D63                     RXF6EIDL        equ	3427	;# 
   512   000D64                     RXF7SIDH        equ	3428	;# 
   513   000D65                     RXF7SIDL        equ	3429	;# 
   514   000D66                     RXF7EIDH        equ	3430	;# 
   515   000D67                     RXF7EIDL        equ	3431	;# 
   516   000D68                     RXF8SIDH        equ	3432	;# 
   517   000D69                     RXF8SIDL        equ	3433	;# 
   518   000D6A                     RXF8EIDH        equ	3434	;# 
   519   000D6B                     RXF8EIDL        equ	3435	;# 
   520   000D70                     RXF9SIDH        equ	3440	;# 
   521   000D71                     RXF9SIDL        equ	3441	;# 
   522   000D72                     RXF9EIDH        equ	3442	;# 
   523   000D73                     RXF9EIDL        equ	3443	;# 
   524   000D74                     RXF10SIDH       equ	3444	;# 
   525   000D75                     RXF10SIDL       equ	3445	;# 
   526   000D76                     RXF10EIDH       equ	3446	;# 
   527   000D77                     RXF10EIDL       equ	3447	;# 
   528   000D78                     RXF11SIDH       equ	3448	;# 
   529   000D79                     RXF11SIDL       equ	3449	;# 
   530   000D7A                     RXF11EIDH       equ	3450	;# 
   531   000D7B                     RXF11EIDL       equ	3451	;# 
   532   000D80                     RXF12SIDH       equ	3456	;# 
   533   000D81                     RXF12SIDL       equ	3457	;# 
   534   000D82                     RXF12EIDH       equ	3458	;# 
   535   000D83                     RXF12EIDL       equ	3459	;# 
   536   000D84                     RXF13SIDH       equ	3460	;# 
   537   000D85                     RXF13SIDL       equ	3461	;# 
   538   000D86                     RXF13EIDH       equ	3462	;# 
   539   000D87                     RXF13EIDL       equ	3463	;# 
   540   000D88                     RXF14SIDH       equ	3464	;# 
   541   000D89                     RXF14SIDL       equ	3465	;# 
   542   000D8A                     RXF14EIDH       equ	3466	;# 
   543   000D8B                     RXF14EIDL       equ	3467	;# 
   544   000D90                     RXF15SIDH       equ	3472	;# 
   545   000D91                     RXF15SIDL       equ	3473	;# 
   546   000D92                     RXF15EIDH       equ	3474	;# 
   547   000D93                     RXF15EIDL       equ	3475	;# 
   548   000DD4                     RXFCON0         equ	3540	;# 
   549   000DD5                     RXFCON1         equ	3541	;# 
   550   000DD8                     SDFLC           equ	3544	;# 
   551   000DE0                     RXFBCON0        equ	3552	;# 
   552   000DE1                     RXFBCON1        equ	3553	;# 
   553   000DE2                     RXFBCON2        equ	3554	;# 
   554   000DE3                     RXFBCON3        equ	3555	;# 
   555   000DE4                     RXFBCON4        equ	3556	;# 
   556   000DE5                     RXFBCON5        equ	3557	;# 
   557   000DE6                     RXFBCON6        equ	3558	;# 
   558   000DE7                     RXFBCON7        equ	3559	;# 
   559   000DF0                     MSEL0           equ	3568	;# 
   560   000DF1                     MSEL1           equ	3569	;# 
   561   000DF2                     MSEL2           equ	3570	;# 
   562   000DF3                     MSEL3           equ	3571	;# 
   563   000DF8                     BSEL0           equ	3576	;# 
   564   000DFA                     BIE0            equ	3578	;# 
   565   000DFC                     TXBIE           equ	3580	;# 
   566   000E20                     B0CON           equ	3616	;# 
   567   000E21                     B0SIDH          equ	3617	;# 
   568   000E22                     B0SIDL          equ	3618	;# 
   569   000E23                     B0EIDH          equ	3619	;# 
   570   000E24                     B0EIDL          equ	3620	;# 
   571   000E25                     B0DLC           equ	3621	;# 
   572   000E26                     B0D0            equ	3622	;# 
   573   000E27                     B0D1            equ	3623	;# 
   574   000E28                     B0D2            equ	3624	;# 
   575   000E29                     B0D3            equ	3625	;# 
   576   000E2A                     B0D4            equ	3626	;# 
   577   000E2B                     B0D5            equ	3627	;# 
   578   000E2C                     B0D6            equ	3628	;# 
   579   000E2D                     B0D7            equ	3629	;# 
   580   000E2E                     CANSTAT_RO9     equ	3630	;# 
   581   000E2F                     CANCON_RO9      equ	3631	;# 
   582   000E30                     B1CON           equ	3632	;# 
   583   000E31                     B1SIDH          equ	3633	;# 
   584   000E32                     B1SIDL          equ	3634	;# 
   585   000E33                     B1EIDH          equ	3635	;# 
   586   000E34                     B1EIDL          equ	3636	;# 
   587   000E35                     B1DLC           equ	3637	;# 
   588   000E36                     B1D0            equ	3638	;# 
   589   000E37                     B1D1            equ	3639	;# 
   590   000E38                     B1D2            equ	3640	;# 
   591   000E39                     B1D3            equ	3641	;# 
   592   000E3A                     B1D4            equ	3642	;# 
   593   000E3B                     B1D5            equ	3643	;# 
   594   000E3C                     B1D6            equ	3644	;# 
   595   000E3D                     B1D7            equ	3645	;# 
   596   000E3E                     CANSTAT_RO8     equ	3646	;# 
   597   000E3F                     CANCON_RO8      equ	3647	;# 
   598   000E40                     B2CON           equ	3648	;# 
   599   000E41                     B2SIDH          equ	3649	;# 
   600   000E42                     B2SIDL          equ	3650	;# 
   601   000E43                     B2EIDH          equ	3651	;# 
   602   000E44                     B2EIDL          equ	3652	;# 
   603   000E45                     B2DLC           equ	3653	;# 
   604   000E46                     B2D0            equ	3654	;# 
   605   000E47                     B2D1            equ	3655	;# 
   606   000E48                     B2D2            equ	3656	;# 
   607   000E49                     B2D3            equ	3657	;# 
   608   000E4A                     B2D4            equ	3658	;# 
   609   000E4B                     B2D5            equ	3659	;# 
   610   000E4C                     B2D6            equ	3660	;# 
   611   000E4D                     B2D7            equ	3661	;# 
   612   000E4E                     CANSTAT_RO7     equ	3662	;# 
   613   000E4F                     CANCON_RO7      equ	3663	;# 
   614   000E50                     B3CON           equ	3664	;# 
   615   000E51                     B3SIDH          equ	3665	;# 
   616   000E52                     B3SIDL          equ	3666	;# 
   617   000E53                     B3EIDH          equ	3667	;# 
   618   000E54                     B3EIDL          equ	3668	;# 
   619   000E55                     B3DLC           equ	3669	;# 
   620   000E56                     B3D0            equ	3670	;# 
   621   000E57                     B3D1            equ	3671	;# 
   622   000E58                     B3D2            equ	3672	;# 
   623   000E59                     B3D3            equ	3673	;# 
   624   000E5A                     B3D4            equ	3674	;# 
   625   000E5B                     B3D5            equ	3675	;# 
   626   000E5C                     B3D6            equ	3676	;# 
   627   000E5D                     B3D7            equ	3677	;# 
   628   000E5E                     CANSTAT_RO6     equ	3678	;# 
   629   000E5F                     CANCON_RO6      equ	3679	;# 
   630   000E60                     B4CON           equ	3680	;# 
   631   000E61                     B4SIDH          equ	3681	;# 
   632   000E62                     B4SIDL          equ	3682	;# 
   633   000E63                     B4EIDH          equ	3683	;# 
   634   000E64                     B4EIDL          equ	3684	;# 
   635   000E65                     B4DLC           equ	3685	;# 
   636   000E66                     B4D0            equ	3686	;# 
   637   000E67                     B4D1            equ	3687	;# 
   638   000E68                     B4D2            equ	3688	;# 
   639   000E69                     B4D3            equ	3689	;# 
   640   000E6A                     B4D4            equ	3690	;# 
   641   000E6B                     B4D5            equ	3691	;# 
   642   000E6C                     B4D6            equ	3692	;# 
   643   000E6D                     B4D7            equ	3693	;# 
   644   000E6E                     CANSTAT_RO5     equ	3694	;# 
   645   000E6F                     CANCON_RO5      equ	3695	;# 
   646   000E70                     B5CON           equ	3696	;# 
   647   000E71                     B5SIDH          equ	3697	;# 
   648   000E72                     B5SIDL          equ	3698	;# 
   649   000E73                     B5EIDH          equ	3699	;# 
   650   000E74                     B5EIDL          equ	3700	;# 
   651   000E75                     B5DLC           equ	3701	;# 
   652   000E76                     B5D0            equ	3702	;# 
   653   000E77                     B5D1            equ	3703	;# 
   654   000E78                     B5D2            equ	3704	;# 
   655   000E79                     B5D3            equ	3705	;# 
   656   000E7A                     B5D4            equ	3706	;# 
   657   000E7B                     B5D5            equ	3707	;# 
   658   000E7C                     B5D6            equ	3708	;# 
   659   000E7D                     B5D7            equ	3709	;# 
   660   000E7E                     CANSTAT_RO4     equ	3710	;# 
   661   000E7F                     CANCON_RO4      equ	3711	;# 
   662   000F00                     RXF0SIDH        equ	3840	;# 
   663   000F01                     RXF0SIDL        equ	3841	;# 
   664   000F02                     RXF0EIDH        equ	3842	;# 
   665   000F03                     RXF0EIDL        equ	3843	;# 
   666   000F04                     RXF1SIDH        equ	3844	;# 
   667   000F05                     RXF1SIDL        equ	3845	;# 
   668   000F06                     RXF1EIDH        equ	3846	;# 
   669   000F07                     RXF1EIDL        equ	3847	;# 
   670   000F08                     RXF2SIDH        equ	3848	;# 
   671   000F09                     RXF2SIDL        equ	3849	;# 
   672   000F0A                     RXF2EIDH        equ	3850	;# 
   673   000F0B                     RXF2EIDL        equ	3851	;# 
   674   000F0C                     RXF3SIDH        equ	3852	;# 
   675   000F0D                     RXF3SIDL        equ	3853	;# 
   676   000F0E                     RXF3EIDH        equ	3854	;# 
   677   000F0F                     RXF3EIDL        equ	3855	;# 
   678   000F10                     RXF4SIDH        equ	3856	;# 
   679   000F11                     RXF4SIDL        equ	3857	;# 
   680   000F12                     RXF4EIDH        equ	3858	;# 
   681   000F13                     RXF4EIDL        equ	3859	;# 
   682   000F14                     RXF5SIDH        equ	3860	;# 
   683   000F15                     RXF5SIDL        equ	3861	;# 
   684   000F16                     RXF5EIDH        equ	3862	;# 
   685   000F17                     RXF5EIDL        equ	3863	;# 
   686   000F18                     RXM0SIDH        equ	3864	;# 
   687   000F19                     RXM0SIDL        equ	3865	;# 
   688   000F1A                     RXM0EIDH        equ	3866	;# 
   689   000F1B                     RXM0EIDL        equ	3867	;# 
   690   000F1C                     RXM1SIDH        equ	3868	;# 
   691   000F1D                     RXM1SIDL        equ	3869	;# 
   692   000F1E                     RXM1EIDH        equ	3870	;# 
   693   000F1F                     RXM1EIDL        equ	3871	;# 
   694   000F20                     TXB2CON         equ	3872	;# 
   695   000F21                     TXB2SIDH        equ	3873	;# 
   696   000F22                     TXB2SIDL        equ	3874	;# 
   697   000F23                     TXB2EIDH        equ	3875	;# 
   698   000F24                     TXB2EIDL        equ	3876	;# 
   699   000F25                     TXB2DLC         equ	3877	;# 
   700   000F26                     TXB2D0          equ	3878	;# 
   701   000F27                     TXB2D1          equ	3879	;# 
   702   000F28                     TXB2D2          equ	3880	;# 
   703   000F29                     TXB2D3          equ	3881	;# 
   704   000F2A                     TXB2D4          equ	3882	;# 
   705   000F2B                     TXB2D5          equ	3883	;# 
   706   000F2C                     TXB2D6          equ	3884	;# 
   707   000F2D                     TXB2D7          equ	3885	;# 
   708   000F2E                     CANSTAT_RO3     equ	3886	;# 
   709   000F2F                     CANCON_RO3      equ	3887	;# 
   710   000F30                     TXB1CON         equ	3888	;# 
   711   000F31                     TXB1SIDH        equ	3889	;# 
   712   000F32                     TXB1SIDL        equ	3890	;# 
   713   000F33                     TXB1EIDH        equ	3891	;# 
   714   000F34                     TXB1EIDL        equ	3892	;# 
   715   000F35                     TXB1DLC         equ	3893	;# 
   716   000F36                     TXB1D0          equ	3894	;# 
   717   000F37                     TXB1D1          equ	3895	;# 
   718   000F38                     TXB1D2          equ	3896	;# 
   719   000F39                     TXB1D3          equ	3897	;# 
   720   000F3A                     TXB1D4          equ	3898	;# 
   721   000F3B                     TXB1D5          equ	3899	;# 
   722   000F3C                     TXB1D6          equ	3900	;# 
   723   000F3D                     TXB1D7          equ	3901	;# 
   724   000F3E                     CANSTAT_RO2     equ	3902	;# 
   725   000F3F                     CANCON_RO2      equ	3903	;# 
   726   000F40                     TXB0CON         equ	3904	;# 
   727   000F41                     TXB0SIDH        equ	3905	;# 
   728   000F42                     TXB0SIDL        equ	3906	;# 
   729   000F43                     TXB0EIDH        equ	3907	;# 
   730   000F44                     TXB0EIDL        equ	3908	;# 
   731   000F45                     TXB0DLC         equ	3909	;# 
   732   000F46                     TXB0D0          equ	3910	;# 
   733   000F47                     TXB0D1          equ	3911	;# 
   734   000F48                     TXB0D2          equ	3912	;# 
   735   000F49                     TXB0D3          equ	3913	;# 
   736   000F4A                     TXB0D4          equ	3914	;# 
   737   000F4B                     TXB0D5          equ	3915	;# 
   738   000F4C                     TXB0D6          equ	3916	;# 
   739   000F4D                     TXB0D7          equ	3917	;# 
   740   000F4E                     CANSTAT_RO1     equ	3918	;# 
   741   000F4F                     CANCON_RO1      equ	3919	;# 
   742   000F50                     RXB1CON         equ	3920	;# 
   743   000F51                     RXB1SIDH        equ	3921	;# 
   744   000F52                     RXB1SIDL        equ	3922	;# 
   745   000F53                     RXB1EIDH        equ	3923	;# 
   746   000F54                     RXB1EIDL        equ	3924	;# 
   747   000F55                     RXB1DLC         equ	3925	;# 
   748   000F56                     RXB1D0          equ	3926	;# 
   749   000F57                     RXB1D1          equ	3927	;# 
   750   000F58                     RXB1D2          equ	3928	;# 
   751   000F59                     RXB1D3          equ	3929	;# 
   752   000F5A                     RXB1D4          equ	3930	;# 
   753   000F5B                     RXB1D5          equ	3931	;# 
   754   000F5C                     RXB1D6          equ	3932	;# 
   755   000F5D                     RXB1D7          equ	3933	;# 
   756   000F5E                     CANSTAT_RO0     equ	3934	;# 
   757   000F5F                     CANCON_RO0      equ	3935	;# 
   758   000F60                     RXB0CON         equ	3936	;# 
   759   000F61                     RXB0SIDH        equ	3937	;# 
   760   000F62                     RXB0SIDL        equ	3938	;# 
   761   000F63                     RXB0EIDH        equ	3939	;# 
   762   000F64                     RXB0EIDL        equ	3940	;# 
   763   000F65                     RXB0DLC         equ	3941	;# 
   764   000F66                     RXB0D0          equ	3942	;# 
   765   000F67                     RXB0D1          equ	3943	;# 
   766   000F68                     RXB0D2          equ	3944	;# 
   767   000F69                     RXB0D3          equ	3945	;# 
   768   000F6A                     RXB0D4          equ	3946	;# 
   769   000F6B                     RXB0D5          equ	3947	;# 
   770   000F6C                     RXB0D6          equ	3948	;# 
   771   000F6D                     RXB0D7          equ	3949	;# 
   772   000F6E                     CANSTAT         equ	3950	;# 
   773   000F6F                     CANCON          equ	3951	;# 
   774   000F70                     BRGCON1         equ	3952	;# 
   775   000F71                     BRGCON2         equ	3953	;# 
   776   000F72                     BRGCON3         equ	3954	;# 
   777   000F73                     CIOCON          equ	3955	;# 
   778   000F74                     COMSTAT         equ	3956	;# 
   779   000F75                     RXERRCNT        equ	3957	;# 
   780   000F76                     TXERRCNT        equ	3958	;# 
   781   000F77                     ECANCON         equ	3959	;# 
   782   000F80                     PORTA           equ	3968	;# 
   783   000F81                     PORTB           equ	3969	;# 
   784   000F82                     PORTC           equ	3970	;# 
   785   000F83                     PORTD           equ	3971	;# 
   786   000F84                     PORTE           equ	3972	;# 
   787   000F89                     LATA            equ	3977	;# 
   788   000F8A                     LATB            equ	3978	;# 
   789   000F8B                     LATC            equ	3979	;# 
   790   000F8C                     LATD            equ	3980	;# 
   791   000F8D                     LATE            equ	3981	;# 
   792   000F92                     TRISA           equ	3986	;# 
   793   000F92                     DDRA            equ	3986	;# 
   794   000F93                     TRISB           equ	3987	;# 
   795   000F93                     DDRB            equ	3987	;# 
   796   000F94                     TRISC           equ	3988	;# 
   797   000F94                     DDRC            equ	3988	;# 
   798   000F95                     TRISD           equ	3989	;# 
   799   000F95                     DDRD            equ	3989	;# 
   800   000F96                     TRISE           equ	3990	;# 
   801   000F96                     DDRE            equ	3990	;# 
   802   000F9B                     OSCTUNE         equ	3995	;# 
   803   000F9D                     PIE1            equ	3997	;# 
   804   000F9E                     PIR1            equ	3998	;# 
   805   000F9F                     IPR1            equ	3999	;# 
   806   000FA0                     PIE2            equ	4000	;# 
   807   000FA1                     PIR2            equ	4001	;# 
   808   000FA2                     IPR2            equ	4002	;# 
   809   000FA3                     PIE3            equ	4003	;# 
   810   000FA4                     PIR3            equ	4004	;# 
   811   000FA5                     IPR3            equ	4005	;# 
   812   000FA6                     EECON1          equ	4006	;# 
   813   000FA7                     EECON2          equ	4007	;# 
   814   000FA8                     EEDATA          equ	4008	;# 
   815   000FA9                     EEADR           equ	4009	;# 
   816   000FAB                     RCSTA           equ	4011	;# 
   817   000FAB                     RCSTA1          equ	4011	;# 
   818   000FAC                     TXSTA           equ	4012	;# 
   819   000FAC                     TXSTA1          equ	4012	;# 
   820   000FAD                     TXREG           equ	4013	;# 
   821   000FAD                     TXREG1          equ	4013	;# 
   822   000FAE                     RCREG           equ	4014	;# 
   823   000FAE                     RCREG1          equ	4014	;# 
   824   000FAF                     SPBRG           equ	4015	;# 
   825   000FAF                     SPBRG1          equ	4015	;# 
   826   000FB0                     SPBRGH          equ	4016	;# 
   827   000FB1                     T3CON           equ	4017	;# 
   828   000FB2                     TMR3            equ	4018	;# 
   829   000FB2                     TMR3L           equ	4018	;# 
   830   000FB3                     TMR3H           equ	4019	;# 
   831   000FB4                     CMCON           equ	4020	;# 
   832   000FB5                     CVRCON          equ	4021	;# 
   833   000FB6                     ECCP1AS         equ	4022	;# 
   834   000FB7                     ECCP1DEL        equ	4023	;# 
   835   000FB8                     BAUDCON         equ	4024	;# 
   836   000FB8                     BAUDCTL         equ	4024	;# 
   837   000FBA                     ECCP1CON        equ	4026	;# 
   838   000FBB                     ECCPR1          equ	4027	;# 
   839   000FBB                     ECCPR1L         equ	4027	;# 
   840   000FBC                     ECCPR1H         equ	4028	;# 
   841   000FBD                     CCP1CON         equ	4029	;# 
   842   000FBE                     CCPR1           equ	4030	;# 
   843   000FBE                     CCPR1L          equ	4030	;# 
   844   000FBF                     CCPR1H          equ	4031	;# 
   845   000FC0                     ADCON2          equ	4032	;# 
   846   000FC1                     ADCON1          equ	4033	;# 
   847   000FC2                     ADCON0          equ	4034	;# 
   848   000FC3                     ADRES           equ	4035	;# 
   849   000FC3                     ADRESL          equ	4035	;# 
   850   000FC4                     ADRESH          equ	4036	;# 
   851   000FC5                     SSPCON2         equ	4037	;# 
   852   000FC6                     SSPCON1         equ	4038	;# 
   853   000FC7                     SSPSTAT         equ	4039	;# 
   854   000FC8                     SSPADD          equ	4040	;# 
   855   000FC9                     SSPBUF          equ	4041	;# 
   856   000FCA                     T2CON           equ	4042	;# 
   857   000FCB                     PR2             equ	4043	;# 
   858   000FCB                     MEMCON          equ	4043	;# 
   859   000FCC                     TMR2            equ	4044	;# 
   860   000FCD                     T1CON           equ	4045	;# 
   861   000FCE                     TMR1            equ	4046	;# 
   862   000FCE                     TMR1L           equ	4046	;# 
   863   000FCF                     TMR1H           equ	4047	;# 
   864   000FD0                     RCON            equ	4048	;# 
   865   000FD1                     WDTCON          equ	4049	;# 
   866   000FD2                     HLVDCON         equ	4050	;# 
   867   000FD2                     LVDCON          equ	4050	;# 
   868   000FD3                     OSCCON          equ	4051	;# 
   869   000FD5                     T0CON           equ	4053	;# 
   870   000FD6                     TMR0            equ	4054	;# 
   871   000FD6                     TMR0L           equ	4054	;# 
   872   000FD7                     TMR0H           equ	4055	;# 
   873   000FD8                     STATUS          equ	4056	;# 
   874   000FD9                     FSR2            equ	4057	;# 
   875   000FD9                     FSR2L           equ	4057	;# 
   876   000FDA                     FSR2H           equ	4058	;# 
   877   000FDB                     PLUSW2          equ	4059	;# 
   878   000FDC                     PREINC2         equ	4060	;# 
   879   000FDD                     POSTDEC2        equ	4061	;# 
   880   000FDE                     POSTINC2        equ	4062	;# 
   881   000FDF                     INDF2           equ	4063	;# 
   882   000FE0                     BSR             equ	4064	;# 
   883   000FE1                     FSR1            equ	4065	;# 
   884   000FE1                     FSR1L           equ	4065	;# 
   885   000FE2                     FSR1H           equ	4066	;# 
   886   000FE3                     PLUSW1          equ	4067	;# 
   887   000FE4                     PREINC1         equ	4068	;# 
   888   000FE5                     POSTDEC1        equ	4069	;# 
   889   000FE6                     POSTINC1        equ	4070	;# 
   890   000FE7                     INDF1           equ	4071	;# 
   891   000FE8                     WREG            equ	4072	;# 
   892   000FE9                     FSR0            equ	4073	;# 
   893   000FE9                     FSR0L           equ	4073	;# 
   894   000FEA                     FSR0H           equ	4074	;# 
   895   000FEB                     PLUSW0          equ	4075	;# 
   896   000FEC                     PREINC0         equ	4076	;# 
   897   000FED                     POSTDEC0        equ	4077	;# 
   898   000FEE                     POSTINC0        equ	4078	;# 
   899   000FEF                     INDF0           equ	4079	;# 
   900   000FF0                     INTCON3         equ	4080	;# 
   901   000FF1                     INTCON2         equ	4081	;# 
   902   000FF2                     INTCON          equ	4082	;# 
   903   000FF3                     PROD            equ	4083	;# 
   904   000FF3                     PRODL           equ	4083	;# 
   905   000FF4                     PRODH           equ	4084	;# 
   906   000FF5                     TABLAT          equ	4085	;# 
   907   000FF6                     TBLPTR          equ	4086	;# 
   908   000FF6                     TBLPTRL         equ	4086	;# 
   909   000FF7                     TBLPTRH         equ	4087	;# 
   910   000FF8                     TBLPTRU         equ	4088	;# 
   911   000FF9                     PCLAT           equ	4089	;# 
   912   000FF9                     PC              equ	4089	;# 
   913   000FF9                     PCL             equ	4089	;# 
   914   000FFA                     PCLATH          equ	4090	;# 
   915   000FFB                     PCLATU          equ	4091	;# 
   916   000FFC                     STKPTR          equ	4092	;# 
   917   000FFD                     TOS             equ	4093	;# 
   918   000FFD                     TOSL            equ	4093	;# 
   919   000FFE                     TOSH            equ	4094	;# 
   920   000FFF                     TOSU            equ	4095	;# 
   921   000D60                     RXF6SIDH        equ	3424	;# 
   922   000D61                     RXF6SIDL        equ	3425	;# 
   923   000D62                     RXF6EIDH        equ	3426	;# 
   924   000D63                     RXF6EIDL        equ	3427	;# 
   925   000D64                     RXF7SIDH        equ	3428	;# 
   926   000D65                     RXF7SIDL        equ	3429	;# 
   927   000D66                     RXF7EIDH        equ	3430	;# 
   928   000D67                     RXF7EIDL        equ	3431	;# 
   929   000D68                     RXF8SIDH        equ	3432	;# 
   930   000D69                     RXF8SIDL        equ	3433	;# 
   931   000D6A                     RXF8EIDH        equ	3434	;# 
   932   000D6B                     RXF8EIDL        equ	3435	;# 
   933   000D70                     RXF9SIDH        equ	3440	;# 
   934   000D71                     RXF9SIDL        equ	3441	;# 
   935   000D72                     RXF9EIDH        equ	3442	;# 
   936   000D73                     RXF9EIDL        equ	3443	;# 
   937   000D74                     RXF10SIDH       equ	3444	;# 
   938   000D75                     RXF10SIDL       equ	3445	;# 
   939   000D76                     RXF10EIDH       equ	3446	;# 
   940   000D77                     RXF10EIDL       equ	3447	;# 
   941   000D78                     RXF11SIDH       equ	3448	;# 
   942   000D79                     RXF11SIDL       equ	3449	;# 
   943   000D7A                     RXF11EIDH       equ	3450	;# 
   944   000D7B                     RXF11EIDL       equ	3451	;# 
   945   000D80                     RXF12SIDH       equ	3456	;# 
   946   000D81                     RXF12SIDL       equ	3457	;# 
   947   000D82                     RXF12EIDH       equ	3458	;# 
   948   000D83                     RXF12EIDL       equ	3459	;# 
   949   000D84                     RXF13SIDH       equ	3460	;# 
   950   000D85                     RXF13SIDL       equ	3461	;# 
   951   000D86                     RXF13EIDH       equ	3462	;# 
   952   000D87                     RXF13EIDL       equ	3463	;# 
   953   000D88                     RXF14SIDH       equ	3464	;# 
   954   000D89                     RXF14SIDL       equ	3465	;# 
   955   000D8A                     RXF14EIDH       equ	3466	;# 
   956   000D8B                     RXF14EIDL       equ	3467	;# 
   957   000D90                     RXF15SIDH       equ	3472	;# 
   958   000D91                     RXF15SIDL       equ	3473	;# 
   959   000D92                     RXF15EIDH       equ	3474	;# 
   960   000D93                     RXF15EIDL       equ	3475	;# 
   961   000DD4                     RXFCON0         equ	3540	;# 
   962   000DD5                     RXFCON1         equ	3541	;# 
   963   000DD8                     SDFLC           equ	3544	;# 
   964   000DE0                     RXFBCON0        equ	3552	;# 
   965   000DE1                     RXFBCON1        equ	3553	;# 
   966   000DE2                     RXFBCON2        equ	3554	;# 
   967   000DE3                     RXFBCON3        equ	3555	;# 
   968   000DE4                     RXFBCON4        equ	3556	;# 
   969   000DE5                     RXFBCON5        equ	3557	;# 
   970   000DE6                     RXFBCON6        equ	3558	;# 
   971   000DE7                     RXFBCON7        equ	3559	;# 
   972   000DF0                     MSEL0           equ	3568	;# 
   973   000DF1                     MSEL1           equ	3569	;# 
   974   000DF2                     MSEL2           equ	3570	;# 
   975   000DF3                     MSEL3           equ	3571	;# 
   976   000DF8                     BSEL0           equ	3576	;# 
   977   000DFA                     BIE0            equ	3578	;# 
   978   000DFC                     TXBIE           equ	3580	;# 
   979   000E20                     B0CON           equ	3616	;# 
   980   000E21                     B0SIDH          equ	3617	;# 
   981   000E22                     B0SIDL          equ	3618	;# 
   982   000E23                     B0EIDH          equ	3619	;# 
   983   000E24                     B0EIDL          equ	3620	;# 
   984   000E25                     B0DLC           equ	3621	;# 
   985   000E26                     B0D0            equ	3622	;# 
   986   000E27                     B0D1            equ	3623	;# 
   987   000E28                     B0D2            equ	3624	;# 
   988   000E29                     B0D3            equ	3625	;# 
   989   000E2A                     B0D4            equ	3626	;# 
   990   000E2B                     B0D5            equ	3627	;# 
   991   000E2C                     B0D6            equ	3628	;# 
   992   000E2D                     B0D7            equ	3629	;# 
   993   000E2E                     CANSTAT_RO9     equ	3630	;# 
   994   000E2F                     CANCON_RO9      equ	3631	;# 
   995   000E30                     B1CON           equ	3632	;# 
   996   000E31                     B1SIDH          equ	3633	;# 
   997   000E32                     B1SIDL          equ	3634	;# 
   998   000E33                     B1EIDH          equ	3635	;# 
   999   000E34                     B1EIDL          equ	3636	;# 
  1000   000E35                     B1DLC           equ	3637	;# 
  1001   000E36                     B1D0            equ	3638	;# 
  1002   000E37                     B1D1            equ	3639	;# 
  1003   000E38                     B1D2            equ	3640	;# 
  1004   000E39                     B1D3            equ	3641	;# 
  1005   000E3A                     B1D4            equ	3642	;# 
  1006   000E3B                     B1D5            equ	3643	;# 
  1007   000E3C                     B1D6            equ	3644	;# 
  1008   000E3D                     B1D7            equ	3645	;# 
  1009   000E3E                     CANSTAT_RO8     equ	3646	;# 
  1010   000E3F                     CANCON_RO8      equ	3647	;# 
  1011   000E40                     B2CON           equ	3648	;# 
  1012   000E41                     B2SIDH          equ	3649	;# 
  1013   000E42                     B2SIDL          equ	3650	;# 
  1014   000E43                     B2EIDH          equ	3651	;# 
  1015   000E44                     B2EIDL          equ	3652	;# 
  1016   000E45                     B2DLC           equ	3653	;# 
  1017   000E46                     B2D0            equ	3654	;# 
  1018   000E47                     B2D1            equ	3655	;# 
  1019   000E48                     B2D2            equ	3656	;# 
  1020   000E49                     B2D3            equ	3657	;# 
  1021   000E4A                     B2D4            equ	3658	;# 
  1022   000E4B                     B2D5            equ	3659	;# 
  1023   000E4C                     B2D6            equ	3660	;# 
  1024   000E4D                     B2D7            equ	3661	;# 
  1025   000E4E                     CANSTAT_RO7     equ	3662	;# 
  1026   000E4F                     CANCON_RO7      equ	3663	;# 
  1027   000E50                     B3CON           equ	3664	;# 
  1028   000E51                     B3SIDH          equ	3665	;# 
  1029   000E52                     B3SIDL          equ	3666	;# 
  1030   000E53                     B3EIDH          equ	3667	;# 
  1031   000E54                     B3EIDL          equ	3668	;# 
  1032   000E55                     B3DLC           equ	3669	;# 
  1033   000E56                     B3D0            equ	3670	;# 
  1034   000E57                     B3D1            equ	3671	;# 
  1035   000E58                     B3D2            equ	3672	;# 
  1036   000E59                     B3D3            equ	3673	;# 
  1037   000E5A                     B3D4            equ	3674	;# 
  1038   000E5B                     B3D5            equ	3675	;# 
  1039   000E5C                     B3D6            equ	3676	;# 
  1040   000E5D                     B3D7            equ	3677	;# 
  1041   000E5E                     CANSTAT_RO6     equ	3678	;# 
  1042   000E5F                     CANCON_RO6      equ	3679	;# 
  1043   000E60                     B4CON           equ	3680	;# 
  1044   000E61                     B4SIDH          equ	3681	;# 
  1045   000E62                     B4SIDL          equ	3682	;# 
  1046   000E63                     B4EIDH          equ	3683	;# 
  1047   000E64                     B4EIDL          equ	3684	;# 
  1048   000E65                     B4DLC           equ	3685	;# 
  1049   000E66                     B4D0            equ	3686	;# 
  1050   000E67                     B4D1            equ	3687	;# 
  1051   000E68                     B4D2            equ	3688	;# 
  1052   000E69                     B4D3            equ	3689	;# 
  1053   000E6A                     B4D4            equ	3690	;# 
  1054   000E6B                     B4D5            equ	3691	;# 
  1055   000E6C                     B4D6            equ	3692	;# 
  1056   000E6D                     B4D7            equ	3693	;# 
  1057   000E6E                     CANSTAT_RO5     equ	3694	;# 
  1058   000E6F                     CANCON_RO5      equ	3695	;# 
  1059   000E70                     B5CON           equ	3696	;# 
  1060   000E71                     B5SIDH          equ	3697	;# 
  1061   000E72                     B5SIDL          equ	3698	;# 
  1062   000E73                     B5EIDH          equ	3699	;# 
  1063   000E74                     B5EIDL          equ	3700	;# 
  1064   000E75                     B5DLC           equ	3701	;# 
  1065   000E76                     B5D0            equ	3702	;# 
  1066   000E77                     B5D1            equ	3703	;# 
  1067   000E78                     B5D2            equ	3704	;# 
  1068   000E79                     B5D3            equ	3705	;# 
  1069   000E7A                     B5D4            equ	3706	;# 
  1070   000E7B                     B5D5            equ	3707	;# 
  1071   000E7C                     B5D6            equ	3708	;# 
  1072   000E7D                     B5D7            equ	3709	;# 
  1073   000E7E                     CANSTAT_RO4     equ	3710	;# 
  1074   000E7F                     CANCON_RO4      equ	3711	;# 
  1075   000F00                     RXF0SIDH        equ	3840	;# 
  1076   000F01                     RXF0SIDL        equ	3841	;# 
  1077   000F02                     RXF0EIDH        equ	3842	;# 
  1078   000F03                     RXF0EIDL        equ	3843	;# 
  1079   000F04                     RXF1SIDH        equ	3844	;# 
  1080   000F05                     RXF1SIDL        equ	3845	;# 
  1081   000F06                     RXF1EIDH        equ	3846	;# 
  1082   000F07                     RXF1EIDL        equ	3847	;# 
  1083   000F08                     RXF2SIDH        equ	3848	;# 
  1084   000F09                     RXF2SIDL        equ	3849	;# 
  1085   000F0A                     RXF2EIDH        equ	3850	;# 
  1086   000F0B                     RXF2EIDL        equ	3851	;# 
  1087   000F0C                     RXF3SIDH        equ	3852	;# 
  1088   000F0D                     RXF3SIDL        equ	3853	;# 
  1089   000F0E                     RXF3EIDH        equ	3854	;# 
  1090   000F0F                     RXF3EIDL        equ	3855	;# 
  1091   000F10                     RXF4SIDH        equ	3856	;# 
  1092   000F11                     RXF4SIDL        equ	3857	;# 
  1093   000F12                     RXF4EIDH        equ	3858	;# 
  1094   000F13                     RXF4EIDL        equ	3859	;# 
  1095   000F14                     RXF5SIDH        equ	3860	;# 
  1096   000F15                     RXF5SIDL        equ	3861	;# 
  1097   000F16                     RXF5EIDH        equ	3862	;# 
  1098   000F17                     RXF5EIDL        equ	3863	;# 
  1099   000F18                     RXM0SIDH        equ	3864	;# 
  1100   000F19                     RXM0SIDL        equ	3865	;# 
  1101   000F1A                     RXM0EIDH        equ	3866	;# 
  1102   000F1B                     RXM0EIDL        equ	3867	;# 
  1103   000F1C                     RXM1SIDH        equ	3868	;# 
  1104   000F1D                     RXM1SIDL        equ	3869	;# 
  1105   000F1E                     RXM1EIDH        equ	3870	;# 
  1106   000F1F                     RXM1EIDL        equ	3871	;# 
  1107   000F20                     TXB2CON         equ	3872	;# 
  1108   000F21                     TXB2SIDH        equ	3873	;# 
  1109   000F22                     TXB2SIDL        equ	3874	;# 
  1110   000F23                     TXB2EIDH        equ	3875	;# 
  1111   000F24                     TXB2EIDL        equ	3876	;# 
  1112   000F25                     TXB2DLC         equ	3877	;# 
  1113   000F26                     TXB2D0          equ	3878	;# 
  1114   000F27                     TXB2D1          equ	3879	;# 
  1115   000F28                     TXB2D2          equ	3880	;# 
  1116   000F29                     TXB2D3          equ	3881	;# 
  1117   000F2A                     TXB2D4          equ	3882	;# 
  1118   000F2B                     TXB2D5          equ	3883	;# 
  1119   000F2C                     TXB2D6          equ	3884	;# 
  1120   000F2D                     TXB2D7          equ	3885	;# 
  1121   000F2E                     CANSTAT_RO3     equ	3886	;# 
  1122   000F2F                     CANCON_RO3      equ	3887	;# 
  1123   000F30                     TXB1CON         equ	3888	;# 
  1124   000F31                     TXB1SIDH        equ	3889	;# 
  1125   000F32                     TXB1SIDL        equ	3890	;# 
  1126   000F33                     TXB1EIDH        equ	3891	;# 
  1127   000F34                     TXB1EIDL        equ	3892	;# 
  1128   000F35                     TXB1DLC         equ	3893	;# 
  1129   000F36                     TXB1D0          equ	3894	;# 
  1130   000F37                     TXB1D1          equ	3895	;# 
  1131   000F38                     TXB1D2          equ	3896	;# 
  1132   000F39                     TXB1D3          equ	3897	;# 
  1133   000F3A                     TXB1D4          equ	3898	;# 
  1134   000F3B                     TXB1D5          equ	3899	;# 
  1135   000F3C                     TXB1D6          equ	3900	;# 
  1136   000F3D                     TXB1D7          equ	3901	;# 
  1137   000F3E                     CANSTAT_RO2     equ	3902	;# 
  1138   000F3F                     CANCON_RO2      equ	3903	;# 
  1139   000F40                     TXB0CON         equ	3904	;# 
  1140   000F41                     TXB0SIDH        equ	3905	;# 
  1141   000F42                     TXB0SIDL        equ	3906	;# 
  1142   000F43                     TXB0EIDH        equ	3907	;# 
  1143   000F44                     TXB0EIDL        equ	3908	;# 
  1144   000F45                     TXB0DLC         equ	3909	;# 
  1145   000F46                     TXB0D0          equ	3910	;# 
  1146   000F47                     TXB0D1          equ	3911	;# 
  1147   000F48                     TXB0D2          equ	3912	;# 
  1148   000F49                     TXB0D3          equ	3913	;# 
  1149   000F4A                     TXB0D4          equ	3914	;# 
  1150   000F4B                     TXB0D5          equ	3915	;# 
  1151   000F4C                     TXB0D6          equ	3916	;# 
  1152   000F4D                     TXB0D7          equ	3917	;# 
  1153   000F4E                     CANSTAT_RO1     equ	3918	;# 
  1154   000F4F                     CANCON_RO1      equ	3919	;# 
  1155   000F50                     RXB1CON         equ	3920	;# 
  1156   000F51                     RXB1SIDH        equ	3921	;# 
  1157   000F52                     RXB1SIDL        equ	3922	;# 
  1158   000F53                     RXB1EIDH        equ	3923	;# 
  1159   000F54                     RXB1EIDL        equ	3924	;# 
  1160   000F55                     RXB1DLC         equ	3925	;# 
  1161   000F56                     RXB1D0          equ	3926	;# 
  1162   000F57                     RXB1D1          equ	3927	;# 
  1163   000F58                     RXB1D2          equ	3928	;# 
  1164   000F59                     RXB1D3          equ	3929	;# 
  1165   000F5A                     RXB1D4          equ	3930	;# 
  1166   000F5B                     RXB1D5          equ	3931	;# 
  1167   000F5C                     RXB1D6          equ	3932	;# 
  1168   000F5D                     RXB1D7          equ	3933	;# 
  1169   000F5E                     CANSTAT_RO0     equ	3934	;# 
  1170   000F5F                     CANCON_RO0      equ	3935	;# 
  1171   000F60                     RXB0CON         equ	3936	;# 
  1172   000F61                     RXB0SIDH        equ	3937	;# 
  1173   000F62                     RXB0SIDL        equ	3938	;# 
  1174   000F63                     RXB0EIDH        equ	3939	;# 
  1175   000F64                     RXB0EIDL        equ	3940	;# 
  1176   000F65                     RXB0DLC         equ	3941	;# 
  1177   000F66                     RXB0D0          equ	3942	;# 
  1178   000F67                     RXB0D1          equ	3943	;# 
  1179   000F68                     RXB0D2          equ	3944	;# 
  1180   000F69                     RXB0D3          equ	3945	;# 
  1181   000F6A                     RXB0D4          equ	3946	;# 
  1182   000F6B                     RXB0D5          equ	3947	;# 
  1183   000F6C                     RXB0D6          equ	3948	;# 
  1184   000F6D                     RXB0D7          equ	3949	;# 
  1185   000F6E                     CANSTAT         equ	3950	;# 
  1186   000F6F                     CANCON          equ	3951	;# 
  1187   000F70                     BRGCON1         equ	3952	;# 
  1188   000F71                     BRGCON2         equ	3953	;# 
  1189   000F72                     BRGCON3         equ	3954	;# 
  1190   000F73                     CIOCON          equ	3955	;# 
  1191   000F74                     COMSTAT         equ	3956	;# 
  1192   000F75                     RXERRCNT        equ	3957	;# 
  1193   000F76                     TXERRCNT        equ	3958	;# 
  1194   000F77                     ECANCON         equ	3959	;# 
  1195   000F80                     PORTA           equ	3968	;# 
  1196   000F81                     PORTB           equ	3969	;# 
  1197   000F82                     PORTC           equ	3970	;# 
  1198   000F83                     PORTD           equ	3971	;# 
  1199   000F84                     PORTE           equ	3972	;# 
  1200   000F89                     LATA            equ	3977	;# 
  1201   000F8A                     LATB            equ	3978	;# 
  1202   000F8B                     LATC            equ	3979	;# 
  1203   000F8C                     LATD            equ	3980	;# 
  1204   000F8D                     LATE            equ	3981	;# 
  1205   000F92                     TRISA           equ	3986	;# 
  1206   000F92                     DDRA            equ	3986	;# 
  1207   000F93                     TRISB           equ	3987	;# 
  1208   000F93                     DDRB            equ	3987	;# 
  1209   000F94                     TRISC           equ	3988	;# 
  1210   000F94                     DDRC            equ	3988	;# 
  1211   000F95                     TRISD           equ	3989	;# 
  1212   000F95                     DDRD            equ	3989	;# 
  1213   000F96                     TRISE           equ	3990	;# 
  1214   000F96                     DDRE            equ	3990	;# 
  1215   000F9B                     OSCTUNE         equ	3995	;# 
  1216   000F9D                     PIE1            equ	3997	;# 
  1217   000F9E                     PIR1            equ	3998	;# 
  1218   000F9F                     IPR1            equ	3999	;# 
  1219   000FA0                     PIE2            equ	4000	;# 
  1220   000FA1                     PIR2            equ	4001	;# 
  1221   000FA2                     IPR2            equ	4002	;# 
  1222   000FA3                     PIE3            equ	4003	;# 
  1223   000FA4                     PIR3            equ	4004	;# 
  1224   000FA5                     IPR3            equ	4005	;# 
  1225   000FA6                     EECON1          equ	4006	;# 
  1226   000FA7                     EECON2          equ	4007	;# 
  1227   000FA8                     EEDATA          equ	4008	;# 
  1228   000FA9                     EEADR           equ	4009	;# 
  1229   000FAB                     RCSTA           equ	4011	;# 
  1230   000FAB                     RCSTA1          equ	4011	;# 
  1231   000FAC                     TXSTA           equ	4012	;# 
  1232   000FAC                     TXSTA1          equ	4012	;# 
  1233   000FAD                     TXREG           equ	4013	;# 
  1234   000FAD                     TXREG1          equ	4013	;# 
  1235   000FAE                     RCREG           equ	4014	;# 
  1236   000FAE                     RCREG1          equ	4014	;# 
  1237   000FAF                     SPBRG           equ	4015	;# 
  1238   000FAF                     SPBRG1          equ	4015	;# 
  1239   000FB0                     SPBRGH          equ	4016	;# 
  1240   000FB1                     T3CON           equ	4017	;# 
  1241   000FB2                     TMR3            equ	4018	;# 
  1242   000FB2                     TMR3L           equ	4018	;# 
  1243   000FB3                     TMR3H           equ	4019	;# 
  1244   000FB4                     CMCON           equ	4020	;# 
  1245   000FB5                     CVRCON          equ	4021	;# 
  1246   000FB6                     ECCP1AS         equ	4022	;# 
  1247   000FB7                     ECCP1DEL        equ	4023	;# 
  1248   000FB8                     BAUDCON         equ	4024	;# 
  1249   000FB8                     BAUDCTL         equ	4024	;# 
  1250   000FBA                     ECCP1CON        equ	4026	;# 
  1251   000FBB                     ECCPR1          equ	4027	;# 
  1252   000FBB                     ECCPR1L         equ	4027	;# 
  1253   000FBC                     ECCPR1H         equ	4028	;# 
  1254   000FBD                     CCP1CON         equ	4029	;# 
  1255   000FBE                     CCPR1           equ	4030	;# 
  1256   000FBE                     CCPR1L          equ	4030	;# 
  1257   000FBF                     CCPR1H          equ	4031	;# 
  1258   000FC0                     ADCON2          equ	4032	;# 
  1259   000FC1                     ADCON1          equ	4033	;# 
  1260   000FC2                     ADCON0          equ	4034	;# 
  1261   000FC3                     ADRES           equ	4035	;# 
  1262   000FC3                     ADRESL          equ	4035	;# 
  1263   000FC4                     ADRESH          equ	4036	;# 
  1264   000FC5                     SSPCON2         equ	4037	;# 
  1265   000FC6                     SSPCON1         equ	4038	;# 
  1266   000FC7                     SSPSTAT         equ	4039	;# 
  1267   000FC8                     SSPADD          equ	4040	;# 
  1268   000FC9                     SSPBUF          equ	4041	;# 
  1269   000FCA                     T2CON           equ	4042	;# 
  1270   000FCB                     PR2             equ	4043	;# 
  1271   000FCB                     MEMCON          equ	4043	;# 
  1272   000FCC                     TMR2            equ	4044	;# 
  1273   000FCD                     T1CON           equ	4045	;# 
  1274   000FCE                     TMR1            equ	4046	;# 
  1275   000FCE                     TMR1L           equ	4046	;# 
  1276   000FCF                     TMR1H           equ	4047	;# 
  1277   000FD0                     RCON            equ	4048	;# 
  1278   000FD1                     WDTCON          equ	4049	;# 
  1279   000FD2                     HLVDCON         equ	4050	;# 
  1280   000FD2                     LVDCON          equ	4050	;# 
  1281   000FD3                     OSCCON          equ	4051	;# 
  1282   000FD5                     T0CON           equ	4053	;# 
  1283   000FD6                     TMR0            equ	4054	;# 
  1284   000FD6                     TMR0L           equ	4054	;# 
  1285   000FD7                     TMR0H           equ	4055	;# 
  1286   000FD8                     STATUS          equ	4056	;# 
  1287   000FD9                     FSR2            equ	4057	;# 
  1288   000FD9                     FSR2L           equ	4057	;# 
  1289   000FDA                     FSR2H           equ	4058	;# 
  1290   000FDB                     PLUSW2          equ	4059	;# 
  1291   000FDC                     PREINC2         equ	4060	;# 
  1292   000FDD                     POSTDEC2        equ	4061	;# 
  1293   000FDE                     POSTINC2        equ	4062	;# 
  1294   000FDF                     INDF2           equ	4063	;# 
  1295   000FE0                     BSR             equ	4064	;# 
  1296   000FE1                     FSR1            equ	4065	;# 
  1297   000FE1                     FSR1L           equ	4065	;# 
  1298   000FE2                     FSR1H           equ	4066	;# 
  1299   000FE3                     PLUSW1          equ	4067	;# 
  1300   000FE4                     PREINC1         equ	4068	;# 
  1301   000FE5                     POSTDEC1        equ	4069	;# 
  1302   000FE6                     POSTINC1        equ	4070	;# 
  1303   000FE7                     INDF1           equ	4071	;# 
  1304   000FE8                     WREG            equ	4072	;# 
  1305   000FE9                     FSR0            equ	4073	;# 
  1306   000FE9                     FSR0L           equ	4073	;# 
  1307   000FEA                     FSR0H           equ	4074	;# 
  1308   000FEB                     PLUSW0          equ	4075	;# 
  1309   000FEC                     PREINC0         equ	4076	;# 
  1310   000FED                     POSTDEC0        equ	4077	;# 
  1311   000FEE                     POSTINC0        equ	4078	;# 
  1312   000FEF                     INDF0           equ	4079	;# 
  1313   000FF0                     INTCON3         equ	4080	;# 
  1314   000FF1                     INTCON2         equ	4081	;# 
  1315   000FF2                     INTCON          equ	4082	;# 
  1316   000FF3                     PROD            equ	4083	;# 
  1317   000FF3                     PRODL           equ	4083	;# 
  1318   000FF4                     PRODH           equ	4084	;# 
  1319   000FF5                     TABLAT          equ	4085	;# 
  1320   000FF6                     TBLPTR          equ	4086	;# 
  1321   000FF6                     TBLPTRL         equ	4086	;# 
  1322   000FF7                     TBLPTRH         equ	4087	;# 
  1323   000FF8                     TBLPTRU         equ	4088	;# 
  1324   000FF9                     PCLAT           equ	4089	;# 
  1325   000FF9                     PC              equ	4089	;# 
  1326   000FF9                     PCL             equ	4089	;# 
  1327   000FFA                     PCLATH          equ	4090	;# 
  1328   000FFB                     PCLATU          equ	4091	;# 
  1329   000FFC                     STKPTR          equ	4092	;# 
  1330   000FFD                     TOS             equ	4093	;# 
  1331   000FFD                     TOSL            equ	4093	;# 
  1332   000FFE                     TOSH            equ	4094	;# 
  1333   000FFF                     TOSU            equ	4095	;# 
  1334   000FC1                     _ADCON1         set	4033
  1335   007C10                     _RC0            set	31760
  1336   007C0F                     _RB7            set	31759
  1337   007C98                     _TRISB0         set	31896
  1338   007C9F                     _TRISB7         set	31903
  1339   007F94                     _INT0IE         set	32660
  1340   007F91                     _INT0IF         set	32657
  1341   007F8E                     _INTEDG0        set	32654
  1342                           
  1343                           ; #config settings
  1344                           
  1345                           	psect	cinit
  1346   0006DA                     __pcinit:
  1347                           	callstack 0
  1348   0006DA                     start_initialization:
  1349                           	callstack 0
  1350   0006DA                     __initialization:
  1351                           	callstack 0
  1352                           
  1353                           ; Clear objects allocated to COMRAM (1 bytes)
  1354   0006DA  6A08               	clrf	__pbssCOMRAM& (0+255),c
  1355   0006DC                     end_of_initialization:
  1356                           	callstack 0
  1357   0006DC                     __end_of__initialization:
  1358                           	callstack 0
  1359   0006DC  9001               	bcf	int$flags,0,c	;clear compiler interrupt flag (level 1)
  1360   0006DE  9201               	bcf	int$flags,1,c	;clear compiler interrupt flag (level 2)
  1361   0006E0  0100               	movlb	0
  1362   0006E2  EF01  F003         	goto	_main	;jump to C main() function
  1363                           
  1364                           	psect	bssCOMRAM
  1365   000008                     __pbssCOMRAM:
  1366                           	callstack 0
  1367   000008                     _key_detected:
  1368                           	callstack 0
  1369   000008                     	ds	1
  1370                           
  1371                           	psect	cstackCOMRAM
  1372   000002                     __pcstackCOMRAM:
  1373                           	callstack 0
  1374   000002                     main@wait1:
  1375                           	callstack 0
  1376   000002                     
  1377                           ; 1 bytes @ 0x0
  1378   000002                     	ds	2
  1379   000004                     main@wait2:
  1380                           	callstack 0
  1381                           
  1382                           ; 2 bytes @ 0x2
  1383   000004                     	ds	2
  1384   000006                     main@once:
  1385                           	callstack 0
  1386                           
  1387                           ; 2 bytes @ 0x4
  1388   000006                     	ds	2
  1389                           
  1390 ;;
  1391 ;;Main: autosize = 0, tempsize = 0, incstack = 0, save=0
  1392 ;;
  1393 ;; *************** function _main *****************
  1394 ;; Defined at:
  1395 ;;		line 23 in file "main.c"
  1396 ;; Parameters:    Size  Location     Type
  1397 ;;		None
  1398 ;; Auto vars:     Size  Location     Type
  1399 ;;  once            2    4[COMRAM] unsigned short 
  1400 ;;  wait2           2    2[COMRAM] unsigned short 
  1401 ;;  wait1           2    0[COMRAM] unsigned short 
  1402 ;; Return value:  Size  Location     Type
  1403 ;;                  1    wreg      void 
  1404 ;; Registers used:
  1405 ;;		wreg, status,2, status,0, cstack
  1406 ;; Tracked objects:
  1407 ;;		On entry : 0/0
  1408 ;;		On exit  : 0/0
  1409 ;;		Unchanged: 0/0
  1410 ;; Data sizes:     COMRAM   BANK0   BANK1   BANK2   BANK3   BANK4   BANK5
  1411 ;;      Params:         0       0       0       0       0       0       0
  1412 ;;      Locals:         6       0       0       0       0       0       0
  1413 ;;      Temps:          0       0       0       0       0       0       0
  1414 ;;      Totals:         6       0       0       0       0       0       0
  1415 ;;Total ram usage:        6 bytes
  1416 ;; Hardware stack levels required when called: 2
  1417 ;; This function calls:
  1418 ;;		_init_config
  1419 ;; This function is called by:
  1420 ;;		Startup code after reset
  1421 ;; This function uses a non-reentrant model
  1422 ;;
  1423                           
  1424                           	psect	text0
  1425   000602                     __ptext0:
  1426                           	callstack 0
  1427   000602                     _main:
  1428                           	callstack 29
  1429   000602                     
  1430                           ;main.c: 24:     unsigned short wait1;;main.c: 25:     unsigned short wait2;;main.c: 26:
      +                               unsigned short once = 1;
  1431   000602  6A07               	clrf	(main@once+1)^0,c
  1432   000604  0E01               	movlw	1
  1433   000606  6E06               	movwf	main@once^0,c
  1434   000608                     
  1435                           ;main.c: 27:     init_config();
  1436   000608  EC73  F003         	call	_init_config	;wreg free
  1437   00060C                     l856:
  1438                           
  1439                           ;main.c: 30:         if (key_detected) {
  1440   00060C  5008               	movf	_key_detected^0,w,c
  1441   00060E  B4D8               	btfsc	status,2,c
  1442   000610  EF0C  F003         	goto	u21
  1443   000614  EF0E  F003         	goto	u20
  1444   000618                     u21:
  1445   000618  EF18  F003         	goto	l40
  1446   00061C                     u20:
  1447   00061C                     
  1448                           ;main.c: 31:             key_detected = 0;
  1449   00061C  6A08               	clrf	_key_detected^0,c
  1450                           
  1451                           ;main.c: 32:             RB7 = !RB7;
  1452   00061E  AE81               	btfss	3969,7,c	;volatile
  1453   000620  EF14  F003         	goto	u31
  1454   000624  EF17  F003         	goto	u30
  1455   000628                     u31:
  1456   000628  8E81               	bsf	3969,7,c	;volatile
  1457   00062A  EF18  F003         	goto	u45
  1458   00062E                     u30:
  1459   00062E  9E81               	bcf	3969,7,c	;volatile
  1460   000630                     u45:
  1461   000630                     l40:
  1462                           
  1463                           ;main.c: 35:         if (!RC0 && once) {
  1464   000630  B082               	btfsc	3970,0,c	;volatile
  1465   000632  EF1D  F003         	goto	u51
  1466   000636  EF1F  F003         	goto	u50
  1467   00063A                     u51:
  1468   00063A  EF2F  F003         	goto	l41
  1469   00063E                     u50:
  1470   00063E  5006               	movf	main@once^0,w,c
  1471   000640  1007               	iorwf	(main@once+1)^0,w,c
  1472   000642  B4D8               	btfsc	status,2,c
  1473   000644  EF26  F003         	goto	u61
  1474   000648  EF28  F003         	goto	u60
  1475   00064C                     u61:
  1476   00064C  EF2F  F003         	goto	l41
  1477   000650                     u60:
  1478   000650                     
  1479                           ;main.c: 36:             once = 0;
  1480   000650  6A07               	clrf	(main@once+1)^0,c
  1481   000652  0E00               	movlw	0
  1482   000654  6E06               	movwf	main@once^0,c
  1483                           
  1484                           ;main.c: 37:             key_detected = 1;
  1485   000656  0E01               	movlw	1
  1486   000658  6E08               	movwf	_key_detected^0,c
  1487                           
  1488                           ;main.c: 38:         } else if (RC0) {
  1489   00065A  EF39  F003         	goto	l42
  1490   00065E                     l41:
  1491   00065E  A082               	btfss	3970,0,c	;volatile
  1492   000660  EF34  F003         	goto	u71
  1493   000664  EF36  F003         	goto	u70
  1494   000668                     u71:
  1495   000668  EF39  F003         	goto	l42
  1496   00066C                     u70:
  1497   00066C                     
  1498                           ;main.c: 39:             once = 1;
  1499   00066C  6A07               	clrf	(main@once+1)^0,c
  1500   00066E  0E01               	movlw	1
  1501   000670  6E06               	movwf	main@once^0,c
  1502   000672                     l42:
  1503                           
  1504                           ;main.c: 43:         for (wait1 = 50; wait1--;)
  1505   000672  6A03               	clrf	(main@wait1+1)^0,c
  1506   000674  0E32               	movlw	50
  1507   000676  6E02               	movwf	main@wait1^0,c
  1508   000678  EF4F  F003         	goto	l870
  1509   00067C                     l866:
  1510                           
  1511                           ;main.c: 44:             for (wait2 = 50000; wait2--;);
  1512   00067C  0EC3               	movlw	195
  1513   00067E  6E05               	movwf	(main@wait2+1)^0,c
  1514   000680  0E50               	movlw	80
  1515   000682  6E04               	movwf	main@wait2^0,c
  1516   000684                     l868:
  1517   000684  0604               	decf	main@wait2^0,f,c
  1518   000686  A0D8               	btfss	status,0,c
  1519   000688  0605               	decf	(main@wait2+1)^0,f,c
  1520   00068A  2804               	incf	main@wait2^0,w,c
  1521   00068C  E106               	bnz	u81
  1522   00068E  2805               	incf	(main@wait2+1)^0,w,c
  1523   000690  A4D8               	btfss	status,2,c
  1524   000692  EF4D  F003         	goto	u81
  1525   000696  EF4F  F003         	goto	u80
  1526   00069A                     u81:
  1527   00069A  EF42  F003         	goto	l868
  1528   00069E                     u80:
  1529   00069E                     l870:
  1530   00069E  0602               	decf	main@wait1^0,f,c
  1531   0006A0  A0D8               	btfss	status,0,c
  1532   0006A2  0603               	decf	(main@wait1+1)^0,f,c
  1533   0006A4  2802               	incf	main@wait1^0,w,c
  1534   0006A6  E106               	bnz	u91
  1535   0006A8  2803               	incf	(main@wait1+1)^0,w,c
  1536   0006AA  A4D8               	btfss	status,2,c
  1537   0006AC  EF5A  F003         	goto	u91
  1538   0006B0  EF5C  F003         	goto	u90
  1539   0006B4                     u91:
  1540   0006B4  EF3E  F003         	goto	l866
  1541   0006B8                     u90:
  1542   0006B8  EF06  F003         	goto	l856
  1543   0006BC  EF07  F000         	goto	start
  1544   0006C0                     __end_of_main:
  1545                           	callstack 0
  1546                           
  1547 ;; *************** function _init_config *****************
  1548 ;; Defined at:
  1549 ;;		line 10 in file "main.c"
  1550 ;; Parameters:    Size  Location     Type
  1551 ;;		None
  1552 ;; Auto vars:     Size  Location     Type
  1553 ;;		None
  1554 ;; Return value:  Size  Location     Type
  1555 ;;                  1    wreg      void 
  1556 ;; Registers used:
  1557 ;;		wreg, status,2
  1558 ;; Tracked objects:
  1559 ;;		On entry : 0/0
  1560 ;;		On exit  : 0/0
  1561 ;;		Unchanged: 0/0
  1562 ;; Data sizes:     COMRAM   BANK0   BANK1   BANK2   BANK3   BANK4   BANK5
  1563 ;;      Params:         0       0       0       0       0       0       0
  1564 ;;      Locals:         0       0       0       0       0       0       0
  1565 ;;      Temps:          0       0       0       0       0       0       0
  1566 ;;      Totals:         0       0       0       0       0       0       0
  1567 ;;Total ram usage:        0 bytes
  1568 ;; Hardware stack levels used: 1
  1569 ;; Hardware stack levels required when called: 1
  1570 ;; This function calls:
  1571 ;;		Nothing
  1572 ;; This function is called by:
  1573 ;;		_main
  1574 ;; This function uses a non-reentrant model
  1575 ;;
  1576                           
  1577                           	psect	text1
  1578   0006E6                     __ptext1:
  1579                           	callstack 0
  1580   0006E6                     _init_config:
  1581                           	callstack 29
  1582   0006E6                     
  1583                           ;main.c: 11:     ADCON1 = 0x0F;
  1584   0006E6  0E0F               	movlw	15
  1585   0006E8  6EC1               	movwf	193,c	;volatile
  1586   0006EA                     
  1587                           ;main.c: 13:     TRISB7 = 0;
  1588   0006EA  9E93               	bcf	3987,7,c	;volatile
  1589   0006EC                     
  1590                           ;main.c: 14:     TRISB0 = 1;
  1591   0006EC  8093               	bsf	3987,0,c	;volatile
  1592   0006EE  0012               	return		;funcret
  1593   0006F0                     __end_of_init_config:
  1594                           	callstack 0
  1595                           
  1596 ;; *************** function _isr *****************
  1597 ;; Defined at:
  1598 ;;		line 5 in file "isr.c"
  1599 ;; Parameters:    Size  Location     Type
  1600 ;;		None
  1601 ;; Auto vars:     Size  Location     Type
  1602 ;;		None
  1603 ;; Return value:  Size  Location     Type
  1604 ;;                  1    wreg      void 
  1605 ;; Registers used:
  1606 ;;		wreg, status,2
  1607 ;; Tracked objects:
  1608 ;;		On entry : 0/0
  1609 ;;		On exit  : 0/0
  1610 ;;		Unchanged: 0/0
  1611 ;; Data sizes:     COMRAM   BANK0   BANK1   BANK2   BANK3   BANK4   BANK5
  1612 ;;      Params:         0       0       0       0       0       0       0
  1613 ;;      Locals:         0       0       0       0       0       0       0
  1614 ;;      Temps:          0       0       0       0       0       0       0
  1615 ;;      Totals:         0       0       0       0       0       0       0
  1616 ;;Total ram usage:        0 bytes
  1617 ;; Hardware stack levels used: 1
  1618 ;; This function calls:
  1619 ;;		Nothing
  1620 ;; This function is called by:
  1621 ;;		Interrupt level 2
  1622 ;; This function uses a non-reentrant model
  1623 ;;
  1624                           
  1625                           	psect	intcode
  1626   000008                     __pintcode:
  1627                           	callstack 0
  1628   000008                     _isr:
  1629                           	callstack 29
  1630                           
  1631                           ;incstack = 0
  1632   000008  8201               	bsf	int$flags,1,c	;set compiler interrupt flag (level 2)
  1633   00000A  ED60  F003         	call	int_func,f	;refresh shadow registers
  1634                           
  1635                           	psect	intcode_body
  1636   0006C0                     __pintcode_body:
  1637                           	callstack 29
  1638   0006C0                     int_func:
  1639                           	callstack 29
  1640   0006C0  0006               	pop		; remove dummy address from shadow register refresh
  1641   0006C2                     
  1642                           ;isr.c: 7:  if (INT0IF == 1)
  1643   0006C2  A2F2               	btfss	4082,1,c	;volatile
  1644   0006C4  EF66  F003         	goto	i2u1_41
  1645   0006C8  EF68  F003         	goto	i2u1_40
  1646   0006CC                     i2u1_41:
  1647   0006CC  EF6B  F003         	goto	i2l19
  1648   0006D0                     i2u1_40:
  1649   0006D0                     
  1650                           ;isr.c: 8:  {;isr.c: 9:   key_detected = 1;
  1651   0006D0  0E01               	movlw	1
  1652   0006D2  6E08               	movwf	_key_detected^0,c
  1653   0006D4                     
  1654                           ;isr.c: 11:   INT0IF = 0;
  1655   0006D4  92F2               	bcf	4082,1,c	;volatile
  1656   0006D6                     i2l19:
  1657   0006D6  9201               	bcf	int$flags,1,c	;clear compiler interrupt flag (level 2)
  1658   0006D8  0011               	retfie		f
  1659   0006DA                     __end_of_isr:
  1660                           	callstack 0
  1661                           
  1662                           	psect	smallconst
  1663   000600                     __psmallconst:
  1664                           	callstack 0
  1665   000600  00                 	db	0
  1666   000601  00                 	db	0	; dummy byte at the end
  1667   000600                     __smallconst    set	__psmallconst
  1668   000600                     __mediumconst   set	__psmallconst
  1669   000000                     __activetblptr  equ	0
  1670                           
  1671                           	psect	rparam
  1672   000001                     ___rparam_used  equ	1
  1673   000000                     ___param_bank   equ	0
  1674   000000                     __Lparam        equ	__Lrparam
  1675   000000                     __Hparam        equ	__Hrparam
  1676   000001                     btemp           set	1	;btemp
  1677   000001                     int$flags       set	1
  1678   000001                     btemp0          set	1
  1679   000002                     btemp1          set	2
  1680                           
  1681                           	psect	idloc
  1682                           
  1683                           ;Config register IDLOC0 @ 0x200000
  1684                           ;	unspecified, using default values
  1685   200000                     	org	2097152
  1686   200000  FF                 	db	255
  1687                           
  1688                           ;Config register IDLOC1 @ 0x200001
  1689                           ;	unspecified, using default values
  1690   200001                     	org	2097153
  1691   200001  FF                 	db	255
  1692                           
  1693                           ;Config register IDLOC2 @ 0x200002
  1694                           ;	unspecified, using default values
  1695   200002                     	org	2097154
  1696   200002  FF                 	db	255
  1697                           
  1698                           ;Config register IDLOC3 @ 0x200003
  1699                           ;	unspecified, using default values
  1700   200003                     	org	2097155
  1701   200003  FF                 	db	255
  1702                           
  1703                           ;Config register IDLOC4 @ 0x200004
  1704                           ;	unspecified, using default values
  1705   200004                     	org	2097156
  1706   200004  FF                 	db	255
  1707                           
  1708                           ;Config register IDLOC5 @ 0x200005
  1709                           ;	unspecified, using default values
  1710   200005                     	org	2097157
  1711   200005  FF                 	db	255
  1712                           
  1713                           ;Config register IDLOC6 @ 0x200006
  1714                           ;	unspecified, using default values
  1715   200006                     	org	2097158
  1716   200006  FF                 	db	255
  1717                           
  1718                           ;Config register IDLOC7 @ 0x200007
  1719                           ;	unspecified, using default values
  1720   200007                     	org	2097159
  1721   200007  FF                 	db	255
  1722                           
  1723                           	psect	config
  1724                           
  1725                           ; Padding undefined space
  1726   300000                     	org	3145728
  1727   300000  FF                 	db	255
  1728                           
  1729                           ;Config register CONFIG1H @ 0x300001
  1730                           ;	unspecified, using default values
  1731                           ;	Oscillator Selection bits
  1732                           ;	OSC = 0x7, unprogrammed default
  1733                           ;	Fail-Safe Clock Monitor Enable bit
  1734                           ;	FCMEN = 0x0, unprogrammed default
  1735                           ;	Internal/External Oscillator Switchover bit
  1736                           ;	IESO = 0x0, unprogrammed default
  1737   300001                     	org	3145729
  1738   300001  07                 	db	7
  1739                           
  1740                           ;Config register CONFIG2L @ 0x300002
  1741                           ;	unspecified, using default values
  1742                           ;	Power-up Timer Enable bit
  1743                           ;	PWRT = 0x1, unprogrammed default
  1744                           ;	Brown-out Reset Enable bits
  1745                           ;	BOREN = 0x3, unprogrammed default
  1746                           ;	Brown-out Reset Voltage bits
  1747                           ;	BORV = 0x3, unprogrammed default
  1748   300002                     	org	3145730
  1749   300002  1F                 	db	31
  1750                           
  1751                           ;Config register CONFIG2H @ 0x300003
  1752                           ;	unspecified, using default values
  1753                           ;	Watchdog Timer Enable bit
  1754                           ;	WDT = 0x1, unprogrammed default
  1755                           ;	Watchdog Timer Postscale Select bits
  1756                           ;	WDTPS = 0xF, unprogrammed default
  1757   300003                     	org	3145731
  1758   300003  1F                 	db	31
  1759                           
  1760                           ; Padding undefined space
  1761   300004                     	org	3145732
  1762   300004  FF                 	db	255
  1763                           
  1764                           ;Config register CONFIG3H @ 0x300005
  1765                           ;	unspecified, using default values
  1766                           ;	PORTB A/D Enable bit
  1767                           ;	PBADEN = 0x1, unprogrammed default
  1768                           ;	Low-Power Timer 1 Oscillator Enable bit
  1769                           ;	LPT1OSC = 0x0, unprogrammed default
  1770                           ;	MCLR Pin Enable bit
  1771                           ;	MCLRE = 0x1, unprogrammed default
  1772   300005                     	org	3145733
  1773   300005  82                 	db	130
  1774                           
  1775                           ;Config register CONFIG4L @ 0x300006
  1776                           ;	unspecified, using default values
  1777                           ;	Stack Full/Underflow Reset Enable bit
  1778                           ;	STVREN = 0x1, unprogrammed default
  1779                           ;	Single-Supply ICSP Enable bit
  1780                           ;	LVP = 0x1, unprogrammed default
  1781                           ;	Boot Block Size Select bit
  1782                           ;	BBSIZ = 0x0, unprogrammed default
  1783                           ;	Extended Instruction Set Enable bit
  1784                           ;	XINST = 0x0, unprogrammed default
  1785                           ;	Background Debugger Enable bit
  1786                           ;	DEBUG = 0x1, unprogrammed default
  1787   300006                     	org	3145734
  1788   300006  85                 	db	133
  1789                           
  1790                           ; Padding undefined space
  1791   300007                     	org	3145735
  1792   300007  FF                 	db	255
  1793                           
  1794                           ;Config register CONFIG5L @ 0x300008
  1795                           ;	unspecified, using default values
  1796                           ;	Code Protection bit
  1797                           ;	CP0 = 0x1, unprogrammed default
  1798                           ;	Code Protection bit
  1799                           ;	CP1 = 0x1, unprogrammed default
  1800                           ;	Code Protection bit
  1801                           ;	CP2 = 0x1, unprogrammed default
  1802                           ;	Code Protection bit
  1803                           ;	CP3 = 0x1, unprogrammed default
  1804   300008                     	org	3145736
  1805   300008  0F                 	db	15
  1806                           
  1807                           ;Config register CONFIG5H @ 0x300009
  1808                           ;	unspecified, using default values
  1809                           ;	Boot Block Code Protection bit
  1810                           ;	CPB = 0x1, unprogrammed default
  1811                           ;	Data EEPROM Code Protection bit
  1812                           ;	CPD = 0x1, unprogrammed default
  1813   300009                     	org	3145737
  1814   300009  C0                 	db	192
  1815                           
  1816                           ;Config register CONFIG6L @ 0x30000A
  1817                           ;	unspecified, using default values
  1818                           ;	Write Protection bit
  1819                           ;	WRT0 = 0x1, unprogrammed default
  1820                           ;	Write Protection bit
  1821                           ;	WRT1 = 0x1, unprogrammed default
  1822                           ;	Write Protection bit
  1823                           ;	WRT2 = 0x1, unprogrammed default
  1824                           ;	Write Protection bit
  1825                           ;	WRT3 = 0x1, unprogrammed default
  1826   30000A                     	org	3145738
  1827   30000A  0F                 	db	15
  1828                           
  1829                           ;Config register CONFIG6H @ 0x30000B
  1830                           ;	unspecified, using default values
  1831                           ;	Configuration Register Write Protection bit
  1832                           ;	WRTC = 0x1, unprogrammed default
  1833                           ;	Boot Block Write Protection bit
  1834                           ;	WRTB = 0x1, unprogrammed default
  1835                           ;	Data EEPROM Write Protection bit
  1836                           ;	WRTD = 0x1, unprogrammed default
  1837   30000B                     	org	3145739
  1838   30000B  E0                 	db	224
  1839                           
  1840                           ;Config register CONFIG7L @ 0x30000C
  1841                           ;	unspecified, using default values
  1842                           ;	Table Read Protection bit
  1843                           ;	EBTR0 = 0x1, unprogrammed default
  1844                           ;	Table Read Protection bit
  1845                           ;	EBTR1 = 0x1, unprogrammed default
  1846                           ;	Table Read Protection bit
  1847                           ;	EBTR2 = 0x1, unprogrammed default
  1848                           ;	Table Read Protection bit
  1849                           ;	EBTR3 = 0x1, unprogrammed default
  1850   30000C                     	org	3145740
  1851   30000C  0F                 	db	15
  1852                           
  1853                           ;Config register CONFIG7H @ 0x30000D
  1854                           ;	unspecified, using default values
  1855                           ;	Boot Block Table Read Protection bit
  1856                           ;	EBTRB = 0x1, unprogrammed default
  1857   30000D                     	org	3145741
  1858   30000D  40                 	db	64
  1859                           tosu	equ	0xFFF
  1860                           tosh	equ	0xFFE
  1861                           tosl	equ	0xFFD
  1862                           stkptr	equ	0xFFC
  1863                           pclatu	equ	0xFFB
  1864                           pclath	equ	0xFFA
  1865                           pcl	equ	0xFF9
  1866                           tblptru	equ	0xFF8
  1867                           tblptrh	equ	0xFF7
  1868                           tblptrl	equ	0xFF6
  1869                           tablat	equ	0xFF5
  1870                           prodh	equ	0xFF4
  1871                           prodl	equ	0xFF3
  1872                           indf0	equ	0xFEF
  1873                           postinc0	equ	0xFEE
  1874                           postdec0	equ	0xFED
  1875                           preinc0	equ	0xFEC
  1876                           plusw0	equ	0xFEB
  1877                           fsr0h	equ	0xFEA
  1878                           fsr0l	equ	0xFE9
  1879                           wreg	equ	0xFE8
  1880                           indf1	equ	0xFE7
  1881                           postinc1	equ	0xFE6
  1882                           postdec1	equ	0xFE5
  1883                           preinc1	equ	0xFE4
  1884                           plusw1	equ	0xFE3
  1885                           fsr1h	equ	0xFE2
  1886                           fsr1l	equ	0xFE1
  1887                           bsr	equ	0xFE0
  1888                           indf2	equ	0xFDF
  1889                           postinc2	equ	0xFDE
  1890                           postdec2	equ	0xFDD
  1891                           preinc2	equ	0xFDC
  1892                           plusw2	equ	0xFDB
  1893                           fsr2h	equ	0xFDA
  1894                           fsr2l	equ	0xFD9
  1895                           status	equ	0xFD8

Data Sizes:
    Strings     0
    Constant    0
    Data        0
    BSS         1
    Persistent  0
    Stack       0

Auto Spaces:
    Space          Size  Autos    Used
    COMRAM           94      6       7
    BANK0           160      0       0
    BANK1           256      0       0
    BANK2           256      0       0
    BANK3           256      0       0
    BANK4           256      0       0
    BANK5           256      0       0

Pointer List with Targets:

    None.

Critical Paths under _main in COMRAM

    None.

Critical Paths under _isr in COMRAM

    None.

Critical Paths under _main in BANK0

    None.

Critical Paths under _isr in BANK0

    None.

Critical Paths under _main in BANK1

    None.

Critical Paths under _isr in BANK1

    None.

Critical Paths under _main in BANK2

    None.

Critical Paths under _isr in BANK2

    None.

Critical Paths under _main in BANK3

    None.

Critical Paths under _isr in BANK3

    None.

Critical Paths under _main in BANK4

    None.

Critical Paths under _isr in BANK4

    None.

Critical Paths under _main in BANK5

    None.

Critical Paths under _isr in BANK5

    None.

Call Graph Tables:

 ---------------------------------------------------------------------------------
 (Depth) Function   	        Calls       Base Space   Used Autos Params    Refs
 ---------------------------------------------------------------------------------
 (0) _main                                                 6     6      0      45
                                              0 COMRAM     6     6      0
                        _init_config
 ---------------------------------------------------------------------------------
 (1) _init_config                                          0     0      0       0
 ---------------------------------------------------------------------------------
 Estimated maximum stack depth 1
 ---------------------------------------------------------------------------------
 (Depth) Function   	        Calls       Base Space   Used Autos Params    Refs
 ---------------------------------------------------------------------------------
 (2) _isr                                                  0     0      0       0
 ---------------------------------------------------------------------------------
 Estimated maximum stack depth 2
 ---------------------------------------------------------------------------------

 Call Graph Graphs:

 _main (ROOT)
   _init_config

 _isr (ROOT)

Address spaces:
Name               Size   Autos  Total    Usage
BIGRAM            1535      0       0      0.0%
BITBIGSFRl         641      0       0      0.0%
BITBANK5           256      0       0      0.0%
BANK5              256      0       0      0.0%
BITBANK4           256      0       0      0.0%
BANK4              256      0       0      0.0%
BITBANK3           256      0       0      0.0%
BANK3              256      0       0      0.0%
BITBANK2           256      0       0      0.0%
BANK2              256      0       0      0.0%
BITBANK1           256      0       0      0.0%
BANK1              256      0       0      0.0%
BITBANK0           160      0       0      0.0%
BANK0              160      0       0      0.0%
BITBIGSFRh         126      0       0      0.0%
BITCOMRAM           94      0       0      0.0%
COMRAM              94      6       7      7.4%
STACK                0      0       0      0.0%
DATA                 0      0       7      0.0%


Microchip Technology PIC18 Macro Assembler V3.10 build 20250813170317 
Symbol Table                                                                                   Fri Mar  6 16:55:45 2026

                     l40 0630                       l41 065E                       l34 06EE  
                     l42 0672                       u20 061C                       u21 0618  
                     u30 062E                       u31 0628                       u50 063E  
                     u51 063A                       u60 0650                       u61 064C  
                     u45 0630                       u70 066C                       u71 0668  
                     u80 069E                       u81 069A                       u90 06B8  
                     u91 06B4                      l840 06EA                      l842 06EC  
                    l860 063E                      l852 0602                      l838 06E6  
                    l870 069E                      l862 0650                      l854 0608  
                    l864 066C                      l856 060C                      l866 067C  
                    l858 061C                      l868 0684                      _RC0 7C10  
                    _RB7 7C0F                      _isr 0008                     ?_isr 0002  
                   i2l19 06D6                     _main 0602                     btemp 0001  
                   start 000E             ___param_bank 0000                    ??_isr 0002  
                  ?_main 0002             ?_init_config 0002                    i2l850 06D4  
                  i2l846 06C2                    i2l848 06D0                    btemp0 0001  
                  btemp1 0002                    status 0FD8          __initialization 06DA  
           __end_of_main 06C0                   ??_main 0002            __activetblptr 0000  
                 _ADCON1 0FC1                   _INT0IE 7F94                   _INT0IF 7F91  
                 i2u1_40 06D0                   i2u1_41 06CC                   _TRISB0 7C98  
                 _TRISB7 7C9F                   isa$std 0001             __mediumconst 0600  
             __accesstop 0060  __end_of__initialization 06DC            ___rparam_used 0001  
         __pcstackCOMRAM 0002                  _INTEDG0 7F8E                  __Hparam 0000  
                __Lparam 0000             __psmallconst 0600                  __pcinit 06DA  
                __ramtop 0600                  __ptext0 0602                  __ptext1 06E6  
         __pintcode_body 06C0     end_of_initialization 06DC                  int_func 06C0  
    start_initialization 06DA              __end_of_isr 06DA            ??_init_config 0002  
           _key_detected 0008              __pbssCOMRAM 0008                __pintcode 0008  
            __smallconst 0600      __end_of_init_config 06F0                main@wait1 0002  
              main@wait2 0004                 __Hrparam 0000                 __Lrparam 0000  
            _init_config 06E6                 isa$xinst 0000                 int$flags 0001  
               main@once 0006                 intlevel2 0000  
