

Microchip MPLAB XC8 Assembler V3.10 build 20250813170317 
                                                                                               Tue Mar 31 13:14:49 2026

Microchip MPLAB XC8 C Compiler v3.10 (Free license) build 20250813170317 Og1 
     1                           	processor	18F4580
     2                           	fnconf	rparam,??,?,0
     3                           	pagewidth 120
     4                           	opt	flic
     5                           	psect	idataCOMRAM,global,class=CODE,space=0,delta=1,noexec
     6                           	psect	cinit,global,reloc=2,class=CODE,space=0,delta=1
     7                           	psect	dataCOMRAM,global,class=COMRAM,space=1,delta=1,lowdata,noexec
     8                           	psect	cstackCOMRAM,global,class=COMRAM,space=1,delta=1,lowdata,noexec
     9                           	psect	text0,global,reloc=2,class=CODE,space=0,delta=1
    10                           	psect	text1,global,reloc=2,class=CODE,space=0,delta=1
    11                           	psect	text2,global,reloc=2,class=CODE,space=0,delta=1
    12                           	psect	text3,global,reloc=2,class=CODE,space=0,delta=1
    13                           	psect	smallconst,global,reloc=2,class=SMALLCONST,space=0,delta=1,noexec
    14                           	psect	intsave_regs,global,class=BIGRAM,space=1,delta=1,noexec
    15                           	psect	rparam,global,class=COMRAM,space=1,delta=1,noexec
    16                           	psect	idloc,global,abs,ovrld,class=IDLOC,space=5,delta=1,noexec
    17                           	psect	config,global,abs,ovrld,class=CONFIG,space=4,delta=1,noexec
    18   000000                     
    19                           ; Version 2.40
    20                           ; Generated 17/11/2021 GMT
    21                           ; 
    22                           ; Copyright © 2021, Microchip Technology Inc. and its subsidiaries ("Microchip")
    23                           ; All rights reserved.
    24                           ; 
    25                           ; This software is developed by Microchip Technology Inc. and its subsidiaries ("Microch
      +                          ip").
    26                           ; 
    27                           ; Redistribution and use in source and binary forms, with or without modification, are
    28                           ; permitted provided that the following conditions are met:
    29                           ; 
    30                           ;     1. Redistributions of source code must retain the above copyright notice, this lis
      +                          t of
    31                           ;        conditions and the following disclaimer.
    32                           ; 
    33                           ;     2. Redistributions in binary form must reproduce the above copyright notice, this 
      +                          list
    34                           ;        of conditions and the following disclaimer in the documentation and/or other
    35                           ;        materials provided with the distribution. Publication is not required when
    36                           ;        this file is used in an embedded application.
    37                           ; 
    38                           ;     3. Microchip's name may not be used to endorse or promote products derived from th
      +                          is
    39                           ;        software without specific prior written permission.
    40                           ; 
    41                           ; THIS SOFTWARE IS PROVIDED BY MICROCHIP "AS IS" AND ANY EXPRESS OR IMPLIED WARRANTIES,
    42                           ; INCLUDING, BUT NOT LIMITED TO, THE IMPLIED WARRANTIES OF MERCHANTABILITY AND FITNESS F
      +                          OR
    43                           ; PURPOSE ARE DISCLAIMED.  IN NO EVENT SHALL MICROCHIP BE LIABLE FOR ANY DIRECT, INDIREC
      +                          T,
    44                           ; INCIDENTAL, SPECIAL, EXEMPLARY, OR CONSEQUENTIAL DAMAGES (INCLUDING BUT NOT LIMITED TO
    45                           ; PROCUREMENT OF SUBSTITUTE GOODS OR SERVICES; LOSS OF USE, DATA OR PROFITS; OR BUSINESS
    46                           ; INTERRUPTION) HOWSOEVER CAUSED AND ON ANY THEORY OF LIABILITY, WHETHER IN CONTRACT, ST
      +                          RICT
    47                           ; LIABILITY, OR TORT (INCLUDING NEGLIGENCE OR OTHERWISE) ARISING IN ANY WAY OUT OF THE U
      +                          SE OF
    48                           ; THIS SOFTWARE, EVEN IF ADVISED OF THE POSSIBILITY OF SUCH DAMAGE.
    49                           ; 
    50                           ; 
    51                           ; Code-generator required, PIC18F4580 Definitions
    52                           ; 
    53                           ; SFR Addresses
    54   000FE0                     bsr             equ	4064
    55   000FE9                     fsr0            equ	4073
    56   000FEA                     fsr0h           equ	4074
    57   000FE9                     fsr0l           equ	4073
    58   000FE1                     fsr1            equ	4065
    59   000FE2                     fsr1h           equ	4066
    60   000FE1                     fsr1l           equ	4065
    61   000FD9                     fsr2            equ	4057
    62   000FDA                     fsr2h           equ	4058
    63   000FD9                     fsr2l           equ	4057
    64   000FEF                     indf0           equ	4079
    65   000FE7                     indf1           equ	4071
    66   000FDF                     indf2           equ	4063
    67   000FF2                     intcon          equ	4082
    68   000000                     nvmcon          equ	0
    69   000FF9                     pcl             equ	4089
    70   000FFA                     pclath          equ	4090
    71   000FFB                     pclatu          equ	4091
    72   000FEB                     plusw0          equ	4075
    73   000FE3                     plusw1          equ	4067
    74   000FDB                     plusw2          equ	4059
    75   000FED                     postdec0        equ	4077
    76   000FE5                     postdec1        equ	4069
    77   000FDD                     postdec2        equ	4061
    78   000FEE                     postinc0        equ	4078
    79   000FE6                     postinc1        equ	4070
    80   000FDE                     postinc2        equ	4062
    81   000FEC                     preinc0         equ	4076
    82   000FE4                     preinc1         equ	4068
    83   000FDC                     preinc2         equ	4060
    84   000FF3                     prod            equ	4083
    85   000FF4                     prodh           equ	4084
    86   000FF3                     prodl           equ	4083
    87   000FD8                     status          equ	4056
    88   000FF5                     tablat          equ	4085
    89   000FF6                     tblptr          equ	4086
    90   000FF7                     tblptrh         equ	4087
    91   000FF6                     tblptrl         equ	4086
    92   000FF8                     tblptru         equ	4088
    93   000FFD                     tosl            equ	4093
    94   000FE8                     wreg            equ	4072
    95   000D60                     RXF6SIDH        equ	3424	;# 
    96   000D61                     RXF6SIDL        equ	3425	;# 
    97   000D62                     RXF6EIDH        equ	3426	;# 
    98   000D63                     RXF6EIDL        equ	3427	;# 
    99   000D64                     RXF7SIDH        equ	3428	;# 
   100   000D65                     RXF7SIDL        equ	3429	;# 
   101   000D66                     RXF7EIDH        equ	3430	;# 
   102   000D67                     RXF7EIDL        equ	3431	;# 
   103   000D68                     RXF8SIDH        equ	3432	;# 
   104   000D69                     RXF8SIDL        equ	3433	;# 
   105   000D6A                     RXF8EIDH        equ	3434	;# 
   106   000D6B                     RXF8EIDL        equ	3435	;# 
   107   000D70                     RXF9SIDH        equ	3440	;# 
   108   000D71                     RXF9SIDL        equ	3441	;# 
   109   000D72                     RXF9EIDH        equ	3442	;# 
   110   000D73                     RXF9EIDL        equ	3443	;# 
   111   000D74                     RXF10SIDH       equ	3444	;# 
   112   000D75                     RXF10SIDL       equ	3445	;# 
   113   000D76                     RXF10EIDH       equ	3446	;# 
   114   000D77                     RXF10EIDL       equ	3447	;# 
   115   000D78                     RXF11SIDH       equ	3448	;# 
   116   000D79                     RXF11SIDL       equ	3449	;# 
   117   000D7A                     RXF11EIDH       equ	3450	;# 
   118   000D7B                     RXF11EIDL       equ	3451	;# 
   119   000D80                     RXF12SIDH       equ	3456	;# 
   120   000D81                     RXF12SIDL       equ	3457	;# 
   121   000D82                     RXF12EIDH       equ	3458	;# 
   122   000D83                     RXF12EIDL       equ	3459	;# 
   123   000D84                     RXF13SIDH       equ	3460	;# 
   124   000D85                     RXF13SIDL       equ	3461	;# 
   125   000D86                     RXF13EIDH       equ	3462	;# 
   126   000D87                     RXF13EIDL       equ	3463	;# 
   127   000D88                     RXF14SIDH       equ	3464	;# 
   128   000D89                     RXF14SIDL       equ	3465	;# 
   129   000D8A                     RXF14EIDH       equ	3466	;# 
   130   000D8B                     RXF14EIDL       equ	3467	;# 
   131   000D90                     RXF15SIDH       equ	3472	;# 
   132   000D91                     RXF15SIDL       equ	3473	;# 
   133   000D92                     RXF15EIDH       equ	3474	;# 
   134   000D93                     RXF15EIDL       equ	3475	;# 
   135   000DD4                     RXFCON0         equ	3540	;# 
   136   000DD5                     RXFCON1         equ	3541	;# 
   137   000DD8                     SDFLC           equ	3544	;# 
   138   000DE0                     RXFBCON0        equ	3552	;# 
   139   000DE1                     RXFBCON1        equ	3553	;# 
   140   000DE2                     RXFBCON2        equ	3554	;# 
   141   000DE3                     RXFBCON3        equ	3555	;# 
   142   000DE4                     RXFBCON4        equ	3556	;# 
   143   000DE5                     RXFBCON5        equ	3557	;# 
   144   000DE6                     RXFBCON6        equ	3558	;# 
   145   000DE7                     RXFBCON7        equ	3559	;# 
   146   000DF0                     MSEL0           equ	3568	;# 
   147   000DF1                     MSEL1           equ	3569	;# 
   148   000DF2                     MSEL2           equ	3570	;# 
   149   000DF3                     MSEL3           equ	3571	;# 
   150   000DF8                     BSEL0           equ	3576	;# 
   151   000DFA                     BIE0            equ	3578	;# 
   152   000DFC                     TXBIE           equ	3580	;# 
   153   000E20                     B0CON           equ	3616	;# 
   154   000E21                     B0SIDH          equ	3617	;# 
   155   000E22                     B0SIDL          equ	3618	;# 
   156   000E23                     B0EIDH          equ	3619	;# 
   157   000E24                     B0EIDL          equ	3620	;# 
   158   000E25                     B0DLC           equ	3621	;# 
   159   000E26                     B0D0            equ	3622	;# 
   160   000E27                     B0D1            equ	3623	;# 
   161   000E28                     B0D2            equ	3624	;# 
   162   000E29                     B0D3            equ	3625	;# 
   163   000E2A                     B0D4            equ	3626	;# 
   164   000E2B                     B0D5            equ	3627	;# 
   165   000E2C                     B0D6            equ	3628	;# 
   166   000E2D                     B0D7            equ	3629	;# 
   167   000E2E                     CANSTAT_RO9     equ	3630	;# 
   168   000E2F                     CANCON_RO9      equ	3631	;# 
   169   000E30                     B1CON           equ	3632	;# 
   170   000E31                     B1SIDH          equ	3633	;# 
   171   000E32                     B1SIDL          equ	3634	;# 
   172   000E33                     B1EIDH          equ	3635	;# 
   173   000E34                     B1EIDL          equ	3636	;# 
   174   000E35                     B1DLC           equ	3637	;# 
   175   000E36                     B1D0            equ	3638	;# 
   176   000E37                     B1D1            equ	3639	;# 
   177   000E38                     B1D2            equ	3640	;# 
   178   000E39                     B1D3            equ	3641	;# 
   179   000E3A                     B1D4            equ	3642	;# 
   180   000E3B                     B1D5            equ	3643	;# 
   181   000E3C                     B1D6            equ	3644	;# 
   182   000E3D                     B1D7            equ	3645	;# 
   183   000E3E                     CANSTAT_RO8     equ	3646	;# 
   184   000E3F                     CANCON_RO8      equ	3647	;# 
   185   000E40                     B2CON           equ	3648	;# 
   186   000E41                     B2SIDH          equ	3649	;# 
   187   000E42                     B2SIDL          equ	3650	;# 
   188   000E43                     B2EIDH          equ	3651	;# 
   189   000E44                     B2EIDL          equ	3652	;# 
   190   000E45                     B2DLC           equ	3653	;# 
   191   000E46                     B2D0            equ	3654	;# 
   192   000E47                     B2D1            equ	3655	;# 
   193   000E48                     B2D2            equ	3656	;# 
   194   000E49                     B2D3            equ	3657	;# 
   195   000E4A                     B2D4            equ	3658	;# 
   196   000E4B                     B2D5            equ	3659	;# 
   197   000E4C                     B2D6            equ	3660	;# 
   198   000E4D                     B2D7            equ	3661	;# 
   199   000E4E                     CANSTAT_RO7     equ	3662	;# 
   200   000E4F                     CANCON_RO7      equ	3663	;# 
   201   000E50                     B3CON           equ	3664	;# 
   202   000E51                     B3SIDH          equ	3665	;# 
   203   000E52                     B3SIDL          equ	3666	;# 
   204   000E53                     B3EIDH          equ	3667	;# 
   205   000E54                     B3EIDL          equ	3668	;# 
   206   000E55                     B3DLC           equ	3669	;# 
   207   000E56                     B3D0            equ	3670	;# 
   208   000E57                     B3D1            equ	3671	;# 
   209   000E58                     B3D2            equ	3672	;# 
   210   000E59                     B3D3            equ	3673	;# 
   211   000E5A                     B3D4            equ	3674	;# 
   212   000E5B                     B3D5            equ	3675	;# 
   213   000E5C                     B3D6            equ	3676	;# 
   214   000E5D                     B3D7            equ	3677	;# 
   215   000E5E                     CANSTAT_RO6     equ	3678	;# 
   216   000E5F                     CANCON_RO6      equ	3679	;# 
   217   000E60                     B4CON           equ	3680	;# 
   218   000E61                     B4SIDH          equ	3681	;# 
   219   000E62                     B4SIDL          equ	3682	;# 
   220   000E63                     B4EIDH          equ	3683	;# 
   221   000E64                     B4EIDL          equ	3684	;# 
   222   000E65                     B4DLC           equ	3685	;# 
   223   000E66                     B4D0            equ	3686	;# 
   224   000E67                     B4D1            equ	3687	;# 
   225   000E68                     B4D2            equ	3688	;# 
   226   000E69                     B4D3            equ	3689	;# 
   227   000E6A                     B4D4            equ	3690	;# 
   228   000E6B                     B4D5            equ	3691	;# 
   229   000E6C                     B4D6            equ	3692	;# 
   230   000E6D                     B4D7            equ	3693	;# 
   231   000E6E                     CANSTAT_RO5     equ	3694	;# 
   232   000E6F                     CANCON_RO5      equ	3695	;# 
   233   000E70                     B5CON           equ	3696	;# 
   234   000E71                     B5SIDH          equ	3697	;# 
   235   000E72                     B5SIDL          equ	3698	;# 
   236   000E73                     B5EIDH          equ	3699	;# 
   237   000E74                     B5EIDL          equ	3700	;# 
   238   000E75                     B5DLC           equ	3701	;# 
   239   000E76                     B5D0            equ	3702	;# 
   240   000E77                     B5D1            equ	3703	;# 
   241   000E78                     B5D2            equ	3704	;# 
   242   000E79                     B5D3            equ	3705	;# 
   243   000E7A                     B5D4            equ	3706	;# 
   244   000E7B                     B5D5            equ	3707	;# 
   245   000E7C                     B5D6            equ	3708	;# 
   246   000E7D                     B5D7            equ	3709	;# 
   247   000E7E                     CANSTAT_RO4     equ	3710	;# 
   248   000E7F                     CANCON_RO4      equ	3711	;# 
   249   000F00                     RXF0SIDH        equ	3840	;# 
   250   000F01                     RXF0SIDL        equ	3841	;# 
   251   000F02                     RXF0EIDH        equ	3842	;# 
   252   000F03                     RXF0EIDL        equ	3843	;# 
   253   000F04                     RXF1SIDH        equ	3844	;# 
   254   000F05                     RXF1SIDL        equ	3845	;# 
   255   000F06                     RXF1EIDH        equ	3846	;# 
   256   000F07                     RXF1EIDL        equ	3847	;# 
   257   000F08                     RXF2SIDH        equ	3848	;# 
   258   000F09                     RXF2SIDL        equ	3849	;# 
   259   000F0A                     RXF2EIDH        equ	3850	;# 
   260   000F0B                     RXF2EIDL        equ	3851	;# 
   261   000F0C                     RXF3SIDH        equ	3852	;# 
   262   000F0D                     RXF3SIDL        equ	3853	;# 
   263   000F0E                     RXF3EIDH        equ	3854	;# 
   264   000F0F                     RXF3EIDL        equ	3855	;# 
   265   000F10                     RXF4SIDH        equ	3856	;# 
   266   000F11                     RXF4SIDL        equ	3857	;# 
   267   000F12                     RXF4EIDH        equ	3858	;# 
   268   000F13                     RXF4EIDL        equ	3859	;# 
   269   000F14                     RXF5SIDH        equ	3860	;# 
   270   000F15                     RXF5SIDL        equ	3861	;# 
   271   000F16                     RXF5EIDH        equ	3862	;# 
   272   000F17                     RXF5EIDL        equ	3863	;# 
   273   000F18                     RXM0SIDH        equ	3864	;# 
   274   000F19                     RXM0SIDL        equ	3865	;# 
   275   000F1A                     RXM0EIDH        equ	3866	;# 
   276   000F1B                     RXM0EIDL        equ	3867	;# 
   277   000F1C                     RXM1SIDH        equ	3868	;# 
   278   000F1D                     RXM1SIDL        equ	3869	;# 
   279   000F1E                     RXM1EIDH        equ	3870	;# 
   280   000F1F                     RXM1EIDL        equ	3871	;# 
   281   000F20                     TXB2CON         equ	3872	;# 
   282   000F21                     TXB2SIDH        equ	3873	;# 
   283   000F22                     TXB2SIDL        equ	3874	;# 
   284   000F23                     TXB2EIDH        equ	3875	;# 
   285   000F24                     TXB2EIDL        equ	3876	;# 
   286   000F25                     TXB2DLC         equ	3877	;# 
   287   000F26                     TXB2D0          equ	3878	;# 
   288   000F27                     TXB2D1          equ	3879	;# 
   289   000F28                     TXB2D2          equ	3880	;# 
   290   000F29                     TXB2D3          equ	3881	;# 
   291   000F2A                     TXB2D4          equ	3882	;# 
   292   000F2B                     TXB2D5          equ	3883	;# 
   293   000F2C                     TXB2D6          equ	3884	;# 
   294   000F2D                     TXB2D7          equ	3885	;# 
   295   000F2E                     CANSTAT_RO3     equ	3886	;# 
   296   000F2F                     CANCON_RO3      equ	3887	;# 
   297   000F30                     TXB1CON         equ	3888	;# 
   298   000F31                     TXB1SIDH        equ	3889	;# 
   299   000F32                     TXB1SIDL        equ	3890	;# 
   300   000F33                     TXB1EIDH        equ	3891	;# 
   301   000F34                     TXB1EIDL        equ	3892	;# 
   302   000F35                     TXB1DLC         equ	3893	;# 
   303   000F36                     TXB1D0          equ	3894	;# 
   304   000F37                     TXB1D1          equ	3895	;# 
   305   000F38                     TXB1D2          equ	3896	;# 
   306   000F39                     TXB1D3          equ	3897	;# 
   307   000F3A                     TXB1D4          equ	3898	;# 
   308   000F3B                     TXB1D5          equ	3899	;# 
   309   000F3C                     TXB1D6          equ	3900	;# 
   310   000F3D                     TXB1D7          equ	3901	;# 
   311   000F3E                     CANSTAT_RO2     equ	3902	;# 
   312   000F3F                     CANCON_RO2      equ	3903	;# 
   313   000F40                     TXB0CON         equ	3904	;# 
   314   000F41                     TXB0SIDH        equ	3905	;# 
   315   000F42                     TXB0SIDL        equ	3906	;# 
   316   000F43                     TXB0EIDH        equ	3907	;# 
   317   000F44                     TXB0EIDL        equ	3908	;# 
   318   000F45                     TXB0DLC         equ	3909	;# 
   319   000F46                     TXB0D0          equ	3910	;# 
   320   000F47                     TXB0D1          equ	3911	;# 
   321   000F48                     TXB0D2          equ	3912	;# 
   322   000F49                     TXB0D3          equ	3913	;# 
   323   000F4A                     TXB0D4          equ	3914	;# 
   324   000F4B                     TXB0D5          equ	3915	;# 
   325   000F4C                     TXB0D6          equ	3916	;# 
   326   000F4D                     TXB0D7          equ	3917	;# 
   327   000F4E                     CANSTAT_RO1     equ	3918	;# 
   328   000F4F                     CANCON_RO1      equ	3919	;# 
   329   000F50                     RXB1CON         equ	3920	;# 
   330   000F51                     RXB1SIDH        equ	3921	;# 
   331   000F52                     RXB1SIDL        equ	3922	;# 
   332   000F53                     RXB1EIDH        equ	3923	;# 
   333   000F54                     RXB1EIDL        equ	3924	;# 
   334   000F55                     RXB1DLC         equ	3925	;# 
   335   000F56                     RXB1D0          equ	3926	;# 
   336   000F57                     RXB1D1          equ	3927	;# 
   337   000F58                     RXB1D2          equ	3928	;# 
   338   000F59                     RXB1D3          equ	3929	;# 
   339   000F5A                     RXB1D4          equ	3930	;# 
   340   000F5B                     RXB1D5          equ	3931	;# 
   341   000F5C                     RXB1D6          equ	3932	;# 
   342   000F5D                     RXB1D7          equ	3933	;# 
   343   000F5E                     CANSTAT_RO0     equ	3934	;# 
   344   000F5F                     CANCON_RO0      equ	3935	;# 
   345   000F60                     RXB0CON         equ	3936	;# 
   346   000F61                     RXB0SIDH        equ	3937	;# 
   347   000F62                     RXB0SIDL        equ	3938	;# 
   348   000F63                     RXB0EIDH        equ	3939	;# 
   349   000F64                     RXB0EIDL        equ	3940	;# 
   350   000F65                     RXB0DLC         equ	3941	;# 
   351   000F66                     RXB0D0          equ	3942	;# 
   352   000F67                     RXB0D1          equ	3943	;# 
   353   000F68                     RXB0D2          equ	3944	;# 
   354   000F69                     RXB0D3          equ	3945	;# 
   355   000F6A                     RXB0D4          equ	3946	;# 
   356   000F6B                     RXB0D5          equ	3947	;# 
   357   000F6C                     RXB0D6          equ	3948	;# 
   358   000F6D                     RXB0D7          equ	3949	;# 
   359   000F6E                     CANSTAT         equ	3950	;# 
   360   000F6F                     CANCON          equ	3951	;# 
   361   000F70                     BRGCON1         equ	3952	;# 
   362   000F71                     BRGCON2         equ	3953	;# 
   363   000F72                     BRGCON3         equ	3954	;# 
   364   000F73                     CIOCON          equ	3955	;# 
   365   000F74                     COMSTAT         equ	3956	;# 
   366   000F75                     RXERRCNT        equ	3957	;# 
   367   000F76                     TXERRCNT        equ	3958	;# 
   368   000F77                     ECANCON         equ	3959	;# 
   369   000F80                     PORTA           equ	3968	;# 
   370   000F81                     PORTB           equ	3969	;# 
   371   000F82                     PORTC           equ	3970	;# 
   372   000F83                     PORTD           equ	3971	;# 
   373   000F84                     PORTE           equ	3972	;# 
   374   000F89                     LATA            equ	3977	;# 
   375   000F8A                     LATB            equ	3978	;# 
   376   000F8B                     LATC            equ	3979	;# 
   377   000F8C                     LATD            equ	3980	;# 
   378   000F8D                     LATE            equ	3981	;# 
   379   000F92                     TRISA           equ	3986	;# 
   380   000F92                     DDRA            equ	3986	;# 
   381   000F93                     TRISB           equ	3987	;# 
   382   000F93                     DDRB            equ	3987	;# 
   383   000F94                     TRISC           equ	3988	;# 
   384   000F94                     DDRC            equ	3988	;# 
   385   000F95                     TRISD           equ	3989	;# 
   386   000F95                     DDRD            equ	3989	;# 
   387   000F96                     TRISE           equ	3990	;# 
   388   000F96                     DDRE            equ	3990	;# 
   389   000F9B                     OSCTUNE         equ	3995	;# 
   390   000F9D                     PIE1            equ	3997	;# 
   391   000F9E                     PIR1            equ	3998	;# 
   392   000F9F                     IPR1            equ	3999	;# 
   393   000FA0                     PIE2            equ	4000	;# 
   394   000FA1                     PIR2            equ	4001	;# 
   395   000FA2                     IPR2            equ	4002	;# 
   396   000FA3                     PIE3            equ	4003	;# 
   397   000FA4                     PIR3            equ	4004	;# 
   398   000FA5                     IPR3            equ	4005	;# 
   399   000FA6                     EECON1          equ	4006	;# 
   400   000FA7                     EECON2          equ	4007	;# 
   401   000FA8                     EEDATA          equ	4008	;# 
   402   000FA9                     EEADR           equ	4009	;# 
   403   000FAB                     RCSTA           equ	4011	;# 
   404   000FAB                     RCSTA1          equ	4011	;# 
   405   000FAC                     TXSTA           equ	4012	;# 
   406   000FAC                     TXSTA1          equ	4012	;# 
   407   000FAD                     TXREG           equ	4013	;# 
   408   000FAD                     TXREG1          equ	4013	;# 
   409   000FAE                     RCREG           equ	4014	;# 
   410   000FAE                     RCREG1          equ	4014	;# 
   411   000FAF                     SPBRG           equ	4015	;# 
   412   000FAF                     SPBRG1          equ	4015	;# 
   413   000FB0                     SPBRGH          equ	4016	;# 
   414   000FB1                     T3CON           equ	4017	;# 
   415   000FB2                     TMR3            equ	4018	;# 
   416   000FB2                     TMR3L           equ	4018	;# 
   417   000FB3                     TMR3H           equ	4019	;# 
   418   000FB4                     CMCON           equ	4020	;# 
   419   000FB5                     CVRCON          equ	4021	;# 
   420   000FB6                     ECCP1AS         equ	4022	;# 
   421   000FB7                     ECCP1DEL        equ	4023	;# 
   422   000FB8                     BAUDCON         equ	4024	;# 
   423   000FB8                     BAUDCTL         equ	4024	;# 
   424   000FBA                     ECCP1CON        equ	4026	;# 
   425   000FBB                     ECCPR1          equ	4027	;# 
   426   000FBB                     ECCPR1L         equ	4027	;# 
   427   000FBC                     ECCPR1H         equ	4028	;# 
   428   000FBD                     CCP1CON         equ	4029	;# 
   429   000FBE                     CCPR1           equ	4030	;# 
   430   000FBE                     CCPR1L          equ	4030	;# 
   431   000FBF                     CCPR1H          equ	4031	;# 
   432   000FC0                     ADCON2          equ	4032	;# 
   433   000FC1                     ADCON1          equ	4033	;# 
   434   000FC2                     ADCON0          equ	4034	;# 
   435   000FC3                     ADRES           equ	4035	;# 
   436   000FC3                     ADRESL          equ	4035	;# 
   437   000FC4                     ADRESH          equ	4036	;# 
   438   000FC5                     SSPCON2         equ	4037	;# 
   439   000FC6                     SSPCON1         equ	4038	;# 
   440   000FC7                     SSPSTAT         equ	4039	;# 
   441   000FC8                     SSPADD          equ	4040	;# 
   442   000FC9                     SSPBUF          equ	4041	;# 
   443   000FCA                     T2CON           equ	4042	;# 
   444   000FCB                     PR2             equ	4043	;# 
   445   000FCB                     MEMCON          equ	4043	;# 
   446   000FCC                     TMR2            equ	4044	;# 
   447   000FCD                     T1CON           equ	4045	;# 
   448   000FCE                     TMR1            equ	4046	;# 
   449   000FCE                     TMR1L           equ	4046	;# 
   450   000FCF                     TMR1H           equ	4047	;# 
   451   000FD0                     RCON            equ	4048	;# 
   452   000FD1                     WDTCON          equ	4049	;# 
   453   000FD2                     HLVDCON         equ	4050	;# 
   454   000FD2                     LVDCON          equ	4050	;# 
   455   000FD3                     OSCCON          equ	4051	;# 
   456   000FD5                     T0CON           equ	4053	;# 
   457   000FD6                     TMR0            equ	4054	;# 
   458   000FD6                     TMR0L           equ	4054	;# 
   459   000FD7                     TMR0H           equ	4055	;# 
   460   000FD8                     STATUS          equ	4056	;# 
   461   000FD9                     FSR2            equ	4057	;# 
   462   000FD9                     FSR2L           equ	4057	;# 
   463   000FDA                     FSR2H           equ	4058	;# 
   464   000FDB                     PLUSW2          equ	4059	;# 
   465   000FDC                     PREINC2         equ	4060	;# 
   466   000FDD                     POSTDEC2        equ	4061	;# 
   467   000FDE                     POSTINC2        equ	4062	;# 
   468   000FDF                     INDF2           equ	4063	;# 
   469   000FE0                     BSR             equ	4064	;# 
   470   000FE1                     FSR1            equ	4065	;# 
   471   000FE1                     FSR1L           equ	4065	;# 
   472   000FE2                     FSR1H           equ	4066	;# 
   473   000FE3                     PLUSW1          equ	4067	;# 
   474   000FE4                     PREINC1         equ	4068	;# 
   475   000FE5                     POSTDEC1        equ	4069	;# 
   476   000FE6                     POSTINC1        equ	4070	;# 
   477   000FE7                     INDF1           equ	4071	;# 
   478   000FE8                     WREG            equ	4072	;# 
   479   000FE9                     FSR0            equ	4073	;# 
   480   000FE9                     FSR0L           equ	4073	;# 
   481   000FEA                     FSR0H           equ	4074	;# 
   482   000FEB                     PLUSW0          equ	4075	;# 
   483   000FEC                     PREINC0         equ	4076	;# 
   484   000FED                     POSTDEC0        equ	4077	;# 
   485   000FEE                     POSTINC0        equ	4078	;# 
   486   000FEF                     INDF0           equ	4079	;# 
   487   000FF0                     INTCON3         equ	4080	;# 
   488   000FF1                     INTCON2         equ	4081	;# 
   489   000FF2                     INTCON          equ	4082	;# 
   490   000FF3                     PROD            equ	4083	;# 
   491   000FF3                     PRODL           equ	4083	;# 
   492   000FF4                     PRODH           equ	4084	;# 
   493   000FF5                     TABLAT          equ	4085	;# 
   494   000FF6                     TBLPTR          equ	4086	;# 
   495   000FF6                     TBLPTRL         equ	4086	;# 
   496   000FF7                     TBLPTRH         equ	4087	;# 
   497   000FF8                     TBLPTRU         equ	4088	;# 
   498   000FF9                     PCLAT           equ	4089	;# 
   499   000FF9                     PC              equ	4089	;# 
   500   000FF9                     PCL             equ	4089	;# 
   501   000FFA                     PCLATH          equ	4090	;# 
   502   000FFB                     PCLATU          equ	4091	;# 
   503   000FFC                     STKPTR          equ	4092	;# 
   504   000FFD                     TOS             equ	4093	;# 
   505   000FFD                     TOSL            equ	4093	;# 
   506   000FFE                     TOSH            equ	4094	;# 
   507   000FFF                     TOSU            equ	4095	;# 
   508   000D60                     RXF6SIDH        equ	3424	;# 
   509   000D61                     RXF6SIDL        equ	3425	;# 
   510   000D62                     RXF6EIDH        equ	3426	;# 
   511   000D63                     RXF6EIDL        equ	3427	;# 
   512   000D64                     RXF7SIDH        equ	3428	;# 
   513   000D65                     RXF7SIDL        equ	3429	;# 
   514   000D66                     RXF7EIDH        equ	3430	;# 
   515   000D67                     RXF7EIDL        equ	3431	;# 
   516   000D68                     RXF8SIDH        equ	3432	;# 
   517   000D69                     RXF8SIDL        equ	3433	;# 
   518   000D6A                     RXF8EIDH        equ	3434	;# 
   519   000D6B                     RXF8EIDL        equ	3435	;# 
   520   000D70                     RXF9SIDH        equ	3440	;# 
   521   000D71                     RXF9SIDL        equ	3441	;# 
   522   000D72                     RXF9EIDH        equ	3442	;# 
   523   000D73                     RXF9EIDL        equ	3443	;# 
   524   000D74                     RXF10SIDH       equ	3444	;# 
   525   000D75                     RXF10SIDL       equ	3445	;# 
   526   000D76                     RXF10EIDH       equ	3446	;# 
   527   000D77                     RXF10EIDL       equ	3447	;# 
   528   000D78                     RXF11SIDH       equ	3448	;# 
   529   000D79                     RXF11SIDL       equ	3449	;# 
   530   000D7A                     RXF11EIDH       equ	3450	;# 
   531   000D7B                     RXF11EIDL       equ	3451	;# 
   532   000D80                     RXF12SIDH       equ	3456	;# 
   533   000D81                     RXF12SIDL       equ	3457	;# 
   534   000D82                     RXF12EIDH       equ	3458	;# 
   535   000D83                     RXF12EIDL       equ	3459	;# 
   536   000D84                     RXF13SIDH       equ	3460	;# 
   537   000D85                     RXF13SIDL       equ	3461	;# 
   538   000D86                     RXF13EIDH       equ	3462	;# 
   539   000D87                     RXF13EIDL       equ	3463	;# 
   540   000D88                     RXF14SIDH       equ	3464	;# 
   541   000D89                     RXF14SIDL       equ	3465	;# 
   542   000D8A                     RXF14EIDH       equ	3466	;# 
   543   000D8B                     RXF14EIDL       equ	3467	;# 
   544   000D90                     RXF15SIDH       equ	3472	;# 
   545   000D91                     RXF15SIDL       equ	3473	;# 
   546   000D92                     RXF15EIDH       equ	3474	;# 
   547   000D93                     RXF15EIDL       equ	3475	;# 
   548   000DD4                     RXFCON0         equ	3540	;# 
   549   000DD5                     RXFCON1         equ	3541	;# 
   550   000DD8                     SDFLC           equ	3544	;# 
   551   000DE0                     RXFBCON0        equ	3552	;# 
   552   000DE1                     RXFBCON1        equ	3553	;# 
   553   000DE2                     RXFBCON2        equ	3554	;# 
   554   000DE3                     RXFBCON3        equ	3555	;# 
   555   000DE4                     RXFBCON4        equ	3556	;# 
   556   000DE5                     RXFBCON5        equ	3557	;# 
   557   000DE6                     RXFBCON6        equ	3558	;# 
   558   000DE7                     RXFBCON7        equ	3559	;# 
   559   000DF0                     MSEL0           equ	3568	;# 
   560   000DF1                     MSEL1           equ	3569	;# 
   561   000DF2                     MSEL2           equ	3570	;# 
   562   000DF3                     MSEL3           equ	3571	;# 
   563   000DF8                     BSEL0           equ	3576	;# 
   564   000DFA                     BIE0            equ	3578	;# 
   565   000DFC                     TXBIE           equ	3580	;# 
   566   000E20                     B0CON           equ	3616	;# 
   567   000E21                     B0SIDH          equ	3617	;# 
   568   000E22                     B0SIDL          equ	3618	;# 
   569   000E23                     B0EIDH          equ	3619	;# 
   570   000E24                     B0EIDL          equ	3620	;# 
   571   000E25                     B0DLC           equ	3621	;# 
   572   000E26                     B0D0            equ	3622	;# 
   573   000E27                     B0D1            equ	3623	;# 
   574   000E28                     B0D2            equ	3624	;# 
   575   000E29                     B0D3            equ	3625	;# 
   576   000E2A                     B0D4            equ	3626	;# 
   577   000E2B                     B0D5            equ	3627	;# 
   578   000E2C                     B0D6            equ	3628	;# 
   579   000E2D                     B0D7            equ	3629	;# 
   580   000E2E                     CANSTAT_RO9     equ	3630	;# 
   581   000E2F                     CANCON_RO9      equ	3631	;# 
   582   000E30                     B1CON           equ	3632	;# 
   583   000E31                     B1SIDH          equ	3633	;# 
   584   000E32                     B1SIDL          equ	3634	;# 
   585   000E33                     B1EIDH          equ	3635	;# 
   586   000E34                     B1EIDL          equ	3636	;# 
   587   000E35                     B1DLC           equ	3637	;# 
   588   000E36                     B1D0            equ	3638	;# 
   589   000E37                     B1D1            equ	3639	;# 
   590   000E38                     B1D2            equ	3640	;# 
   591   000E39                     B1D3            equ	3641	;# 
   592   000E3A                     B1D4            equ	3642	;# 
   593   000E3B                     B1D5            equ	3643	;# 
   594   000E3C                     B1D6            equ	3644	;# 
   595   000E3D                     B1D7            equ	3645	;# 
   596   000E3E                     CANSTAT_RO8     equ	3646	;# 
   597   000E3F                     CANCON_RO8      equ	3647	;# 
   598   000E40                     B2CON           equ	3648	;# 
   599   000E41                     B2SIDH          equ	3649	;# 
   600   000E42                     B2SIDL          equ	3650	;# 
   601   000E43                     B2EIDH          equ	3651	;# 
   602   000E44                     B2EIDL          equ	3652	;# 
   603   000E45                     B2DLC           equ	3653	;# 
   604   000E46                     B2D0            equ	3654	;# 
   605   000E47                     B2D1            equ	3655	;# 
   606   000E48                     B2D2            equ	3656	;# 
   607   000E49                     B2D3            equ	3657	;# 
   608   000E4A                     B2D4            equ	3658	;# 
   609   000E4B                     B2D5            equ	3659	;# 
   610   000E4C                     B2D6            equ	3660	;# 
   611   000E4D                     B2D7            equ	3661	;# 
   612   000E4E                     CANSTAT_RO7     equ	3662	;# 
   613   000E4F                     CANCON_RO7      equ	3663	;# 
   614   000E50                     B3CON           equ	3664	;# 
   615   000E51                     B3SIDH          equ	3665	;# 
   616   000E52                     B3SIDL          equ	3666	;# 
   617   000E53                     B3EIDH          equ	3667	;# 
   618   000E54                     B3EIDL          equ	3668	;# 
   619   000E55                     B3DLC           equ	3669	;# 
   620   000E56                     B3D0            equ	3670	;# 
   621   000E57                     B3D1            equ	3671	;# 
   622   000E58                     B3D2            equ	3672	;# 
   623   000E59                     B3D3            equ	3673	;# 
   624   000E5A                     B3D4            equ	3674	;# 
   625   000E5B                     B3D5            equ	3675	;# 
   626   000E5C                     B3D6            equ	3676	;# 
   627   000E5D                     B3D7            equ	3677	;# 
   628   000E5E                     CANSTAT_RO6     equ	3678	;# 
   629   000E5F                     CANCON_RO6      equ	3679	;# 
   630   000E60                     B4CON           equ	3680	;# 
   631   000E61                     B4SIDH          equ	3681	;# 
   632   000E62                     B4SIDL          equ	3682	;# 
   633   000E63                     B4EIDH          equ	3683	;# 
   634   000E64                     B4EIDL          equ	3684	;# 
   635   000E65                     B4DLC           equ	3685	;# 
   636   000E66                     B4D0            equ	3686	;# 
   637   000E67                     B4D1            equ	3687	;# 
   638   000E68                     B4D2            equ	3688	;# 
   639   000E69                     B4D3            equ	3689	;# 
   640   000E6A                     B4D4            equ	3690	;# 
   641   000E6B                     B4D5            equ	3691	;# 
   642   000E6C                     B4D6            equ	3692	;# 
   643   000E6D                     B4D7            equ	3693	;# 
   644   000E6E                     CANSTAT_RO5     equ	3694	;# 
   645   000E6F                     CANCON_RO5      equ	3695	;# 
   646   000E70                     B5CON           equ	3696	;# 
   647   000E71                     B5SIDH          equ	3697	;# 
   648   000E72                     B5SIDL          equ	3698	;# 
   649   000E73                     B5EIDH          equ	3699	;# 
   650   000E74                     B5EIDL          equ	3700	;# 
   651   000E75                     B5DLC           equ	3701	;# 
   652   000E76                     B5D0            equ	3702	;# 
   653   000E77                     B5D1            equ	3703	;# 
   654   000E78                     B5D2            equ	3704	;# 
   655   000E79                     B5D3            equ	3705	;# 
   656   000E7A                     B5D4            equ	3706	;# 
   657   000E7B                     B5D5            equ	3707	;# 
   658   000E7C                     B5D6            equ	3708	;# 
   659   000E7D                     B5D7            equ	3709	;# 
   660   000E7E                     CANSTAT_RO4     equ	3710	;# 
   661   000E7F                     CANCON_RO4      equ	3711	;# 
   662   000F00                     RXF0SIDH        equ	3840	;# 
   663   000F01                     RXF0SIDL        equ	3841	;# 
   664   000F02                     RXF0EIDH        equ	3842	;# 
   665   000F03                     RXF0EIDL        equ	3843	;# 
   666   000F04                     RXF1SIDH        equ	3844	;# 
   667   000F05                     RXF1SIDL        equ	3845	;# 
   668   000F06                     RXF1EIDH        equ	3846	;# 
   669   000F07                     RXF1EIDL        equ	3847	;# 
   670   000F08                     RXF2SIDH        equ	3848	;# 
   671   000F09                     RXF2SIDL        equ	3849	;# 
   672   000F0A                     RXF2EIDH        equ	3850	;# 
   673   000F0B                     RXF2EIDL        equ	3851	;# 
   674   000F0C                     RXF3SIDH        equ	3852	;# 
   675   000F0D                     RXF3SIDL        equ	3853	;# 
   676   000F0E                     RXF3EIDH        equ	3854	;# 
   677   000F0F                     RXF3EIDL        equ	3855	;# 
   678   000F10                     RXF4SIDH        equ	3856	;# 
   679   000F11                     RXF4SIDL        equ	3857	;# 
   680   000F12                     RXF4EIDH        equ	3858	;# 
   681   000F13                     RXF4EIDL        equ	3859	;# 
   682   000F14                     RXF5SIDH        equ	3860	;# 
   683   000F15                     RXF5SIDL        equ	3861	;# 
   684   000F16                     RXF5EIDH        equ	3862	;# 
   685   000F17                     RXF5EIDL        equ	3863	;# 
   686   000F18                     RXM0SIDH        equ	3864	;# 
   687   000F19                     RXM0SIDL        equ	3865	;# 
   688   000F1A                     RXM0EIDH        equ	3866	;# 
   689   000F1B                     RXM0EIDL        equ	3867	;# 
   690   000F1C                     RXM1SIDH        equ	3868	;# 
   691   000F1D                     RXM1SIDL        equ	3869	;# 
   692   000F1E                     RXM1EIDH        equ	3870	;# 
   693   000F1F                     RXM1EIDL        equ	3871	;# 
   694   000F20                     TXB2CON         equ	3872	;# 
   695   000F21                     TXB2SIDH        equ	3873	;# 
   696   000F22                     TXB2SIDL        equ	3874	;# 
   697   000F23                     TXB2EIDH        equ	3875	;# 
   698   000F24                     TXB2EIDL        equ	3876	;# 
   699   000F25                     TXB2DLC         equ	3877	;# 
   700   000F26                     TXB2D0          equ	3878	;# 
   701   000F27                     TXB2D1          equ	3879	;# 
   702   000F28                     TXB2D2          equ	3880	;# 
   703   000F29                     TXB2D3          equ	3881	;# 
   704   000F2A                     TXB2D4          equ	3882	;# 
   705   000F2B                     TXB2D5          equ	3883	;# 
   706   000F2C                     TXB2D6          equ	3884	;# 
   707   000F2D                     TXB2D7          equ	3885	;# 
   708   000F2E                     CANSTAT_RO3     equ	3886	;# 
   709   000F2F                     CANCON_RO3      equ	3887	;# 
   710   000F30                     TXB1CON         equ	3888	;# 
   711   000F31                     TXB1SIDH        equ	3889	;# 
   712   000F32                     TXB1SIDL        equ	3890	;# 
   713   000F33                     TXB1EIDH        equ	3891	;# 
   714   000F34                     TXB1EIDL        equ	3892	;# 
   715   000F35                     TXB1DLC         equ	3893	;# 
   716   000F36                     TXB1D0          equ	3894	;# 
   717   000F37                     TXB1D1          equ	3895	;# 
   718   000F38                     TXB1D2          equ	3896	;# 
   719   000F39                     TXB1D3          equ	3897	;# 
   720   000F3A                     TXB1D4          equ	3898	;# 
   721   000F3B                     TXB1D5          equ	3899	;# 
   722   000F3C                     TXB1D6          equ	3900	;# 
   723   000F3D                     TXB1D7          equ	3901	;# 
   724   000F3E                     CANSTAT_RO2     equ	3902	;# 
   725   000F3F                     CANCON_RO2      equ	3903	;# 
   726   000F40                     TXB0CON         equ	3904	;# 
   727   000F41                     TXB0SIDH        equ	3905	;# 
   728   000F42                     TXB0SIDL        equ	3906	;# 
   729   000F43                     TXB0EIDH        equ	3907	;# 
   730   000F44                     TXB0EIDL        equ	3908	;# 
   731   000F45                     TXB0DLC         equ	3909	;# 
   732   000F46                     TXB0D0          equ	3910	;# 
   733   000F47                     TXB0D1          equ	3911	;# 
   734   000F48                     TXB0D2          equ	3912	;# 
   735   000F49                     TXB0D3          equ	3913	;# 
   736   000F4A                     TXB0D4          equ	3914	;# 
   737   000F4B                     TXB0D5          equ	3915	;# 
   738   000F4C                     TXB0D6          equ	3916	;# 
   739   000F4D                     TXB0D7          equ	3917	;# 
   740   000F4E                     CANSTAT_RO1     equ	3918	;# 
   741   000F4F                     CANCON_RO1      equ	3919	;# 
   742   000F50                     RXB1CON         equ	3920	;# 
   743   000F51                     RXB1SIDH        equ	3921	;# 
   744   000F52                     RXB1SIDL        equ	3922	;# 
   745   000F53                     RXB1EIDH        equ	3923	;# 
   746   000F54                     RXB1EIDL        equ	3924	;# 
   747   000F55                     RXB1DLC         equ	3925	;# 
   748   000F56                     RXB1D0          equ	3926	;# 
   749   000F57                     RXB1D1          equ	3927	;# 
   750   000F58                     RXB1D2          equ	3928	;# 
   751   000F59                     RXB1D3          equ	3929	;# 
   752   000F5A                     RXB1D4          equ	3930	;# 
   753   000F5B                     RXB1D5          equ	3931	;# 
   754   000F5C                     RXB1D6          equ	3932	;# 
   755   000F5D                     RXB1D7          equ	3933	;# 
   756   000F5E                     CANSTAT_RO0     equ	3934	;# 
   757   000F5F                     CANCON_RO0      equ	3935	;# 
   758   000F60                     RXB0CON         equ	3936	;# 
   759   000F61                     RXB0SIDH        equ	3937	;# 
   760   000F62                     RXB0SIDL        equ	3938	;# 
   761   000F63                     RXB0EIDH        equ	3939	;# 
   762   000F64                     RXB0EIDL        equ	3940	;# 
   763   000F65                     RXB0DLC         equ	3941	;# 
   764   000F66                     RXB0D0          equ	3942	;# 
   765   000F67                     RXB0D1          equ	3943	;# 
   766   000F68                     RXB0D2          equ	3944	;# 
   767   000F69                     RXB0D3          equ	3945	;# 
   768   000F6A                     RXB0D4          equ	3946	;# 
   769   000F6B                     RXB0D5          equ	3947	;# 
   770   000F6C                     RXB0D6          equ	3948	;# 
   771   000F6D                     RXB0D7          equ	3949	;# 
   772   000F6E                     CANSTAT         equ	3950	;# 
   773   000F6F                     CANCON          equ	3951	;# 
   774   000F70                     BRGCON1         equ	3952	;# 
   775   000F71                     BRGCON2         equ	3953	;# 
   776   000F72                     BRGCON3         equ	3954	;# 
   777   000F73                     CIOCON          equ	3955	;# 
   778   000F74                     COMSTAT         equ	3956	;# 
   779   000F75                     RXERRCNT        equ	3957	;# 
   780   000F76                     TXERRCNT        equ	3958	;# 
   781   000F77                     ECANCON         equ	3959	;# 
   782   000F80                     PORTA           equ	3968	;# 
   783   000F81                     PORTB           equ	3969	;# 
   784   000F82                     PORTC           equ	3970	;# 
   785   000F83                     PORTD           equ	3971	;# 
   786   000F84                     PORTE           equ	3972	;# 
   787   000F89                     LATA            equ	3977	;# 
   788   000F8A                     LATB            equ	3978	;# 
   789   000F8B                     LATC            equ	3979	;# 
   790   000F8C                     LATD            equ	3980	;# 
   791   000F8D                     LATE            equ	3981	;# 
   792   000F92                     TRISA           equ	3986	;# 
   793   000F92                     DDRA            equ	3986	;# 
   794   000F93                     TRISB           equ	3987	;# 
   795   000F93                     DDRB            equ	3987	;# 
   796   000F94                     TRISC           equ	3988	;# 
   797   000F94                     DDRC            equ	3988	;# 
   798   000F95                     TRISD           equ	3989	;# 
   799   000F95                     DDRD            equ	3989	;# 
   800   000F96                     TRISE           equ	3990	;# 
   801   000F96                     DDRE            equ	3990	;# 
   802   000F9B                     OSCTUNE         equ	3995	;# 
   803   000F9D                     PIE1            equ	3997	;# 
   804   000F9E                     PIR1            equ	3998	;# 
   805   000F9F                     IPR1            equ	3999	;# 
   806   000FA0                     PIE2            equ	4000	;# 
   807   000FA1                     PIR2            equ	4001	;# 
   808   000FA2                     IPR2            equ	4002	;# 
   809   000FA3                     PIE3            equ	4003	;# 
   810   000FA4                     PIR3            equ	4004	;# 
   811   000FA5                     IPR3            equ	4005	;# 
   812   000FA6                     EECON1          equ	4006	;# 
   813   000FA7                     EECON2          equ	4007	;# 
   814   000FA8                     EEDATA          equ	4008	;# 
   815   000FA9                     EEADR           equ	4009	;# 
   816   000FAB                     RCSTA           equ	4011	;# 
   817   000FAB                     RCSTA1          equ	4011	;# 
   818   000FAC                     TXSTA           equ	4012	;# 
   819   000FAC                     TXSTA1          equ	4012	;# 
   820   000FAD                     TXREG           equ	4013	;# 
   821   000FAD                     TXREG1          equ	4013	;# 
   822   000FAE                     RCREG           equ	4014	;# 
   823   000FAE                     RCREG1          equ	4014	;# 
   824   000FAF                     SPBRG           equ	4015	;# 
   825   000FAF                     SPBRG1          equ	4015	;# 
   826   000FB0                     SPBRGH          equ	4016	;# 
   827   000FB1                     T3CON           equ	4017	;# 
   828   000FB2                     TMR3            equ	4018	;# 
   829   000FB2                     TMR3L           equ	4018	;# 
   830   000FB3                     TMR3H           equ	4019	;# 
   831   000FB4                     CMCON           equ	4020	;# 
   832   000FB5                     CVRCON          equ	4021	;# 
   833   000FB6                     ECCP1AS         equ	4022	;# 
   834   000FB7                     ECCP1DEL        equ	4023	;# 
   835   000FB8                     BAUDCON         equ	4024	;# 
   836   000FB8                     BAUDCTL         equ	4024	;# 
   837   000FBA                     ECCP1CON        equ	4026	;# 
   838   000FBB                     ECCPR1          equ	4027	;# 
   839   000FBB                     ECCPR1L         equ	4027	;# 
   840   000FBC                     ECCPR1H         equ	4028	;# 
   841   000FBD                     CCP1CON         equ	4029	;# 
   842   000FBE                     CCPR1           equ	4030	;# 
   843   000FBE                     CCPR1L          equ	4030	;# 
   844   000FBF                     CCPR1H          equ	4031	;# 
   845   000FC0                     ADCON2          equ	4032	;# 
   846   000FC1                     ADCON1          equ	4033	;# 
   847   000FC2                     ADCON0          equ	4034	;# 
   848   000FC3                     ADRES           equ	4035	;# 
   849   000FC3                     ADRESL          equ	4035	;# 
   850   000FC4                     ADRESH          equ	4036	;# 
   851   000FC5                     SSPCON2         equ	4037	;# 
   852   000FC6                     SSPCON1         equ	4038	;# 
   853   000FC7                     SSPSTAT         equ	4039	;# 
   854   000FC8                     SSPADD          equ	4040	;# 
   855   000FC9                     SSPBUF          equ	4041	;# 
   856   000FCA                     T2CON           equ	4042	;# 
   857   000FCB                     PR2             equ	4043	;# 
   858   000FCB                     MEMCON          equ	4043	;# 
   859   000FCC                     TMR2            equ	4044	;# 
   860   000FCD                     T1CON           equ	4045	;# 
   861   000FCE                     TMR1            equ	4046	;# 
   862   000FCE                     TMR1L           equ	4046	;# 
   863   000FCF                     TMR1H           equ	4047	;# 
   864   000FD0                     RCON            equ	4048	;# 
   865   000FD1                     WDTCON          equ	4049	;# 
   866   000FD2                     HLVDCON         equ	4050	;# 
   867   000FD2                     LVDCON          equ	4050	;# 
   868   000FD3                     OSCCON          equ	4051	;# 
   869   000FD5                     T0CON           equ	4053	;# 
   870   000FD6                     TMR0            equ	4054	;# 
   871   000FD6                     TMR0L           equ	4054	;# 
   872   000FD7                     TMR0H           equ	4055	;# 
   873   000FD8                     STATUS          equ	4056	;# 
   874   000FD9                     FSR2            equ	4057	;# 
   875   000FD9                     FSR2L           equ	4057	;# 
   876   000FDA                     FSR2H           equ	4058	;# 
   877   000FDB                     PLUSW2          equ	4059	;# 
   878   000FDC                     PREINC2         equ	4060	;# 
   879   000FDD                     POSTDEC2        equ	4061	;# 
   880   000FDE                     POSTINC2        equ	4062	;# 
   881   000FDF                     INDF2           equ	4063	;# 
   882   000FE0                     BSR             equ	4064	;# 
   883   000FE1                     FSR1            equ	4065	;# 
   884   000FE1                     FSR1L           equ	4065	;# 
   885   000FE2                     FSR1H           equ	4066	;# 
   886   000FE3                     PLUSW1          equ	4067	;# 
   887   000FE4                     PREINC1         equ	4068	;# 
   888   000FE5                     POSTDEC1        equ	4069	;# 
   889   000FE6                     POSTINC1        equ	4070	;# 
   890   000FE7                     INDF1           equ	4071	;# 
   891   000FE8                     WREG            equ	4072	;# 
   892   000FE9                     FSR0            equ	4073	;# 
   893   000FE9                     FSR0L           equ	4073	;# 
   894   000FEA                     FSR0H           equ	4074	;# 
   895   000FEB                     PLUSW0          equ	4075	;# 
   896   000FEC                     PREINC0         equ	4076	;# 
   897   000FED                     POSTDEC0        equ	4077	;# 
   898   000FEE                     POSTINC0        equ	4078	;# 
   899   000FEF                     INDF0           equ	4079	;# 
   900   000FF0                     INTCON3         equ	4080	;# 
   901   000FF1                     INTCON2         equ	4081	;# 
   902   000FF2                     INTCON          equ	4082	;# 
   903   000FF3                     PROD            equ	4083	;# 
   904   000FF3                     PRODL           equ	4083	;# 
   905   000FF4                     PRODH           equ	4084	;# 
   906   000FF5                     TABLAT          equ	4085	;# 
   907   000FF6                     TBLPTR          equ	4086	;# 
   908   000FF6                     TBLPTRL         equ	4086	;# 
   909   000FF7                     TBLPTRH         equ	4087	;# 
   910   000FF8                     TBLPTRU         equ	4088	;# 
   911   000FF9                     PCLAT           equ	4089	;# 
   912   000FF9                     PC              equ	4089	;# 
   913   000FF9                     PCL             equ	4089	;# 
   914   000FFA                     PCLATH          equ	4090	;# 
   915   000FFB                     PCLATU          equ	4091	;# 
   916   000FFC                     STKPTR          equ	4092	;# 
   917   000FFD                     TOS             equ	4093	;# 
   918   000FFD                     TOSL            equ	4093	;# 
   919   000FFE                     TOSH            equ	4094	;# 
   920   000FFF                     TOSU            equ	4095	;# 
   921                           
   922                           	psect	idataCOMRAM
   923   0007AA                     __pidataCOMRAM:
   924                           	callstack 0
   925                           
   926                           ;initializer for main@F10492
   927   0007AA  30                 	db	48
   928   0007AB  30                 	db	48
   929   0007AC  30                 	db	48
   930   0007AD  30                 	db	48
   931   0007AE  30                 	db	48
   932   0007AF  30                 	db	48
   933   0007B0  30                 	db	48
   934   0007B1  30                 	db	48
   935   0007B2  30                 	db	48
   936   0007B3  30                 	db	48
   937   0007B4  00                 	db	0
   938   000F94                     _TRISC          set	3988
   939   000F95                     _TRISD          set	3989
   940   000F83                     _PORTD          set	3971
   941   007C1F                     _RD7            set	31775
   942   007C10                     _RC0            set	31760
   943   007CAF                     _TRISD7         set	31919
   944   007C12                     _RC2            set	31762
   945   007C11                     _RC1            set	31761
   946                           
   947                           ; #config settings
   948                           
   949                           	psect	cinit
   950   000784                     __pcinit:
   951                           	callstack 0
   952   000784                     start_initialization:
   953                           	callstack 0
   954   000784                     __initialization:
   955                           	callstack 0
   956                           
   957                           ; Initialize objects allocated to COMRAM (11 bytes)
   958                           ; load TBLPTR registers with __pidataCOMRAM
   959   000784  0EAA               	movlw	low __pidataCOMRAM
   960   000786  6EF6               	movwf	tblptrl,c
   961   000788  0E07               	movlw	high __pidataCOMRAM
   962   00078A  6EF7               	movwf	tblptrh,c
   963   00078C  0E00               	movlw	low (__pidataCOMRAM shr (0+16))
   964   00078E  6EF8               	movwf	tblptru,c
   965   000790  EE00  F012         	lfsr	0,__pdataCOMRAM
   966   000794  EE10 F00B          	lfsr	1,11
   967   000798                     copy_data0:
   968   000798  0009               	tblrd		*+
   969   00079A  CFF5 FFEE          	movff	tablat,postinc0
   970   00079E  50E5               	movf	postdec1,w,c
   971   0007A0  50E1               	movf	fsr1l,w,c
   972   0007A2  E1FA               	bnz	copy_data0
   973   0007A4                     end_of_initialization:
   974                           	callstack 0
   975   0007A4                     __end_of__initialization:
   976                           	callstack 0
   977   0007A4  0100               	movlb	0
   978   0007A6  EF54  F003         	goto	_main	;jump to C main() function
   979                           
   980                           	psect	dataCOMRAM
   981   000012                     __pdataCOMRAM:
   982                           	callstack 0
   983   000012                     main@F10492:
   984                           	callstack 0
   985   000012                     	ds	11
   986                           
   987                           	psect	cstackCOMRAM
   988   000001                     __pcstackCOMRAM:
   989                           	callstack 0
   990   000001                     clcd_write@control_bit:
   991                           	callstack 0
   992                           
   993                           ; 1 bytes @ 0x0
   994   000001                     	ds	1
   995   000002                     clcd_write@byte:
   996                           	callstack 0
   997   000002                     
   998                           ; 1 bytes @ 0x1
   999   000002                     	ds	1
  1000   000003                     ??_init_clcd:
  1001                           
  1002                           ; 1 bytes @ 0x2
  1003   000003                     	ds	1
  1004   000004                     
  1005                           ; 1 bytes @ 0x3
  1006   000004                     	ds	1
  1007   000005                     main@str:
  1008                           	callstack 0
  1009                           
  1010                           ; 11 bytes @ 0x4
  1011   000005                     	ds	11
  1012   000010                     main@i:
  1013                           	callstack 0
  1014                           
  1015                           ; 2 bytes @ 0xF
  1016   000010                     	ds	2
  1017                           
  1018 ;;
  1019 ;;Main: autosize = 0, tempsize = 1, incstack = 0, save=0
  1020 ;;
  1021 ;; *************** function _main *****************
  1022 ;; Defined at:
  1023 ;;		line 17 in file "main.c"
  1024 ;; Parameters:    Size  Location     Type
  1025 ;;		None
  1026 ;; Auto vars:     Size  Location     Type
  1027 ;;  i               2   15[COMRAM] int 
  1028 ;;  str            11    4[COMRAM] unsigned char [11]
  1029 ;; Return value:  Size  Location     Type
  1030 ;;                  1    wreg      void 
  1031 ;; Registers used:
  1032 ;;		wreg, fsr1l, fsr1h, fsr2l, fsr2h, status,2, status,0, cstack
  1033 ;; Tracked objects:
  1034 ;;		On entry : 0/0
  1035 ;;		On exit  : 0/0
  1036 ;;		Unchanged: 0/0
  1037 ;; Data sizes:     COMRAM   BANK0   BANK1   BANK2   BANK3   BANK4   BANK5
  1038 ;;      Params:         0       0       0       0       0       0       0
  1039 ;;      Locals:        13       0       0       0       0       0       0
  1040 ;;      Temps:          1       0       0       0       0       0       0
  1041 ;;      Totals:        14       0       0       0       0       0       0
  1042 ;;Total ram usage:       14 bytes
  1043 ;; Hardware stack levels required when called: 3
  1044 ;; This function calls:
  1045 ;;		_init_config
  1046 ;; This function is called by:
  1047 ;;		Startup code after reset
  1048 ;; This function uses a non-reentrant model
  1049 ;;
  1050                           
  1051                           	psect	text0
  1052   0006A8                     __ptext0:
  1053                           	callstack 0
  1054   0006A8                     _main:
  1055                           	callstack 28
  1056   0006A8                     
  1057                           ;main.c: 18:     init_config();
  1058   0006A8  ECDB  F003         	call	_init_config	;wreg free
  1059   0006AC                     
  1060                           ;main.c: 19:     char str[] = "0000000000";
  1061   0006AC  EE20  F012         	lfsr	2,main@F10492
  1062   0006B0  EE10  F005         	lfsr	1,main@str
  1063   0006B4  0E0A               	movlw	10
  1064   0006B6                     u131:
  1065   0006B6  CFDB FFE3          	movff	plusw2,plusw1
  1066   0006BA  06E8               	decf	wreg,f,c
  1067   0006BC  E2FC               	bc	u131
  1068   0006BE                     l1006:
  1069                           
  1070                           ;main.c: 22:         str[9]++;
  1071   0006BE  2A0E               	incf	(main@str+9)^0,f,c
  1072   0006C0                     
  1073                           ;main.c: 24:         if (str[9] == '9') {
  1074   0006C0  0E39               	movlw	57
  1075   0006C2  180E               	xorwf	(main@str+9)^0,w,c
  1076   0006C4  A4D8               	btfss	status,2,c
  1077   0006C6  EF67  F003         	goto	u141
  1078   0006CA  EF69  F003         	goto	u140
  1079   0006CE                     u141:
  1080   0006CE  EF5F  F003         	goto	l1006
  1081   0006D2                     u140:
  1082   0006D2                     
  1083                           ;main.c: 25:             int i = 8;
  1084   0006D2  6A11               	clrf	(main@i+1)^0,c
  1085   0006D4  0E08               	movlw	8
  1086   0006D6  6E10               	movwf	main@i^0,c
  1087   0006D8                     l1016:
  1088                           
  1089                           ;main.c: 27:                 if (str[i] != '9') {
  1090   0006D8  5010               	movf	main@i^0,w,c
  1091   0006DA  0F05               	addlw	low main@str
  1092   0006DC  6ED9               	movwf	fsr2l,c
  1093   0006DE  6ADA               	clrf	fsr2h,c
  1094   0006E0  0E39               	movlw	57
  1095   0006E2  18DE               	xorwf	postinc2,w,c
  1096   0006E4  B4D8               	btfsc	status,2,c
  1097   0006E6  EF77  F003         	goto	u151
  1098   0006EA  EF79  F003         	goto	u150
  1099   0006EE                     u151:
  1100   0006EE  EF80  F003         	goto	l1020
  1101   0006F2                     u150:
  1102   0006F2                     
  1103                           ;main.c: 28:                     str[i]++;
  1104   0006F2  5010               	movf	main@i^0,w,c
  1105   0006F4  0F05               	addlw	low main@str
  1106   0006F6  6ED9               	movwf	fsr2l,c
  1107   0006F8  6ADA               	clrf	fsr2h,c
  1108   0006FA  2ADF               	incf	indf2,f,c
  1109                           
  1110                           ;main.c: 29:                     break;
  1111   0006FC  EF89  F003         	goto	l1024
  1112   000700                     l1020:
  1113                           
  1114                           ;main.c: 31:             }
  1115   000700  4A10               	infsnz	main@i^0,f,c
  1116   000702  2A11               	incf	(main@i+1)^0,f,c
  1117   000704  BE11               	btfsc	(main@i+1)^0,7,c
  1118   000706  EF89  F003         	goto	u160
  1119   00070A  EF87  F003         	goto	u161
  1120   00070E                     u161:
  1121   00070E  EF6C  F003         	goto	l1016
  1122   000712                     u160:
  1123   000712                     l1024:
  1124                           
  1125                           ;main.c: 32:             i++;
  1126   000712  4A10               	infsnz	main@i^0,f,c
  1127   000714  2A11               	incf	(main@i+1)^0,f,c
  1128   000716                     
  1129                           ;main.c: 33:             for (; i < 10; i++) {
  1130   000716  BE11               	btfsc	(main@i+1)^0,7,c
  1131   000718  EF97  F003         	goto	u171
  1132   00071C  5011               	movf	(main@i+1)^0,w,c
  1133   00071E  E109               	bnz	u170
  1134   000720  0E0A               	movlw	10
  1135   000722  5C10               	subwf	main@i^0,w,c
  1136   000724  A0D8               	btfss	status,0,c
  1137   000726  EF97  F003         	goto	u171
  1138   00072A  EF99  F003         	goto	u170
  1139   00072E                     u171:
  1140   00072E  EF9B  F003         	goto	l1030
  1141   000732                     u170:
  1142   000732  EF5F  F003         	goto	l1006
  1143   000736                     l1030:
  1144                           
  1145                           ;main.c: 34:                 str[i] = '0';
  1146   000736  5010               	movf	main@i^0,w,c
  1147   000738  0F05               	addlw	low main@str
  1148   00073A  6ED9               	movwf	fsr2l,c
  1149   00073C  6ADA               	clrf	fsr2h,c
  1150   00073E  0E30               	movlw	48
  1151   000740  6EDF               	movwf	indf2,c
  1152   000742  EF89  F003         	goto	l1024
  1153   000746  EFFE  F03F         	goto	start
  1154   00074A                     __end_of_main:
  1155                           	callstack 0
  1156                           
  1157 ;; *************** function _init_config *****************
  1158 ;; Defined at:
  1159 ;;		line 13 in file "main.c"
  1160 ;; Parameters:    Size  Location     Type
  1161 ;;		None
  1162 ;; Auto vars:     Size  Location     Type
  1163 ;;		None
  1164 ;; Return value:  Size  Location     Type
  1165 ;;                  1    wreg      void 
  1166 ;; Registers used:
  1167 ;;		wreg, status,2, status,0, cstack
  1168 ;; Tracked objects:
  1169 ;;		On entry : 0/0
  1170 ;;		On exit  : 0/0
  1171 ;;		Unchanged: 0/0
  1172 ;; Data sizes:     COMRAM   BANK0   BANK1   BANK2   BANK3   BANK4   BANK5
  1173 ;;      Params:         0       0       0       0       0       0       0
  1174 ;;      Locals:         0       0       0       0       0       0       0
  1175 ;;      Temps:          0       0       0       0       0       0       0
  1176 ;;      Totals:         0       0       0       0       0       0       0
  1177 ;;Total ram usage:        0 bytes
  1178 ;; Hardware stack levels used: 1
  1179 ;; Hardware stack levels required when called: 2
  1180 ;; This function calls:
  1181 ;;		_init_clcd
  1182 ;; This function is called by:
  1183 ;;		_main
  1184 ;; This function uses a non-reentrant model
  1185 ;;
  1186                           
  1187                           	psect	text1
  1188   0007B6                     __ptext1:
  1189                           	callstack 0
  1190   0007B6                     _init_config:
  1191                           	callstack 28
  1192   0007B6                     
  1193                           ;main.c: 14:     init_clcd();
  1194   0007B6  EC01  F003         	call	_init_clcd	;wreg free
  1195   0007BA  0012               	return		;funcret
  1196   0007BC                     __end_of_init_config:
  1197                           	callstack 0
  1198                           
  1199 ;; *************** function _init_clcd *****************
  1200 ;; Defined at:
  1201 ;;		line 27 in file "clcd.c"
  1202 ;; Parameters:    Size  Location     Type
  1203 ;;		None
  1204 ;; Auto vars:     Size  Location     Type
  1205 ;;		None
  1206 ;; Return value:  Size  Location     Type
  1207 ;;                  1    wreg      void 
  1208 ;; Registers used:
  1209 ;;		wreg, status,2, status,0, cstack
  1210 ;; Tracked objects:
  1211 ;;		On entry : 0/0
  1212 ;;		On exit  : 0/0
  1213 ;;		Unchanged: 0/0
  1214 ;; Data sizes:     COMRAM   BANK0   BANK1   BANK2   BANK3   BANK4   BANK5
  1215 ;;      Params:         0       0       0       0       0       0       0
  1216 ;;      Locals:         0       0       0       0       0       0       0
  1217 ;;      Temps:          1       0       0       0       0       0       0
  1218 ;;      Totals:         1       0       0       0       0       0       0
  1219 ;;Total ram usage:        1 bytes
  1220 ;; Hardware stack levels used: 1
  1221 ;; Hardware stack levels required when called: 1
  1222 ;; This function calls:
  1223 ;;		_clcd_write
  1224 ;; This function is called by:
  1225 ;;		_init_config
  1226 ;; This function uses a non-reentrant model
  1227 ;;
  1228                           
  1229                           	psect	text2
  1230   000602                     __ptext2:
  1231                           	callstack 0
  1232   000602                     _init_clcd:
  1233                           	callstack 28
  1234   000602                     
  1235                           ;clcd.c: 30:  TRISD = 0x00;
  1236   000602  6A95               	clrf	149,c	;volatile
  1237   000604                     
  1238                           ;clcd.c: 32:  TRISC = TRISC & 0xF8;
  1239   000604  5094               	movf	148,w,c	;volatile
  1240   000606  0BF8               	andlw	248
  1241   000608  6E94               	movwf	148,c	;volatile
  1242   00060A                     
  1243                           ;clcd.c: 34:  RC0 = 0;
  1244   00060A  9082               	bcf	3970,0,c	;volatile
  1245   00060C                     
  1246                           ;clcd.c: 38:     _delay((unsigned long)((30)*(20000000/4000.0)));
  1247   00060C  0EC3               	movlw	195
  1248   00060E  6E03               	movwf	??_init_clcd^0,c
  1249   000610  0ECD               	movlw	205
  1250   000612                     u197:
  1251   000612  2EE8               	decfsz	wreg,f,c
  1252   000614  D7FE               	bra	u197
  1253   000616  2E03               	decfsz	??_init_clcd^0,f,c
  1254   000618  D7FC               	bra	u197
  1255   00061A  0000               	nop	
  1256   00061C                     
  1257                           ;clcd.c: 41:     clcd_write(0x33, 0 );
  1258   00061C  0E00               	movlw	0
  1259   00061E  6E01               	movwf	clcd_write@control_bit^0,c
  1260   000620  0E33               	movlw	51
  1261   000622  ECA5  F003         	call	_clcd_write
  1262   000626                     
  1263                           ;clcd.c: 42:     _delay((unsigned long)((4100)*(20000000/4000000.0)));
  1264   000626  0E1B               	movlw	27
  1265   000628  6E03               	movwf	??_init_clcd^0,c
  1266   00062A  0E9E               	movlw	158
  1267   00062C                     u207:
  1268   00062C  2EE8               	decfsz	wreg,f,c
  1269   00062E  D7FE               	bra	u207
  1270   000630  2E03               	decfsz	??_init_clcd^0,f,c
  1271   000632  D7FC               	bra	u207
  1272   000634  D000               	nop2	
  1273   000636                     
  1274                           ;clcd.c: 43:     clcd_write(0x33, 0 );
  1275   000636  0E00               	movlw	0
  1276   000638  6E01               	movwf	clcd_write@control_bit^0,c
  1277   00063A  0E33               	movlw	51
  1278   00063C  ECA5  F003         	call	_clcd_write
  1279   000640                     
  1280                           ;clcd.c: 44:     _delay((unsigned long)((100)*(20000000/4000000.0)));
  1281   000640  0EA6               	movlw	166
  1282   000642                     u217:
  1283   000642  2EE8               	decfsz	wreg,f,c
  1284   000644  D7FE               	bra	u217
  1285   000646  D000               	nop2	
  1286   000648                     
  1287                           ;clcd.c: 45:     clcd_write(0x33, 0 );
  1288   000648  0E00               	movlw	0
  1289   00064A  6E01               	movwf	clcd_write@control_bit^0,c
  1290   00064C  0E33               	movlw	51
  1291   00064E  ECA5  F003         	call	_clcd_write
  1292   000652                     
  1293                           ;clcd.c: 46:     _delay((unsigned long)((1)*(20000000/4000000.0)));
  1294   000652  D000               	nop2		;2 cycle nop
  1295   000654  D000               	nop2		;2 cycle nop
  1296   000656  0000               	nop	
  1297   000658                     
  1298                           ;clcd.c: 48:     clcd_write(0x02, 0);
  1299   000658  0E00               	movlw	0
  1300   00065A  6E01               	movwf	clcd_write@control_bit^0,c
  1301   00065C  0E02               	movlw	2
  1302   00065E  ECA5  F003         	call	_clcd_write
  1303   000662                     
  1304                           ;clcd.c: 49:     _delay((unsigned long)((100)*(20000000/4000000.0)));
  1305   000662  0EA6               	movlw	166
  1306   000664                     u227:
  1307   000664  2EE8               	decfsz	wreg,f,c
  1308   000666  D7FE               	bra	u227
  1309   000668  D000               	nop2	
  1310   00066A                     
  1311                           ;clcd.c: 50:     clcd_write(0x38, 0);
  1312   00066A  0E00               	movlw	0
  1313   00066C  6E01               	movwf	clcd_write@control_bit^0,c
  1314   00066E  0E38               	movlw	56
  1315   000670  ECA5  F003         	call	_clcd_write
  1316   000674                     
  1317                           ;clcd.c: 51:     _delay((unsigned long)((100)*(20000000/4000000.0)));
  1318   000674  0EA6               	movlw	166
  1319   000676                     u237:
  1320   000676  2EE8               	decfsz	wreg,f,c
  1321   000678  D7FE               	bra	u237
  1322   00067A  D000               	nop2	
  1323   00067C                     
  1324                           ;clcd.c: 52:     clcd_write(0x01, 0);
  1325   00067C  0E00               	movlw	0
  1326   00067E  6E01               	movwf	clcd_write@control_bit^0,c
  1327   000680  0E01               	movlw	1
  1328   000682  ECA5  F003         	call	_clcd_write
  1329   000686                     
  1330                           ;clcd.c: 53:     _delay((unsigned long)((500)*(20000000/4000000.0)));
  1331   000686  0E04               	movlw	4
  1332   000688  6E03               	movwf	??_init_clcd^0,c
  1333   00068A  0E3E               	movlw	62
  1334   00068C                     u247:
  1335   00068C  2EE8               	decfsz	wreg,f,c
  1336   00068E  D7FE               	bra	u247
  1337   000690  2E03               	decfsz	??_init_clcd^0,f,c
  1338   000692  D7FC               	bra	u247
  1339   000694                     
  1340                           ;clcd.c: 54:     clcd_write(0x0C, 0);
  1341   000694  0E00               	movlw	0
  1342   000696  6E01               	movwf	clcd_write@control_bit^0,c
  1343   000698  0E0C               	movlw	12
  1344   00069A  ECA5  F003         	call	_clcd_write
  1345   00069E                     
  1346                           ;clcd.c: 55:     _delay((unsigned long)((100)*(20000000/4000000.0)));
  1347   00069E  0EA6               	movlw	166
  1348   0006A0                     u257:
  1349   0006A0  2EE8               	decfsz	wreg,f,c
  1350   0006A2  D7FE               	bra	u257
  1351   0006A4  D000               	nop2	
  1352   0006A6  0012               	return		;funcret
  1353   0006A8                     __end_of_init_clcd:
  1354                           	callstack 0
  1355                           
  1356 ;; *************** function _clcd_write *****************
  1357 ;; Defined at:
  1358 ;;		line 4 in file "clcd.c"
  1359 ;; Parameters:    Size  Location     Type
  1360 ;;  byte            1    wreg     unsigned char 
  1361 ;;  control_bit     1    0[COMRAM] unsigned char 
  1362 ;; Auto vars:     Size  Location     Type
  1363 ;;  byte            1    1[COMRAM] unsigned char 
  1364 ;; Return value:  Size  Location     Type
  1365 ;;                  1    wreg      void 
  1366 ;; Registers used:
  1367 ;;		wreg
  1368 ;; Tracked objects:
  1369 ;;		On entry : 0/0
  1370 ;;		On exit  : 0/0
  1371 ;;		Unchanged: 0/0
  1372 ;; Data sizes:     COMRAM   BANK0   BANK1   BANK2   BANK3   BANK4   BANK5
  1373 ;;      Params:         1       0       0       0       0       0       0
  1374 ;;      Locals:         1       0       0       0       0       0       0
  1375 ;;      Temps:          0       0       0       0       0       0       0
  1376 ;;      Totals:         2       0       0       0       0       0       0
  1377 ;;Total ram usage:        2 bytes
  1378 ;; Hardware stack levels used: 1
  1379 ;; This function calls:
  1380 ;;		Nothing
  1381 ;; This function is called by:
  1382 ;;		_init_clcd
  1383 ;;		_clcd_print
  1384 ;;		_clcd_putch
  1385 ;; This function uses a non-reentrant model
  1386 ;;
  1387                           
  1388                           	psect	text3
  1389   00074A                     __ptext3:
  1390                           	callstack 0
  1391   00074A                     _clcd_write:
  1392                           	callstack 28
  1393                           
  1394                           ;incstack = 0
  1395                           ;clcd_write@byte stored from wreg
  1396   00074A  6E02               	movwf	clcd_write@byte^0,c
  1397   00074C                     
  1398                           ;clcd.c: 4: void clcd_write(unsigned char byte, unsigned char control_bit);clcd.c: 5: {;
      +                          clcd.c: 6:  RC1 = control_bit;
  1399   00074C  B001               	btfsc	clcd_write@control_bit^0,0,c
  1400   00074E  EFAB  F003         	goto	u101
  1401   000752  EFAE  F003         	goto	u100
  1402   000756                     u101:
  1403   000756  8282               	bsf	3970,1,c	;volatile
  1404   000758  EFAF  F003         	goto	u115
  1405   00075C                     u100:
  1406   00075C  9282               	bcf	3970,1,c	;volatile
  1407   00075E                     u115:
  1408   00075E                     
  1409                           ;clcd.c: 7:  PORTD = byte;
  1410   00075E  C002  FF83         	movff	clcd_write@byte,3971	;volatile
  1411   000762                     
  1412                           ;clcd.c: 10:  RC2 = 1;
  1413   000762  8482               	bsf	3970,2,c	;volatile
  1414   000764                     
  1415                           ;clcd.c: 11:  RC2 = 0;
  1416   000764  9482               	bcf	3970,2,c	;volatile
  1417   000766                     
  1418                           ;clcd.c: 13:  TRISD7 = 0xFF;
  1419   000766  8E95               	bsf	3989,7,c	;volatile
  1420   000768                     
  1421                           ;clcd.c: 14:  RC0 = 1;
  1422   000768  8082               	bsf	3970,0,c	;volatile
  1423   00076A                     
  1424                           ;clcd.c: 15:  RC1 = 0;
  1425   00076A  9282               	bcf	3970,1,c	;volatile
  1426   00076C                     l958:
  1427                           
  1428                           ;clcd.c: 18:  {;clcd.c: 19:   RC2 = 1;
  1429   00076C  8482               	bsf	3970,2,c	;volatile
  1430   00076E                     
  1431                           ;clcd.c: 20:   RC2 = 0;
  1432   00076E  9482               	bcf	3970,2,c	;volatile
  1433   000770                     
  1434                           ;clcd.c: 21:  } while (RD7);
  1435   000770  BE83               	btfsc	3971,7,c	;volatile
  1436   000772  EFBD  F003         	goto	u121
  1437   000776  EFBF  F003         	goto	u120
  1438   00077A                     u121:
  1439   00077A  EFB6  F003         	goto	l958
  1440   00077E                     u120:
  1441   00077E                     
  1442                           ;clcd.c: 23:  RC0 = 0;
  1443   00077E  9082               	bcf	3970,0,c	;volatile
  1444                           
  1445                           ;clcd.c: 24:  TRISD7 = 0x00;
  1446   000780  9E95               	bcf	3989,7,c	;volatile
  1447   000782  0012               	return		;funcret
  1448   000784                     __end_of_clcd_write:
  1449                           	callstack 0
  1450                           
  1451                           	psect	smallconst
  1452   000600                     __psmallconst:
  1453                           	callstack 0
  1454   000600  00                 	db	0
  1455   000601  00                 	db	0	; dummy byte at the end
  1456   000600                     __smallconst    set	__psmallconst
  1457   000600                     __mediumconst   set	__psmallconst
  1458   000000                     __activetblptr  equ	0
  1459                           
  1460                           	psect	rparam
  1461   000001                     ___rparam_used  equ	1
  1462   000000                     ___param_bank   equ	0
  1463   000000                     __Lparam        equ	__Lrparam
  1464   000000                     __Hparam        equ	__Hrparam
  1465                           
  1466                           	psect	idloc
  1467                           
  1468                           ;Config register IDLOC0 @ 0x200000
  1469                           ;	unspecified, using default values
  1470   200000                     	org	2097152
  1471   200000  FF                 	db	255
  1472                           
  1473                           ;Config register IDLOC1 @ 0x200001
  1474                           ;	unspecified, using default values
  1475   200001                     	org	2097153
  1476   200001  FF                 	db	255
  1477                           
  1478                           ;Config register IDLOC2 @ 0x200002
  1479                           ;	unspecified, using default values
  1480   200002                     	org	2097154
  1481   200002  FF                 	db	255
  1482                           
  1483                           ;Config register IDLOC3 @ 0x200003
  1484                           ;	unspecified, using default values
  1485   200003                     	org	2097155
  1486   200003  FF                 	db	255
  1487                           
  1488                           ;Config register IDLOC4 @ 0x200004
  1489                           ;	unspecified, using default values
  1490   200004                     	org	2097156
  1491   200004  FF                 	db	255
  1492                           
  1493                           ;Config register IDLOC5 @ 0x200005
  1494                           ;	unspecified, using default values
  1495   200005                     	org	2097157
  1496   200005  FF                 	db	255
  1497                           
  1498                           ;Config register IDLOC6 @ 0x200006
  1499                           ;	unspecified, using default values
  1500   200006                     	org	2097158
  1501   200006  FF                 	db	255
  1502                           
  1503                           ;Config register IDLOC7 @ 0x200007
  1504                           ;	unspecified, using default values
  1505   200007                     	org	2097159
  1506   200007  FF                 	db	255
  1507                           
  1508                           	psect	config
  1509                           
  1510                           ; Padding undefined space
  1511   300000                     	org	3145728
  1512   300000  FF                 	db	255
  1513                           
  1514                           ;Config register CONFIG1H @ 0x300001
  1515                           ;	unspecified, using default values
  1516                           ;	Oscillator Selection bits
  1517                           ;	OSC = 0x7, unprogrammed default
  1518                           ;	Fail-Safe Clock Monitor Enable bit
  1519                           ;	FCMEN = 0x0, unprogrammed default
  1520                           ;	Internal/External Oscillator Switchover bit
  1521                           ;	IESO = 0x0, unprogrammed default
  1522   300001                     	org	3145729
  1523   300001  07                 	db	7
  1524                           
  1525                           ;Config register CONFIG2L @ 0x300002
  1526                           ;	unspecified, using default values
  1527                           ;	Power-up Timer Enable bit
  1528                           ;	PWRT = 0x1, unprogrammed default
  1529                           ;	Brown-out Reset Enable bits
  1530                           ;	BOREN = 0x3, unprogrammed default
  1531                           ;	Brown-out Reset Voltage bits
  1532                           ;	BORV = 0x3, unprogrammed default
  1533   300002                     	org	3145730
  1534   300002  1F                 	db	31
  1535                           
  1536                           ;Config register CONFIG2H @ 0x300003
  1537                           ;	unspecified, using default values
  1538                           ;	Watchdog Timer Enable bit
  1539                           ;	WDT = 0x1, unprogrammed default
  1540                           ;	Watchdog Timer Postscale Select bits
  1541                           ;	WDTPS = 0xF, unprogrammed default
  1542   300003                     	org	3145731
  1543   300003  1F                 	db	31
  1544                           
  1545                           ; Padding undefined space
  1546   300004                     	org	3145732
  1547   300004  FF                 	db	255
  1548                           
  1549                           ;Config register CONFIG3H @ 0x300005
  1550                           ;	unspecified, using default values
  1551                           ;	PORTB A/D Enable bit
  1552                           ;	PBADEN = 0x1, unprogrammed default
  1553                           ;	Low-Power Timer 1 Oscillator Enable bit
  1554                           ;	LPT1OSC = 0x0, unprogrammed default
  1555                           ;	MCLR Pin Enable bit
  1556                           ;	MCLRE = 0x1, unprogrammed default
  1557   300005                     	org	3145733
  1558   300005  82                 	db	130
  1559                           
  1560                           ;Config register CONFIG4L @ 0x300006
  1561                           ;	unspecified, using default values
  1562                           ;	Stack Full/Underflow Reset Enable bit
  1563                           ;	STVREN = 0x1, unprogrammed default
  1564                           ;	Single-Supply ICSP Enable bit
  1565                           ;	LVP = 0x1, unprogrammed default
  1566                           ;	Boot Block Size Select bit
  1567                           ;	BBSIZ = 0x0, unprogrammed default
  1568                           ;	Extended Instruction Set Enable bit
  1569                           ;	XINST = 0x0, unprogrammed default
  1570                           ;	Background Debugger Enable bit
  1571                           ;	DEBUG = 0x1, unprogrammed default
  1572   300006                     	org	3145734
  1573   300006  85                 	db	133
  1574                           
  1575                           ; Padding undefined space
  1576   300007                     	org	3145735
  1577   300007  FF                 	db	255
  1578                           
  1579                           ;Config register CONFIG5L @ 0x300008
  1580                           ;	unspecified, using default values
  1581                           ;	Code Protection bit
  1582                           ;	CP0 = 0x1, unprogrammed default
  1583                           ;	Code Protection bit
  1584                           ;	CP1 = 0x1, unprogrammed default
  1585                           ;	Code Protection bit
  1586                           ;	CP2 = 0x1, unprogrammed default
  1587                           ;	Code Protection bit
  1588                           ;	CP3 = 0x1, unprogrammed default
  1589   300008                     	org	3145736
  1590   300008  0F                 	db	15
  1591                           
  1592                           ;Config register CONFIG5H @ 0x300009
  1593                           ;	unspecified, using default values
  1594                           ;	Boot Block Code Protection bit
  1595                           ;	CPB = 0x1, unprogrammed default
  1596                           ;	Data EEPROM Code Protection bit
  1597                           ;	CPD = 0x1, unprogrammed default
  1598   300009                     	org	3145737
  1599   300009  C0                 	db	192
  1600                           
  1601                           ;Config register CONFIG6L @ 0x30000A
  1602                           ;	unspecified, using default values
  1603                           ;	Write Protection bit
  1604                           ;	WRT0 = 0x1, unprogrammed default
  1605                           ;	Write Protection bit
  1606                           ;	WRT1 = 0x1, unprogrammed default
  1607                           ;	Write Protection bit
  1608                           ;	WRT2 = 0x1, unprogrammed default
  1609                           ;	Write Protection bit
  1610                           ;	WRT3 = 0x1, unprogrammed default
  1611   30000A                     	org	3145738
  1612   30000A  0F                 	db	15
  1613                           
  1614                           ;Config register CONFIG6H @ 0x30000B
  1615                           ;	unspecified, using default values
  1616                           ;	Configuration Register Write Protection bit
  1617                           ;	WRTC = 0x1, unprogrammed default
  1618                           ;	Boot Block Write Protection bit
  1619                           ;	WRTB = 0x1, unprogrammed default
  1620                           ;	Data EEPROM Write Protection bit
  1621                           ;	WRTD = 0x1, unprogrammed default
  1622   30000B                     	org	3145739
  1623   30000B  E0                 	db	224
  1624                           
  1625                           ;Config register CONFIG7L @ 0x30000C
  1626                           ;	unspecified, using default values
  1627                           ;	Table Read Protection bit
  1628                           ;	EBTR0 = 0x1, unprogrammed default
  1629                           ;	Table Read Protection bit
  1630                           ;	EBTR1 = 0x1, unprogrammed default
  1631                           ;	Table Read Protection bit
  1632                           ;	EBTR2 = 0x1, unprogrammed default
  1633                           ;	Table Read Protection bit
  1634                           ;	EBTR3 = 0x1, unprogrammed default
  1635   30000C                     	org	3145740
  1636   30000C  0F                 	db	15
  1637                           
  1638                           ;Config register CONFIG7H @ 0x30000D
  1639                           ;	unspecified, using default values
  1640                           ;	Boot Block Table Read Protection bit
  1641                           ;	EBTRB = 0x1, unprogrammed default
  1642   30000D                     	org	3145741
  1643   30000D  40                 	db	64
  1644                           tosu	equ	0xFFF
  1645                           tosh	equ	0xFFE
  1646                           tosl	equ	0xFFD
  1647                           stkptr	equ	0xFFC
  1648                           pclatu	equ	0xFFB
  1649                           pclath	equ	0xFFA
  1650                           pcl	equ	0xFF9
  1651                           tblptru	equ	0xFF8
  1652                           tblptrh	equ	0xFF7
  1653                           tblptrl	equ	0xFF6
  1654                           tablat	equ	0xFF5
  1655                           prodh	equ	0xFF4
  1656                           prodl	equ	0xFF3
  1657                           indf0	equ	0xFEF
  1658                           postinc0	equ	0xFEE
  1659                           postdec0	equ	0xFED
  1660                           preinc0	equ	0xFEC
  1661                           plusw0	equ	0xFEB
  1662                           fsr0h	equ	0xFEA
  1663                           fsr0l	equ	0xFE9
  1664                           wreg	equ	0xFE8
  1665                           indf1	equ	0xFE7
  1666                           postinc1	equ	0xFE6
  1667                           postdec1	equ	0xFE5
  1668                           preinc1	equ	0xFE4
  1669                           plusw1	equ	0xFE3
  1670                           fsr1h	equ	0xFE2
  1671                           fsr1l	equ	0xFE1
  1672                           bsr	equ	0xFE0
  1673                           indf2	equ	0xFDF
  1674                           postinc2	equ	0xFDE
  1675                           postdec2	equ	0xFDD
  1676                           preinc2	equ	0xFDC
  1677                           plusw2	equ	0xFDB
  1678                           fsr2h	equ	0xFDA
  1679                           fsr2l	equ	0xFD9
  1680                           status	equ	0xFD8

Data Sizes:
    Strings     0
    Constant    0
    Data        11
    BSS         0
    Persistent  0
    Stack       0

Auto Spaces:
    Space          Size  Autos    Used
    COMRAM           95     17      28
    BANK0           160      0       0
    BANK1           256      0       0
    BANK2           256      0       0
    BANK3           256      0       0
    BANK4           256      0       0
    BANK5           256      0       0

Pointer List with Targets:

    None.

Critical Paths under _main in COMRAM

    _init_config->_init_clcd
    _init_clcd->_clcd_write

Critical Paths under _main in BANK0

    None.

Critical Paths under _main in BANK1

    None.

Critical Paths under _main in BANK2

    None.

Critical Paths under _main in BANK3

    None.

Critical Paths under _main in BANK4

    None.

Critical Paths under _main in BANK5

    None.

Call Graph Tables:

 ---------------------------------------------------------------------------------
 (Depth) Function   	        Calls       Base Space   Used Autos Params    Refs
 ---------------------------------------------------------------------------------
 (0) _main                                                14    14      0     339
                                              3 COMRAM    14    14      0
                        _init_config
 ---------------------------------------------------------------------------------
 (1) _init_config                                          0     0      0      62
                          _init_clcd
 ---------------------------------------------------------------------------------
 (2) _init_clcd                                            1     1      0      62
                                              2 COMRAM     1     1      0
                         _clcd_write
 ---------------------------------------------------------------------------------
 (3) _clcd_write                                           2     1      1      62
                                              0 COMRAM     2     1      1
 ---------------------------------------------------------------------------------
 Estimated maximum stack depth 3
 ---------------------------------------------------------------------------------

 Call Graph Graphs:

 _main (ROOT)
   _init_config
     _init_clcd
       _clcd_write

Address spaces:
Name               Size   Autos  Total    Usage
BIGRAM            1535      0       0      0.0%
BITBIGSFRl         642      0       0      0.0%
BITBANK5           256      0       0      0.0%
BANK5              256      0       0      0.0%
BITBANK4           256      0       0      0.0%
BANK4              256      0       0      0.0%
BITBANK3           256      0       0      0.0%
BANK3              256      0       0      0.0%
BITBANK2           256      0       0      0.0%
BANK2              256      0       0      0.0%
BITBANK1           256      0       0      0.0%
BANK1              256      0       0      0.0%
BITBANK0           160      0       0      0.0%
BANK0              160      0       0      0.0%
BITBIGSFRh         125      0       0      0.0%
BITCOMRAM           95      0       0      0.0%
COMRAM              95     17      28     29.5%
STACK                0      0       0      0.0%
DATA                 0      0      28      0.0%


Microchip Technology PIC18 Macro Assembler V3.10 build 20250813170317 
Symbol Table                                                                                   Tue Mar 31 13:14:49 2026

                      l5 07BA                       l43 077E                       l44 0782  
                     l47 06A6                      l950 0764                      l960 076E  
                    l952 0766                      l944 074C                      l962 0770  
                    l954 0768                      l946 075E                      l970 060C  
                    l956 076A                      l948 0762                      l980 0648  
                    l972 061C                      l964 0602                      l958 076C  
                    l990 0674                      l982 0652                      l974 0626  
                    l966 0604                      l992 067C                      l984 0658  
                    l976 0636                      l968 060A                      l994 0686  
                    l986 0662                      l978 0640                      l996 0694  
                    l988 066A                      l998 069E                      _RC0 7C10  
                    _RC1 7C11                      _RC2 7C12                      u100 075C  
                    u101 0756                      _RD7 7C1F                      u120 077E  
                    u121 077A                      u115 075E                      u131 06B6  
                    u140 06D2                      u141 06CE                      u150 06F2  
                    u207 062C                      u151 06EE                      u160 0712  
                    u217 0642                      u161 070E                      u170 0732  
                    u227 0664                      u171 072E                      u237 0676  
                    u247 068C                      u257 06A0                      u197 0612  
                    wreg 0FE8                     l1000 07B6                     l1010 06D2  
                   l1002 06A8                     l1020 0700                     l1004 06AC  
                   l1030 0736                     l1022 0704                     l1006 06BE  
                   l1024 0712                     l1016 06D8                     l1008 06C0  
                   l1026 0716                     l1018 06F2                     _main 06A8  
                   fsr2h 0FDA                     indf2 0FDF                     fsr1l 0FE1  
                   fsr2l 0FD9                     start 7FFC             ___param_bank 0000  
         clcd_write@byte 0002                    ?_main 0001             ?_init_config 0001  
                  _PORTD 0F83                    _TRISC 0F94                    _TRISD 0F95  
                  main@i 0010                    tablat 0FF5                    plusw1 0FE3  
                  plusw2 0FDB                    status 0FD8          __initialization 0784  
           __end_of_main 074A                   ??_main 0004            __activetblptr 0000  
                 _TRISD7 7CAF                   isa$std 0001             __pdataCOMRAM 0012  
           __mediumconst 0600                   tblptrh 0FF7                   tblptrl 0FF6  
                 tblptru 0FF8               __accesstop 0060  __end_of__initialization 07A4  
          ___rparam_used 0001           __pcstackCOMRAM 0001               _clcd_write 074A  
                __Hparam 0000                  __Lparam 0000             __psmallconst 0600  
                __pcinit 0784                  __ramtop 0600                  __ptext0 06A8  
                __ptext1 07B6                  __ptext2 0602                  __ptext3 074A  
      __end_of_init_clcd 06A8                  main@str 0005     end_of_initialization 07A4  
            ?_clcd_write 0001                  postdec1 0FE5                  postinc0 0FEE  
                postinc2 0FDE               main@F10492 0012            __pidataCOMRAM 07AA  
    start_initialization 0784            ??_init_config 0004              __smallconst 0600  
              _init_clcd 0602      __end_of_init_config 07BC             ??_clcd_write 0002  
  clcd_write@control_bit 0001       __end_of_clcd_write 0784               ?_init_clcd 0001  
              copy_data0 0798                 __Hrparam 0000                 __Lrparam 0000  
            _init_config 07B6                 isa$xinst 0000              ??_init_clcd 0003  
